Experiment,Seed,Run,Iteration,BestFitness,AverageFitness,WorstFitness,Conflicts,ConstraintViolationScore,FacultySatisfaction,TeachingFactor,LearningFactor,MutationRate,IterationTimeSeconds
Base TLBO,20260715,1,1,56.7124,48.8629,0.0,0,0,66.25,1.5,0.4,0.15,0.1887
Base TLBO,20260715,1,2,56.7124,55.9519,55.2868,0,0,66.25,1.5,0.4,0.15,0.1605
Base TLBO,20260715,1,3,56.7124,56.1301,55.4044,0,0,66.25,1.5,0.4,0.15,0.1732
Base TLBO,20260715,1,4,56.7124,56.2936,55.5268,0,0,66.25,1.5,0.4,0.15,0.145
Base TLBO,20260715,1,5,56.7124,56.4418,55.5688,0,0,66.25,1.5,0.4,0.15,0.0922
Base TLBO,20260715,1,6,56.7124,56.5847,55.7692,0,0,66.25,1.5,0.4,0.15,0.1145
Base TLBO,20260715,1,7,56.7124,56.7027,56.6344,0,0,66.25,1.5,0.4,0.15,0.0931
Base TLBO,20260715,1,8,56.7124,56.7124,56.7124,0,0,66.25,1.5,0.4,0.15,0.0471
Base TLBO,20260715,1,9,56.7124,56.7124,56.7124,0,0,66.25,1.5,0.4,0.15,0.0482
Base TLBO,20260715,1,10,56.7124,56.7124,56.7124,0,0,66.25,1.5,0.4,0.15,0.0564
Base TLBO,20260715,1,11,56.7124,56.7124,56.7124,0,0,66.25,1.5,0.4,0.15,0.0542
Base TLBO,20260715,1,12,56.7124,56.7124,56.7124,0,0,66.25,1.5,0.4,0.15,0.0493
Base TLBO,20260715,1,13,56.7124,56.7124,56.7124,0,0,66.25,1.5,0.4,0.15,0.0467
Base TLBO,20260715,1,14,56.7124,56.7124,56.7124,0,0,66.25,1.5,0.4,0.15,0.047
Base TLBO,20260715,1,15,56.7124,56.7124,56.7124,0,0,66.25,1.5,0.4,0.15,0.0417
Base TLBO,20260715,1,16,56.7124,56.7124,56.7124,0,0,66.25,1.5,0.4,0.15,0.0439
Base TLBO,20260715,1,17,56.7124,56.7124,56.7124,0,0,66.25,1.5,0.4,0.15,0.0457
Base TLBO,20260715,1,18,56.7124,56.7124,56.7124,0,0,66.25,1.5,0.4,0.15,0.0667
Base TLBO,20260715,1,19,56.7124,56.7124,56.7124,0,0,66.25,1.5,0.4,0.15,0.0577
Base TLBO,20260715,1,20,56.7124,56.7124,56.7124,0,0,66.25,1.5,0.4,0.15,0.0625
Base TLBO,20260715,1,21,56.7124,56.7124,56.7124,0,0,66.25,1.5,0.4,0.15,0.0634
Base TLBO,20260715,1,22,56.7124,56.7124,56.7124,0,0,66.25,1.5,0.4,0.15,0.0517
Base TLBO,20260715,1,23,56.7124,56.7124,56.7124,0,0,66.25,1.5,0.4,0.15,0.0553
Base TLBO,20260715,1,24,56.7124,56.7124,56.7124,0,0,66.25,1.5,0.4,0.15,0.0682
Base TLBO,20260715,1,25,56.7124,56.7124,56.7124,0,0,66.25,1.5,0.4,0.15,0.0454
Base TLBO,20260715,1,26,56.7124,56.7124,56.7124,0,0,66.25,1.5,0.4,0.15,0.0523
Base TLBO,20260715,1,27,56.7124,56.7124,56.7124,0,0,66.25,1.5,0.4,0.15,0.0391
Base TLBO,20260715,1,28,56.7124,56.7124,56.7124,0,0,66.25,1.5,0.4,0.15,0.0426
Base TLBO,20260715,1,29,56.7124,56.7124,56.7124,0,0,66.25,1.5,0.4,0.15,0.0612
Base TLBO,20260715,1,30,56.7124,56.7124,56.7124,0,0,66.25,1.5,0.4,0.15,0.0432
Base TLBO,20260715,1,31,56.7124,56.7124,56.7124,0,0,66.25,1.5,0.4,0.15,0.042
Base TLBO,20260715,1,32,56.7124,56.7124,56.7124,0,0,66.25,1.5,0.4,0.15,0.0531
Base TLBO,20260715,1,33,56.7124,56.7124,56.7124,0,0,66.25,1.5,0.4,0.15,0.0391
Base TLBO,20260715,1,34,56.7124,56.7124,56.7124,0,0,66.25,1.5,0.4,0.15,0.0445
Base TLBO,20260715,1,35,56.7124,56.7124,56.7124,0,0,66.25,1.5,0.4,0.15,0.0539
Base TLBO,20260715,1,36,56.7124,56.7124,56.7124,0,0,66.25,1.5,0.4,0.15,0.0389
Base TLBO,20260715,1,37,56.7124,56.7124,56.7124,0,0,66.25,1.5,0.4,0.15,0.0395
Base TLBO,20260715,1,38,56.7124,56.7124,56.7124,0,0,66.25,1.5,0.4,0.15,0.0565
Base TLBO,20260715,1,39,56.7124,56.7124,56.7124,0,0,66.25,1.5,0.4,0.15,0.0582
Base TLBO,20260715,1,40,56.7124,56.7124,56.7124,0,0,66.25,1.5,0.4,0.15,0.0697
Base TLBO,20260715,1,41,56.7124,56.7124,56.7124,0,0,66.25,1.5,0.4,0.15,0.0674
Base TLBO,20260715,1,42,56.7124,56.7124,56.7124,0,0,66.25,1.5,0.4,0.15,0.0681
Base TLBO,20260715,1,43,56.7124,56.7124,56.7124,0,0,66.25,1.5,0.4,0.15,0.0571
Base TLBO,20260715,1,44,56.7124,56.7124,56.7124,0,0,66.25,1.5,0.4,0.15,0.0534
Base TLBO,20260715,1,45,56.7124,56.7124,56.7124,0,0,66.25,1.5,0.4,0.15,0.0605
Base TLBO,20260715,1,46,56.7124,56.7124,56.7124,0,0,66.25,1.5,0.4,0.15,0.0553
Base TLBO,20260715,1,47,56.7124,56.7124,56.7124,0,0,66.25,1.5,0.4,0.15,0.0536
Base TLBO,20260715,1,48,56.7124,56.7124,56.7124,0,0,66.25,1.5,0.4,0.15,0.047
Base TLBO,20260715,1,49,56.7124,56.7124,56.7124,0,0,66.25,1.5,0.4,0.15,0.0433
Base TLBO,20260715,1,50,56.7124,56.7124,56.7124,0,0,66.25,1.5,0.4,0.15,0.0476
Base TLBO,20260716,2,1,56.1508,34.8331,0.0,0,0,58.75,1.5,0.4,0.15,0.1751
Base TLBO,20260716,2,2,56.1508,41.852,0.0,0,0,58.75,1.5,0.4,0.15,0.1648
Base TLBO,20260716,2,3,56.1508,48.8708,0.0,0,0,58.75,1.5,0.4,0.15,0.1402
Base TLBO,20260716,2,4,56.1508,55.8896,55.3252,0,0,58.75,1.5,0.4,0.15,0.1121
Base TLBO,20260716,2,5,56.1508,55.9928,55.5268,0,0,58.75,1.5,0.4,0.15,0.111
Base TLBO,20260716,2,6,56.1508,56.0709,55.7236,0,0,58.75,1.5,0.4,0.15,0.086
Base TLBO,20260716,2,7,56.1508,56.1242,55.9384,0,0,58.75,1.5,0.4,0.15,0.0744
Base TLBO,20260716,2,8,56.1508,56.1508,56.1508,0,0,58.75,1.5,0.4,0.15,0.042
Base TLBO,20260716,2,9,56.1508,56.1508,56.1508,0,0,58.75,1.5,0.4,0.15,0.0504
Base TLBO,20260716,2,10,56.1508,56.1508,56.1508,0,0,58.75,1.5,0.4,0.15,0.0469
Base TLBO,20260716,2,11,56.1508,56.1508,56.1508,0,0,58.75,1.5,0.4,0.15,0.0392
Base TLBO,20260716,2,12,56.1508,56.1508,56.1508,0,0,58.75,1.5,0.4,0.15,0.0438
Base TLBO,20260716,2,13,56.1508,56.1508,56.1508,0,0,58.75,1.5,0.4,0.15,0.0389
Base TLBO,20260716,2,14,56.1508,56.1508,56.1508,0,0,58.75,1.5,0.4,0.15,0.0371
Base TLBO,20260716,2,15,56.1508,56.1508,56.1508,0,0,58.75,1.5,0.4,0.15,0.0431
Base TLBO,20260716,2,16,56.1508,56.1508,56.1508,0,0,58.75,1.5,0.4,0.15,0.0465
Base TLBO,20260716,2,17,56.1508,56.1508,56.1508,0,0,58.75,1.5,0.4,0.15,0.0502
Base TLBO,20260716,2,18,56.1508,56.1508,56.1508,0,0,58.75,1.5,0.4,0.15,0.0553
Base TLBO,20260716,2,19,56.1508,56.1508,56.1508,0,0,58.75,1.5,0.4,0.15,0.0498
Base TLBO,20260716,2,20,56.1508,56.1508,56.1508,0,0,58.75,1.5,0.4,0.15,0.0372
Base TLBO,20260716,2,21,56.1508,56.1508,56.1508,0,0,58.75,1.5,0.4,0.15,0.037
Base TLBO,20260716,2,22,56.1508,56.1508,56.1508,0,0,58.75,1.5,0.4,0.15,0.0432
Base TLBO,20260716,2,23,56.1508,56.1508,56.1508,0,0,58.75,1.5,0.4,0.15,0.0537
Base TLBO,20260716,2,24,56.1508,56.1508,56.1508,0,0,58.75,1.5,0.4,0.15,0.0461
Base TLBO,20260716,2,25,56.1508,56.1508,56.1508,0,0,58.75,1.5,0.4,0.15,0.046
Base TLBO,20260716,2,26,56.1508,56.1508,56.1508,0,0,58.75,1.5,0.4,0.15,0.0441
Base TLBO,20260716,2,27,56.1508,56.1508,56.1508,0,0,58.75,1.5,0.4,0.15,0.0459
Base TLBO,20260716,2,28,56.1508,56.1508,56.1508,0,0,58.75,1.5,0.4,0.15,0.0618
Base TLBO,20260716,2,29,56.1508,56.1508,56.1508,0,0,58.75,1.5,0.4,0.15,0.0546
Base TLBO,20260716,2,30,56.1508,56.1508,56.1508,0,0,58.75,1.5,0.4,0.15,0.0384
Base TLBO,20260716,2,31,56.1508,56.1508,56.1508,0,0,58.75,1.5,0.4,0.15,0.0389
Base TLBO,20260716,2,32,56.1508,56.1508,56.1508,0,0,58.75,1.5,0.4,0.15,0.0591
Base TLBO,20260716,2,33,56.1508,56.1508,56.1508,0,0,58.75,1.5,0.4,0.15,0.0517
Base TLBO,20260716,2,34,56.1508,56.1508,56.1508,0,0,58.75,1.5,0.4,0.15,0.0504
Base TLBO,20260716,2,35,56.1508,56.1508,56.1508,0,0,58.75,1.5,0.4,0.15,0.0381
Base TLBO,20260716,2,36,56.1508,56.1508,56.1508,0,0,58.75,1.5,0.4,0.15,0.04
Base TLBO,20260716,2,37,56.1508,56.1508,56.1508,0,0,58.75,1.5,0.4,0.15,0.0519
Base TLBO,20260716,2,38,56.1508,56.1508,56.1508,0,0,58.75,1.5,0.4,0.15,0.0522
Base TLBO,20260716,2,39,56.1508,56.1508,56.1508,0,0,58.75,1.5,0.4,0.15,0.0759
Base TLBO,20260716,2,40,56.1508,56.1508,56.1508,0,0,58.75,1.5,0.4,0.15,0.041
Base TLBO,20260716,2,41,56.1508,56.1508,56.1508,0,0,58.75,1.5,0.4,0.15,0.038
Base TLBO,20260716,2,42,56.1508,56.1508,56.1508,0,0,58.75,1.5,0.4,0.15,0.0373
Base TLBO,20260716,2,43,56.1508,56.1508,56.1508,0,0,58.75,1.5,0.4,0.15,0.0384
Base TLBO,20260716,2,44,56.1508,56.1508,56.1508,0,0,58.75,1.5,0.4,0.15,0.0412
Base TLBO,20260716,2,45,56.1508,56.1508,56.1508,0,0,58.75,1.5,0.4,0.15,0.0423
Base TLBO,20260716,2,46,56.1508,56.1508,56.1508,0,0,58.75,1.5,0.4,0.15,0.0378
Base TLBO,20260716,2,47,56.1508,56.1508,56.1508,0,0,58.75,1.5,0.4,0.15,0.0369
Base TLBO,20260716,2,48,56.1508,56.1508,56.1508,0,0,58.75,1.5,0.4,0.15,0.037
Base TLBO,20260716,2,49,56.1508,56.1508,56.1508,0,0,58.75,1.5,0.4,0.15,0.0371
Base TLBO,20260716,2,50,56.1508,56.1508,56.1508,0,0,58.75,1.5,0.4,0.15,0.037
Base TLBO,20260717,3,1,56.266,7.0332,0.0,0,0,67.5,1.5,0.4,0.15,0.1583
Base TLBO,20260717,3,2,56.266,14.0665,0.0,0,0,67.5,1.5,0.4,0.15,0.1548
Base TLBO,20260717,3,3,56.266,21.0998,0.0,0,0,67.5,1.5,0.4,0.15,0.1361
Base TLBO,20260717,3,4,56.266,28.133,0.0,0,0,67.5,1.5,0.4,0.15,0.112
Base TLBO,20260717,3,5,56.266,35.1662,0.0,0,0,67.5,1.5,0.4,0.15,0.0972
Base TLBO,20260717,3,6,56.266,42.1995,0.0,0,0,67.5,1.5,0.4,0.15,0.0919
Base TLBO,20260717,3,7,56.266,49.2327,0.0,0,0,67.5,1.5,0.4,0.15,0.056
Base TLBO,20260717,3,8,56.266,56.266,56.266,0,0,67.5,1.5,0.4,0.15,0.0445
Base TLBO,20260717,3,9,56.266,56.266,56.266,0,0,67.5,1.5,0.4,0.15,0.0462
Base TLBO,20260717,3,10,56.266,56.266,56.266,0,0,67.5,1.5,0.4,0.15,0.0403
Base TLBO,20260717,3,11,56.266,56.266,56.266,0,0,67.5,1.5,0.4,0.15,0.0395
Base TLBO,20260717,3,12,56.266,56.266,56.266,0,0,67.5,1.5,0.4,0.15,0.0371
Base TLBO,20260717,3,13,56.266,56.266,56.266,0,0,67.5,1.5,0.4,0.15,0.0376
Base TLBO,20260717,3,14,56.266,56.266,56.266,0,0,67.5,1.5,0.4,0.15,0.0418
Base TLBO,20260717,3,15,56.266,56.266,56.266,0,0,67.5,1.5,0.4,0.15,0.0369
Base TLBO,20260717,3,16,56.266,56.266,56.266,0,0,67.5,1.5,0.4,0.15,0.0382
Base TLBO,20260717,3,17,56.266,56.266,56.266,0,0,67.5,1.5,0.4,0.15,0.0376
Base TLBO,20260717,3,18,56.266,56.266,56.266,0,0,67.5,1.5,0.4,0.15,0.0372
Base TLBO,20260717,3,19,56.266,56.266,56.266,0,0,67.5,1.5,0.4,0.15,0.0371
Base TLBO,20260717,3,20,56.266,56.266,56.266,0,0,67.5,1.5,0.4,0.15,0.0388
Base TLBO,20260717,3,21,56.266,56.266,56.266,0,0,67.5,1.5,0.4,0.15,0.043
Base TLBO,20260717,3,22,56.266,56.266,56.266,0,0,67.5,1.5,0.4,0.15,0.0425
Base TLBO,20260717,3,23,56.266,56.266,56.266,0,0,67.5,1.5,0.4,0.15,0.0396
Base TLBO,20260717,3,24,56.266,56.266,56.266,0,0,67.5,1.5,0.4,0.15,0.0378
Base TLBO,20260717,3,25,56.266,56.266,56.266,0,0,67.5,1.5,0.4,0.15,0.0407
Base TLBO,20260717,3,26,56.266,56.266,56.266,0,0,67.5,1.5,0.4,0.15,0.0385
Base TLBO,20260717,3,27,56.266,56.266,56.266,0,0,67.5,1.5,0.4,0.15,0.0404
Base TLBO,20260717,3,28,56.266,56.266,56.266,0,0,67.5,1.5,0.4,0.15,0.0392
Base TLBO,20260717,3,29,56.266,56.266,56.266,0,0,67.5,1.5,0.4,0.15,0.0374
Base TLBO,20260717,3,30,56.266,56.266,56.266,0,0,67.5,1.5,0.4,0.15,0.0404
Base TLBO,20260717,3,31,56.266,56.266,56.266,0,0,67.5,1.5,0.4,0.15,0.0373
Base TLBO,20260717,3,32,56.266,56.266,56.266,0,0,67.5,1.5,0.4,0.15,0.0443
Base TLBO,20260717,3,33,56.266,56.266,56.266,0,0,67.5,1.5,0.4,0.15,0.0386
Base TLBO,20260717,3,34,56.266,56.266,56.266,0,0,67.5,1.5,0.4,0.15,0.0411
Base TLBO,20260717,3,35,56.266,56.266,56.266,0,0,67.5,1.5,0.4,0.15,0.041
Base TLBO,20260717,3,36,56.266,56.266,56.266,0,0,67.5,1.5,0.4,0.15,0.0448
Base TLBO,20260717,3,37,56.266,56.266,56.266,0,0,67.5,1.5,0.4,0.15,0.0456
Base TLBO,20260717,3,38,56.266,56.266,56.266,0,0,67.5,1.5,0.4,0.15,0.0371
Base TLBO,20260717,3,39,56.266,56.266,56.266,0,0,67.5,1.5,0.4,0.15,0.0379
Base TLBO,20260717,3,40,56.266,56.266,56.266,0,0,67.5,1.5,0.4,0.15,0.0457
Base TLBO,20260717,3,41,56.266,56.266,56.266,0,0,67.5,1.5,0.4,0.15,0.0472
Base TLBO,20260717,3,42,56.266,56.266,56.266,0,0,67.5,1.5,0.4,0.15,0.041
Base TLBO,20260717,3,43,56.266,56.266,56.266,0,0,67.5,1.5,0.4,0.15,0.0379
Base TLBO,20260717,3,44,56.266,56.266,56.266,0,0,67.5,1.5,0.4,0.15,0.0379
Base TLBO,20260717,3,45,56.266,56.266,56.266,0,0,67.5,1.5,0.4,0.15,0.0434
Base TLBO,20260717,3,46,56.266,56.266,56.266,0,0,67.5,1.5,0.4,0.15,0.0416
Base TLBO,20260717,3,47,56.266,56.266,56.266,0,0,67.5,1.5,0.4,0.15,0.0395
Base TLBO,20260717,3,48,56.266,56.266,56.266,0,0,67.5,1.5,0.4,0.15,0.0371
Base TLBO,20260717,3,49,56.266,56.266,56.266,0,0,67.5,1.5,0.4,0.15,0.0388
Base TLBO,20260717,3,50,56.266,56.266,56.266,0,0,67.5,1.5,0.4,0.15,0.0372
Base TLBO,20260718,4,1,56.422,42.0559,0.0,0,0,65.0,1.5,0.4,0.15,0.1918
Base TLBO,20260718,4,2,56.422,49.1087,0.0,0,0,65.0,1.5,0.4,0.15,0.1782
Base TLBO,20260718,4,3,56.422,56.1615,55.7008,0,0,65.0,1.5,0.4,0.15,0.1656
Base TLBO,20260718,4,4,56.422,56.2516,55.84,0,0,65.0,1.5,0.4,0.15,0.1387
Base TLBO,20260718,4,5,56.422,56.3243,56.068,0,0,65.0,1.5,0.4,0.15,0.1142
Base TLBO,20260718,4,6,56.422,56.3686,56.1508,0,0,65.0,1.5,0.4,0.15,0.1145
Base TLBO,20260718,4,7,56.422,56.4025,56.266,0,0,65.0,1.5,0.4,0.15,0.0613
Base TLBO,20260718,4,8,56.422,56.422,56.422,0,0,65.0,1.5,0.4,0.15,0.0412
Base TLBO,20260718,4,9,56.422,56.422,56.422,0,0,65.0,1.5,0.4,0.15,0.0437
Base TLBO,20260718,4,10,56.422,56.422,56.422,0,0,65.0,1.5,0.4,0.15,0.0415
Base TLBO,20260718,4,11,56.422,56.422,56.422,0,0,65.0,1.5,0.4,0.15,0.0424
Base TLBO,20260718,4,12,56.422,56.422,56.422,0,0,65.0,1.5,0.4,0.15,0.0373
Base TLBO,20260718,4,13,56.422,56.422,56.422,0,0,65.0,1.5,0.4,0.15,0.0407
Base TLBO,20260718,4,14,56.422,56.422,56.422,0,0,65.0,1.5,0.4,0.15,0.0437
Base TLBO,20260718,4,15,56.422,56.422,56.422,0,0,65.0,1.5,0.4,0.15,0.0368
Base TLBO,20260718,4,16,56.422,56.422,56.422,0,0,65.0,1.5,0.4,0.15,0.0368
Base TLBO,20260718,4,17,56.422,56.422,56.422,0,0,65.0,1.5,0.4,0.15,0.0403
Base TLBO,20260718,4,18,56.422,56.422,56.422,0,0,65.0,1.5,0.4,0.15,0.0393
Base TLBO,20260718,4,19,56.422,56.422,56.422,0,0,65.0,1.5,0.4,0.15,0.0376
Base TLBO,20260718,4,20,56.422,56.422,56.422,0,0,65.0,1.5,0.4,0.15,0.0576
Base TLBO,20260718,4,21,56.422,56.422,56.422,0,0,65.0,1.5,0.4,0.15,0.0375
Base TLBO,20260718,4,22,56.422,56.422,56.422,0,0,65.0,1.5,0.4,0.15,0.0375
Base TLBO,20260718,4,23,56.422,56.422,56.422,0,0,65.0,1.5,0.4,0.15,0.0387
Base TLBO,20260718,4,24,56.422,56.422,56.422,0,0,65.0,1.5,0.4,0.15,0.0396
Base TLBO,20260718,4,25,56.422,56.422,56.422,0,0,65.0,1.5,0.4,0.15,0.0379
Base TLBO,20260718,4,26,56.422,56.422,56.422,0,0,65.0,1.5,0.4,0.15,0.037
Base TLBO,20260718,4,27,56.422,56.422,56.422,0,0,65.0,1.5,0.4,0.15,0.038
Base TLBO,20260718,4,28,56.422,56.422,56.422,0,0,65.0,1.5,0.4,0.15,0.0417
Base TLBO,20260718,4,29,56.422,56.422,56.422,0,0,65.0,1.5,0.4,0.15,0.0373
Base TLBO,20260718,4,30,56.422,56.422,56.422,0,0,65.0,1.5,0.4,0.15,0.0388
Base TLBO,20260718,4,31,56.422,56.422,56.422,0,0,65.0,1.5,0.4,0.15,0.0408
Base TLBO,20260718,4,32,56.422,56.422,56.422,0,0,65.0,1.5,0.4,0.15,0.0377
Base TLBO,20260718,4,33,56.422,56.422,56.422,0,0,65.0,1.5,0.4,0.15,0.0432
Base TLBO,20260718,4,34,56.422,56.422,56.422,0,0,65.0,1.5,0.4,0.15,0.0388
Base TLBO,20260718,4,35,56.422,56.422,56.422,0,0,65.0,1.5,0.4,0.15,0.0423
Base TLBO,20260718,4,36,56.422,56.422,56.422,0,0,65.0,1.5,0.4,0.15,0.0466
Base TLBO,20260718,4,37,56.422,56.422,56.422,0,0,65.0,1.5,0.4,0.15,0.0389
Base TLBO,20260718,4,38,56.422,56.422,56.422,0,0,65.0,1.5,0.4,0.15,0.059
Base TLBO,20260718,4,39,56.422,56.422,56.422,0,0,65.0,1.5,0.4,0.15,0.0399
Base TLBO,20260718,4,40,56.422,56.422,56.422,0,0,65.0,1.5,0.4,0.15,0.038
Base TLBO,20260718,4,41,56.422,56.422,56.422,0,0,65.0,1.5,0.4,0.15,0.0369
Base TLBO,20260718,4,42,56.422,56.422,56.422,0,0,65.0,1.5,0.4,0.15,0.0371
Base TLBO,20260718,4,43,56.422,56.422,56.422,0,0,65.0,1.5,0.4,0.15,0.0378
Base TLBO,20260718,4,44,56.422,56.422,56.422,0,0,65.0,1.5,0.4,0.15,0.0374
Base TLBO,20260718,4,45,56.422,56.422,56.422,0,0,65.0,1.5,0.4,0.15,0.0372
Base TLBO,20260718,4,46,56.422,56.422,56.422,0,0,65.0,1.5,0.4,0.15,0.0381
Base TLBO,20260718,4,47,56.422,56.422,56.422,0,0,65.0,1.5,0.4,0.15,0.0389
Base TLBO,20260718,4,48,56.422,56.422,56.422,0,0,65.0,1.5,0.4,0.15,0.0385
Base TLBO,20260718,4,49,56.422,56.422,56.422,0,0,65.0,1.5,0.4,0.15,0.0385
Base TLBO,20260718,4,50,56.422,56.422,56.422,0,0,65.0,1.5,0.4,0.15,0.0374
Base TLBO,20260719,5,1,56.3272,41.7914,0.0,0,0,61.25,1.5,0.4,0.15,0.1858
Base TLBO,20260719,5,2,56.3272,48.8654,0.0,0,0,61.25,1.5,0.4,0.15,0.1571
Base TLBO,20260719,5,3,56.3272,55.9063,55.2868,0,0,61.25,1.5,0.4,0.15,0.1329
Base TLBO,20260719,5,4,56.3272,56.0363,55.4044,0,0,61.25,1.5,0.4,0.15,0.1126
Base TLBO,20260719,5,5,56.3272,56.1517,55.5472,0,0,61.25,1.5,0.4,0.15,0.1103
Base TLBO,20260719,5,6,56.3272,56.2492,55.9888,0,0,61.25,1.5,0.4,0.15,0.0694
Base TLBO,20260719,5,7,56.3272,56.2915,56.0416,0,0,61.25,1.5,0.4,0.15,0.0558
Base TLBO,20260719,5,8,56.3272,56.3272,56.3272,0,0,61.25,1.5,0.4,0.15,0.0401
Base TLBO,20260719,5,9,56.3272,56.3272,56.3272,0,0,61.25,1.5,0.4,0.15,0.038
Base TLBO,20260719,5,10,56.3272,56.3272,56.3272,0,0,61.25,1.5,0.4,0.15,0.0372
Base TLBO,20260719,5,11,56.3272,56.3272,56.3272,0,0,61.25,1.5,0.4,0.15,0.0369
Base TLBO,20260719,5,12,56.3272,56.3272,56.3272,0,0,61.25,1.5,0.4,0.15,0.0373
Base TLBO,20260719,5,13,56.3272,56.3272,56.3272,0,0,61.25,1.5,0.4,0.15,0.037
Base TLBO,20260719,5,14,56.3272,56.3272,56.3272,0,0,61.25,1.5,0.4,0.15,0.0446
Base TLBO,20260719,5,15,56.3272,56.3272,56.3272,0,0,61.25,1.5,0.4,0.15,0.04
Base TLBO,20260719,5,16,56.3272,56.3272,56.3272,0,0,61.25,1.5,0.4,0.15,0.0373
Base TLBO,20260719,5,17,56.3272,56.3272,56.3272,0,0,61.25,1.5,0.4,0.15,0.0388
Base TLBO,20260719,5,18,56.3272,56.3272,56.3272,0,0,61.25,1.5,0.4,0.15,0.0368
Base TLBO,20260719,5,19,56.3272,56.3272,56.3272,0,0,61.25,1.5,0.4,0.15,0.0424
Base TLBO,20260719,5,20,56.3272,56.3272,56.3272,0,0,61.25,1.5,0.4,0.15,0.0442
Base TLBO,20260719,5,21,56.3272,56.3272,56.3272,0,0,61.25,1.5,0.4,0.15,0.04
Base TLBO,20260719,5,22,56.3272,56.3272,56.3272,0,0,61.25,1.5,0.4,0.15,0.0415
Base TLBO,20260719,5,23,56.3272,56.3272,56.3272,0,0,61.25,1.5,0.4,0.15,0.0402
Base TLBO,20260719,5,24,56.3272,56.3272,56.3272,0,0,61.25,1.5,0.4,0.15,0.0412
Base TLBO,20260719,5,25,56.3272,56.3272,56.3272,0,0,61.25,1.5,0.4,0.15,0.0377
Base TLBO,20260719,5,26,56.3272,56.3272,56.3272,0,0,61.25,1.5,0.4,0.15,0.0399
Base TLBO,20260719,5,27,56.3272,56.3272,56.3272,0,0,61.25,1.5,0.4,0.15,0.0379
Base TLBO,20260719,5,28,56.3272,56.3272,56.3272,0,0,61.25,1.5,0.4,0.15,0.0386
Base TLBO,20260719,5,29,56.3272,56.3272,56.3272,0,0,61.25,1.5,0.4,0.15,0.0395
Base TLBO,20260719,5,30,56.3272,56.3272,56.3272,0,0,61.25,1.5,0.4,0.15,0.0381
Base TLBO,20260719,5,31,56.3272,56.3272,56.3272,0,0,61.25,1.5,0.4,0.15,0.0389
Base TLBO,20260719,5,32,56.3272,56.3272,56.3272,0,0,61.25,1.5,0.4,0.15,0.0392
Base TLBO,20260719,5,33,56.3272,56.3272,56.3272,0,0,61.25,1.5,0.4,0.15,0.0386
Base TLBO,20260719,5,34,56.3272,56.3272,56.3272,0,0,61.25,1.5,0.4,0.15,0.0408
Base TLBO,20260719,5,35,56.3272,56.3272,56.3272,0,0,61.25,1.5,0.4,0.15,0.0426
Base TLBO,20260719,5,36,56.3272,56.3272,56.3272,0,0,61.25,1.5,0.4,0.15,0.04
Base TLBO,20260719,5,37,56.3272,56.3272,56.3272,0,0,61.25,1.5,0.4,0.15,0.0483
Base TLBO,20260719,5,38,56.3272,56.3272,56.3272,0,0,61.25,1.5,0.4,0.15,0.0396
Base TLBO,20260719,5,39,56.3272,56.3272,56.3272,0,0,61.25,1.5,0.4,0.15,0.0422
Base TLBO,20260719,5,40,56.3272,56.3272,56.3272,0,0,61.25,1.5,0.4,0.15,0.0429
Base TLBO,20260719,5,41,56.3272,56.3272,56.3272,0,0,61.25,1.5,0.4,0.15,0.0434
Base TLBO,20260719,5,42,56.3272,56.3272,56.3272,0,0,61.25,1.5,0.4,0.15,0.0557
Base TLBO,20260719,5,43,56.3272,56.3272,56.3272,0,0,61.25,1.5,0.4,0.15,0.0419
Base TLBO,20260719,5,44,56.3272,56.3272,56.3272,0,0,61.25,1.5,0.4,0.15,0.0432
Base TLBO,20260719,5,45,56.3272,56.3272,56.3272,0,0,61.25,1.5,0.4,0.15,0.0415
Base TLBO,20260719,5,46,56.3272,56.3272,56.3272,0,0,61.25,1.5,0.4,0.15,0.0405
Base TLBO,20260719,5,47,56.3272,56.3272,56.3272,0,0,61.25,1.5,0.4,0.15,0.0449
Base TLBO,20260719,5,48,56.3272,56.3272,56.3272,0,0,61.25,1.5,0.4,0.15,0.0396
Base TLBO,20260719,5,49,56.3272,56.3272,56.3272,0,0,61.25,1.5,0.4,0.15,0.0465
Base TLBO,20260719,5,50,56.3272,56.3272,56.3272,0,0,61.25,1.5,0.4,0.15,0.0431
Base TLBO,20260720,6,1,56.3272,14.0269,0.0,0,0,63.75,1.5,0.4,0.15,0.1717
Base TLBO,20260720,6,2,56.3272,21.0678,0.0,0,0,63.75,1.5,0.4,0.15,0.1804
Base TLBO,20260720,6,3,56.3272,28.1087,0.0,0,0,63.75,1.5,0.4,0.15,0.1537
Base TLBO,20260720,6,4,56.3272,35.1496,0.0,0,0,63.75,1.5,0.4,0.15,0.1218
Base TLBO,20260720,6,5,56.3272,42.1905,0.0,0,0,63.75,1.5,0.4,0.15,0.1102
Base TLBO,20260720,6,6,56.3272,49.2314,0.0,0,0,63.75,1.5,0.4,0.15,0.0913
Base TLBO,20260720,6,7,56.3272,56.2723,55.888,0,0,63.75,1.5,0.4,0.15,0.0714
Base TLBO,20260720,6,8,56.3272,56.3272,56.3272,0,0,63.75,1.5,0.4,0.15,0.043
Base TLBO,20260720,6,9,56.3272,56.3272,56.3272,0,0,63.75,1.5,0.4,0.15,0.0408
Base TLBO,20260720,6,10,56.3272,56.3272,56.3272,0,0,63.75,1.5,0.4,0.15,0.0419
Base TLBO,20260720,6,11,56.3272,56.3272,56.3272,0,0,63.75,1.5,0.4,0.15,0.0394
Base TLBO,20260720,6,12,56.3272,56.3272,56.3272,0,0,63.75,1.5,0.4,0.15,0.0406
Base TLBO,20260720,6,13,56.3272,56.3272,56.3272,0,0,63.75,1.5,0.4,0.15,0.039
Base TLBO,20260720,6,14,56.3272,56.3272,56.3272,0,0,63.75,1.5,0.4,0.15,0.0384
Base TLBO,20260720,6,15,56.3272,56.3272,56.3272,0,0,63.75,1.5,0.4,0.15,0.041
Base TLBO,20260720,6,16,56.3272,56.3272,56.3272,0,0,63.75,1.5,0.4,0.15,0.0419
Base TLBO,20260720,6,17,56.3272,56.3272,56.3272,0,0,63.75,1.5,0.4,0.15,0.0382
Base TLBO,20260720,6,18,56.3272,56.3272,56.3272,0,0,63.75,1.5,0.4,0.15,0.0425
Base TLBO,20260720,6,19,56.3272,56.3272,56.3272,0,0,63.75,1.5,0.4,0.15,0.0435
Base TLBO,20260720,6,20,56.3272,56.3272,56.3272,0,0,63.75,1.5,0.4,0.15,0.0442
Base TLBO,20260720,6,21,56.3272,56.3272,56.3272,0,0,63.75,1.5,0.4,0.15,0.0397
Base TLBO,20260720,6,22,56.3272,56.3272,56.3272,0,0,63.75,1.5,0.4,0.15,0.044
Base TLBO,20260720,6,23,56.3272,56.3272,56.3272,0,0,63.75,1.5,0.4,0.15,0.0398
Base TLBO,20260720,6,24,56.3272,56.3272,56.3272,0,0,63.75,1.5,0.4,0.15,0.0395
Base TLBO,20260720,6,25,56.3272,56.3272,56.3272,0,0,63.75,1.5,0.4,0.15,0.0395
Base TLBO,20260720,6,26,56.3272,56.3272,56.3272,0,0,63.75,1.5,0.4,0.15,0.0381
Base TLBO,20260720,6,27,56.3272,56.3272,56.3272,0,0,63.75,1.5,0.4,0.15,0.0409
Base TLBO,20260720,6,28,56.3272,56.3272,56.3272,0,0,63.75,1.5,0.4,0.15,0.047
Base TLBO,20260720,6,29,56.3272,56.3272,56.3272,0,0,63.75,1.5,0.4,0.15,0.0476
Base TLBO,20260720,6,30,56.3272,56.3272,56.3272,0,0,63.75,1.5,0.4,0.15,0.0378
Base TLBO,20260720,6,31,56.3272,56.3272,56.3272,0,0,63.75,1.5,0.4,0.15,0.0419
Base TLBO,20260720,6,32,56.3272,56.3272,56.3272,0,0,63.75,1.5,0.4,0.15,0.0445
Base TLBO,20260720,6,33,56.3272,56.3272,56.3272,0,0,63.75,1.5,0.4,0.15,0.0401
Base TLBO,20260720,6,34,56.3272,56.3272,56.3272,0,0,63.75,1.5,0.4,0.15,0.0432
Base TLBO,20260720,6,35,56.3272,56.3272,56.3272,0,0,63.75,1.5,0.4,0.15,0.0437
Base TLBO,20260720,6,36,56.3272,56.3272,56.3272,0,0,63.75,1.5,0.4,0.15,0.0389
Base TLBO,20260720,6,37,56.3272,56.3272,56.3272,0,0,63.75,1.5,0.4,0.15,0.0408
Base TLBO,20260720,6,38,56.3272,56.3272,56.3272,0,0,63.75,1.5,0.4,0.15,0.0453
Base TLBO,20260720,6,39,56.3272,56.3272,56.3272,0,0,63.75,1.5,0.4,0.15,0.0424
Base TLBO,20260720,6,40,56.3272,56.3272,56.3272,0,0,63.75,1.5,0.4,0.15,0.0469
Base TLBO,20260720,6,41,56.3272,56.3272,56.3272,0,0,63.75,1.5,0.4,0.15,0.0388
Base TLBO,20260720,6,42,56.3272,56.3272,56.3272,0,0,63.75,1.5,0.4,0.15,0.041
Base TLBO,20260720,6,43,56.3272,56.3272,56.3272,0,0,63.75,1.5,0.4,0.15,0.0425
Base TLBO,20260720,6,44,56.3272,56.3272,56.3272,0,0,63.75,1.5,0.4,0.15,0.0399
Base TLBO,20260720,6,45,56.3272,56.3272,56.3272,0,0,63.75,1.5,0.4,0.15,0.04
Base TLBO,20260720,6,46,56.3272,56.3272,56.3272,0,0,63.75,1.5,0.4,0.15,0.0406
Base TLBO,20260720,6,47,56.3272,56.3272,56.3272,0,0,63.75,1.5,0.4,0.15,0.0399
Base TLBO,20260720,6,48,56.3272,56.3272,56.3272,0,0,63.75,1.5,0.4,0.15,0.0461
Base TLBO,20260720,6,49,56.3272,56.3272,56.3272,0,0,63.75,1.5,0.4,0.15,0.04
Base TLBO,20260720,6,50,56.3272,56.3272,56.3272,0,0,63.75,1.5,0.4,0.15,0.0386
Base TLBO,20260721,7,1,56.3896,28.0914,0.0,0,0,65.0,1.5,0.4,0.15,0.1664
Base TLBO,20260721,7,2,56.3896,35.1401,0.0,0,0,65.0,1.5,0.4,0.15,0.1662
Base TLBO,20260721,7,3,56.3896,42.1889,0.0,0,0,65.0,1.5,0.4,0.15,0.1341
Base TLBO,20260721,7,4,56.3896,49.2375,0.0,0,0,65.0,1.5,0.4,0.15,0.1192
Base TLBO,20260721,7,5,56.3896,56.2863,56.0956,0,0,65.0,1.5,0.4,0.15,0.1118
Base TLBO,20260721,7,6,56.3896,56.323,56.0956,0,0,65.0,1.5,0.4,0.15,0.0833
Base TLBO,20260721,7,7,56.3896,56.3597,56.1508,0,0,65.0,1.5,0.4,0.15,0.0619
Base TLBO,20260721,7,8,56.3896,56.3896,56.3896,0,0,65.0,1.5,0.4,0.15,0.0454
Base TLBO,20260721,7,9,56.3896,56.3896,56.3896,0,0,65.0,1.5,0.4,0.15,0.0401
Base TLBO,20260721,7,10,56.3896,56.3896,56.3896,0,0,65.0,1.5,0.4,0.15,0.0387
Base TLBO,20260721,7,11,56.3896,56.3896,56.3896,0,0,65.0,1.5,0.4,0.15,0.045
Base TLBO,20260721,7,12,56.3896,56.3896,56.3896,0,0,65.0,1.5,0.4,0.15,0.0382
Base TLBO,20260721,7,13,56.3896,56.3896,56.3896,0,0,65.0,1.5,0.4,0.15,0.038
Base TLBO,20260721,7,14,56.3896,56.3896,56.3896,0,0,65.0,1.5,0.4,0.15,0.0411
Base TLBO,20260721,7,15,56.3896,56.3896,56.3896,0,0,65.0,1.5,0.4,0.15,0.0453
Base TLBO,20260721,7,16,56.3896,56.3896,56.3896,0,0,65.0,1.5,0.4,0.15,0.0397
Base TLBO,20260721,7,17,56.3896,56.3896,56.3896,0,0,65.0,1.5,0.4,0.15,0.0379
Base TLBO,20260721,7,18,56.3896,56.3896,56.3896,0,0,65.0,1.5,0.4,0.15,0.0376
Base TLBO,20260721,7,19,56.3896,56.3896,56.3896,0,0,65.0,1.5,0.4,0.15,0.0435
Base TLBO,20260721,7,20,56.3896,56.3896,56.3896,0,0,65.0,1.5,0.4,0.15,0.0393
Base TLBO,20260721,7,21,56.3896,56.3896,56.3896,0,0,65.0,1.5,0.4,0.15,0.0394
Base TLBO,20260721,7,22,56.3896,56.3896,56.3896,0,0,65.0,1.5,0.4,0.15,0.0383
Base TLBO,20260721,7,23,56.3896,56.3896,56.3896,0,0,65.0,1.5,0.4,0.15,0.0423
Base TLBO,20260721,7,24,56.3896,56.3896,56.3896,0,0,65.0,1.5,0.4,0.15,0.0425
Base TLBO,20260721,7,25,56.3896,56.3896,56.3896,0,0,65.0,1.5,0.4,0.15,0.0384
Base TLBO,20260721,7,26,56.3896,56.3896,56.3896,0,0,65.0,1.5,0.4,0.15,0.0381
Base TLBO,20260721,7,27,56.3896,56.3896,56.3896,0,0,65.0,1.5,0.4,0.15,0.0405
Base TLBO,20260721,7,28,56.3896,56.3896,56.3896,0,0,65.0,1.5,0.4,0.15,0.0369
Base TLBO,20260721,7,29,56.3896,56.3896,56.3896,0,0,65.0,1.5,0.4,0.15,0.045
Base TLBO,20260721,7,30,56.3896,56.3896,56.3896,0,0,65.0,1.5,0.4,0.15,0.0386
Base TLBO,20260721,7,31,56.3896,56.3896,56.3896,0,0,65.0,1.5,0.4,0.15,0.0406
Base TLBO,20260721,7,32,56.3896,56.3896,56.3896,0,0,65.0,1.5,0.4,0.15,0.0419
Base TLBO,20260721,7,33,56.3896,56.3896,56.3896,0,0,65.0,1.5,0.4,0.15,0.0405
Base TLBO,20260721,7,34,56.3896,56.3896,56.3896,0,0,65.0,1.5,0.4,0.15,0.0416
Base TLBO,20260721,7,35,56.3896,56.3896,56.3896,0,0,65.0,1.5,0.4,0.15,0.0464
Base TLBO,20260721,7,36,56.3896,56.3896,56.3896,0,0,65.0,1.5,0.4,0.15,0.0425
Base TLBO,20260721,7,37,56.3896,56.3896,56.3896,0,0,65.0,1.5,0.4,0.15,0.0381
Base TLBO,20260721,7,38,56.3896,56.3896,56.3896,0,0,65.0,1.5,0.4,0.15,0.0407
Base TLBO,20260721,7,39,56.3896,56.3896,56.3896,0,0,65.0,1.5,0.4,0.15,0.0402
Base TLBO,20260721,7,40,56.3896,56.3896,56.3896,0,0,65.0,1.5,0.4,0.15,0.0431
Base TLBO,20260721,7,41,56.3896,56.3896,56.3896,0,0,65.0,1.5,0.4,0.15,0.0404
Base TLBO,20260721,7,42,56.3896,56.3896,56.3896,0,0,65.0,1.5,0.4,0.15,0.0479
Base TLBO,20260721,7,43,56.3896,56.3896,56.3896,0,0,65.0,1.5,0.4,0.15,0.0416
Base TLBO,20260721,7,44,56.3896,56.3896,56.3896,0,0,65.0,1.5,0.4,0.15,0.0397
Base TLBO,20260721,7,45,56.3896,56.3896,56.3896,0,0,65.0,1.5,0.4,0.15,0.0388
Base TLBO,20260721,7,46,56.3896,56.3896,56.3896,0,0,65.0,1.5,0.4,0.15,0.0456
Base TLBO,20260721,7,47,56.3896,56.3896,56.3896,0,0,65.0,1.5,0.4,0.15,0.0395
Base TLBO,20260721,7,48,56.3896,56.3896,56.3896,0,0,65.0,1.5,0.4,0.15,0.0474
Base TLBO,20260721,7,49,56.3896,56.3896,56.3896,0,0,65.0,1.5,0.4,0.15,0.0401
Base TLBO,20260721,7,50,56.3896,56.3896,56.3896,0,0,65.0,1.5,0.4,0.15,0.0431
Base TLBO,20260722,8,1,56.2072,27.9633,0.0,0,0,63.75,1.5,0.4,0.15,0.1707
Base TLBO,20260722,8,2,56.2072,34.9892,0.0,0,0,63.75,1.5,0.4,0.15,0.1604
Base TLBO,20260722,8,3,56.2072,42.0151,0.0,0,0,63.75,1.5,0.4,0.15,0.1421
Base TLBO,20260722,8,4,56.2072,49.041,0.0,0,0,63.75,1.5,0.4,0.15,0.1333
Base TLBO,20260722,8,5,56.2072,56.0669,55.5472,0,0,63.75,1.5,0.4,0.15,0.1246
Base TLBO,20260722,8,6,56.2072,56.1495,55.9636,0,0,63.75,1.5,0.4,0.15,0.0798
Base TLBO,20260722,8,7,56.2072,56.1799,55.9888,0,0,63.75,1.5,0.4,0.15,0.0628
Base TLBO,20260722,8,8,56.2072,56.2072,56.2072,0,0,63.75,1.5,0.4,0.15,0.0412
Base TLBO,20260722,8,9,56.2072,56.2072,56.2072,0,0,63.75,1.5,0.4,0.15,0.0443
Base TLBO,20260722,8,10,56.2072,56.2072,56.2072,0,0,63.75,1.5,0.4,0.15,0.0416
Base TLBO,20260722,8,11,56.2072,56.2072,56.2072,0,0,63.75,1.5,0.4,0.15,0.0433
Base TLBO,20260722,8,12,56.2072,56.2072,56.2072,0,0,63.75,1.5,0.4,0.15,0.0427
Base TLBO,20260722,8,13,56.2072,56.2072,56.2072,0,0,63.75,1.5,0.4,0.15,0.0388
Base TLBO,20260722,8,14,56.2072,56.2072,56.2072,0,0,63.75,1.5,0.4,0.15,0.0462
Base TLBO,20260722,8,15,56.2072,56.2072,56.2072,0,0,63.75,1.5,0.4,0.15,0.0386
Base TLBO,20260722,8,16,56.2072,56.2072,56.2072,0,0,63.75,1.5,0.4,0.15,0.0378
Base TLBO,20260722,8,17,56.2072,56.2072,56.2072,0,0,63.75,1.5,0.4,0.15,0.0428
Base TLBO,20260722,8,18,56.2072,56.2072,56.2072,0,0,63.75,1.5,0.4,0.15,0.0418
Base TLBO,20260722,8,19,56.2072,56.2072,56.2072,0,0,63.75,1.5,0.4,0.15,0.0375
Base TLBO,20260722,8,20,56.2072,56.2072,56.2072,0,0,63.75,1.5,0.4,0.15,0.0406
Base TLBO,20260722,8,21,56.2072,56.2072,56.2072,0,0,63.75,1.5,0.4,0.15,0.0398
Base TLBO,20260722,8,22,56.2072,56.2072,56.2072,0,0,63.75,1.5,0.4,0.15,0.0441
Base TLBO,20260722,8,23,56.2072,56.2072,56.2072,0,0,63.75,1.5,0.4,0.15,0.041
Base TLBO,20260722,8,24,56.2072,56.2072,56.2072,0,0,63.75,1.5,0.4,0.15,0.0408
Base TLBO,20260722,8,25,56.2072,56.2072,56.2072,0,0,63.75,1.5,0.4,0.15,0.0415
Base TLBO,20260722,8,26,56.2072,56.2072,56.2072,0,0,63.75,1.5,0.4,0.15,0.0401
Base TLBO,20260722,8,27,56.2072,56.2072,56.2072,0,0,63.75,1.5,0.4,0.15,0.038
Base TLBO,20260722,8,28,56.2072,56.2072,56.2072,0,0,63.75,1.5,0.4,0.15,0.0451
Base TLBO,20260722,8,29,56.2072,56.2072,56.2072,0,0,63.75,1.5,0.4,0.15,0.0421
Base TLBO,20260722,8,30,56.2072,56.2072,56.2072,0,0,63.75,1.5,0.4,0.15,0.0409
Base TLBO,20260722,8,31,56.2072,56.2072,56.2072,0,0,63.75,1.5,0.4,0.15,0.0392
Base TLBO,20260722,8,32,56.2072,56.2072,56.2072,0,0,63.75,1.5,0.4,0.15,0.041
Base TLBO,20260722,8,33,56.2072,56.2072,56.2072,0,0,63.75,1.5,0.4,0.15,0.0378
Base TLBO,20260722,8,34,56.2072,56.2072,56.2072,0,0,63.75,1.5,0.4,0.15,0.0414
Base TLBO,20260722,8,35,56.2072,56.2072,56.2072,0,0,63.75,1.5,0.4,0.15,0.0434
Base TLBO,20260722,8,36,56.2072,56.2072,56.2072,0,0,63.75,1.5,0.4,0.15,0.0409
Base TLBO,20260722,8,37,56.2072,56.2072,56.2072,0,0,63.75,1.5,0.4,0.15,0.0369
Base TLBO,20260722,8,38,56.2072,56.2072,56.2072,0,0,63.75,1.5,0.4,0.15,0.0404
Base TLBO,20260722,8,39,56.2072,56.2072,56.2072,0,0,63.75,1.5,0.4,0.15,0.0417
Base TLBO,20260722,8,40,56.2072,56.2072,56.2072,0,0,63.75,1.5,0.4,0.15,0.0389
Base TLBO,20260722,8,41,56.2072,56.2072,56.2072,0,0,63.75,1.5,0.4,0.15,0.0406
Base TLBO,20260722,8,42,56.2072,56.2072,56.2072,0,0,63.75,1.5,0.4,0.15,0.0489
Base TLBO,20260722,8,43,56.2072,56.2072,56.2072,0,0,63.75,1.5,0.4,0.15,0.0427
Base TLBO,20260722,8,44,56.2072,56.2072,56.2072,0,0,63.75,1.5,0.4,0.15,0.04
Base TLBO,20260722,8,45,56.2072,56.2072,56.2072,0,0,63.75,1.5,0.4,0.15,0.0414
Base TLBO,20260722,8,46,56.2072,56.2072,56.2072,0,0,63.75,1.5,0.4,0.15,0.0417
Base TLBO,20260722,8,47,56.2072,56.2072,56.2072,0,0,63.75,1.5,0.4,0.15,0.0375
Base TLBO,20260722,8,48,56.2072,56.2072,56.2072,0,0,63.75,1.5,0.4,0.15,0.0418
Base TLBO,20260722,8,49,56.2072,56.2072,56.2072,0,0,63.75,1.5,0.4,0.15,0.0436
Base TLBO,20260722,8,50,56.2072,56.2072,56.2072,0,0,63.75,1.5,0.4,0.15,0.0396
Base TLBO,20260723,9,1,55.7008,34.6681,0.0,0,0,56.25,1.5,0.4,0.15,0.1841
Base TLBO,20260723,9,2,56.068,41.7242,0.0,0,0,62.5,1.5,0.4,0.15,0.1782
Base TLBO,20260723,9,3,56.068,48.7326,0.0,0,0,62.5,1.5,0.4,0.15,0.1722
Base TLBO,20260723,9,4,56.068,55.7411,55.2484,0,0,62.5,1.5,0.4,0.15,0.1412
Base TLBO,20260723,9,5,56.068,55.8436,55.5064,0,0,62.5,1.5,0.4,0.15,0.1266
Base TLBO,20260723,9,6,56.068,55.9138,55.5688,0,0,62.5,1.5,0.4,0.15,0.1143
Base TLBO,20260723,9,7,56.068,55.9762,55.7008,0,0,62.5,1.5,0.4,0.15,0.0767
Base TLBO,20260723,9,8,56.068,56.0221,55.7008,0,0,62.5,1.5,0.4,0.15,0.0604
Base TLBO,20260723,9,9,56.068,56.068,56.068,0,0,62.5,1.5,0.4,0.15,0.0446
Base TLBO,20260723,9,10,56.068,56.068,56.068,0,0,62.5,1.5,0.4,0.15,0.0378
Base TLBO,20260723,9,11,56.068,56.068,56.068,0,0,62.5,1.5,0.4,0.15,0.0379
Base TLBO,20260723,9,12,56.068,56.068,56.068,0,0,62.5,1.5,0.4,0.15,0.0373
Base TLBO,20260723,9,13,56.068,56.068,56.068,0,0,62.5,1.5,0.4,0.15,0.0383
Base TLBO,20260723,9,14,56.068,56.068,56.068,0,0,62.5,1.5,0.4,0.15,0.0421
Base TLBO,20260723,9,15,56.068,56.068,56.068,0,0,62.5,1.5,0.4,0.15,0.039
Base TLBO,20260723,9,16,56.068,56.068,56.068,0,0,62.5,1.5,0.4,0.15,0.0425
Base TLBO,20260723,9,17,56.068,56.068,56.068,0,0,62.5,1.5,0.4,0.15,0.0386
Base TLBO,20260723,9,18,56.068,56.068,56.068,0,0,62.5,1.5,0.4,0.15,0.0435
Base TLBO,20260723,9,19,56.068,56.068,56.068,0,0,62.5,1.5,0.4,0.15,0.0408
Base TLBO,20260723,9,20,56.068,56.068,56.068,0,0,62.5,1.5,0.4,0.15,0.0491
Base TLBO,20260723,9,21,56.068,56.068,56.068,0,0,62.5,1.5,0.4,0.15,0.0381
Base TLBO,20260723,9,22,56.068,56.068,56.068,0,0,62.5,1.5,0.4,0.15,0.0399
Base TLBO,20260723,9,23,56.068,56.068,56.068,0,0,62.5,1.5,0.4,0.15,0.0394
Base TLBO,20260723,9,24,56.068,56.068,56.068,0,0,62.5,1.5,0.4,0.15,0.0386
Base TLBO,20260723,9,25,56.068,56.068,56.068,0,0,62.5,1.5,0.4,0.15,0.0381
Base TLBO,20260723,9,26,56.068,56.068,56.068,0,0,62.5,1.5,0.4,0.15,0.0426
Base TLBO,20260723,9,27,56.068,56.068,56.068,0,0,62.5,1.5,0.4,0.15,0.0399
Base TLBO,20260723,9,28,56.068,56.068,56.068,0,0,62.5,1.5,0.4,0.15,0.0402
Base TLBO,20260723,9,29,56.068,56.068,56.068,0,0,62.5,1.5,0.4,0.15,0.0416
Base TLBO,20260723,9,30,56.068,56.068,56.068,0,0,62.5,1.5,0.4,0.15,0.0408
Base TLBO,20260723,9,31,56.068,56.068,56.068,0,0,62.5,1.5,0.4,0.15,0.04
Base TLBO,20260723,9,32,56.068,56.068,56.068,0,0,62.5,1.5,0.4,0.15,0.038
Base TLBO,20260723,9,33,56.068,56.068,56.068,0,0,62.5,1.5,0.4,0.15,0.041
Base TLBO,20260723,9,34,56.068,56.068,56.068,0,0,62.5,1.5,0.4,0.15,0.0388
Base TLBO,20260723,9,35,56.068,56.068,56.068,0,0,62.5,1.5,0.4,0.15,0.0369
Base TLBO,20260723,9,36,56.068,56.068,56.068,0,0,62.5,1.5,0.4,0.15,0.0397
Base TLBO,20260723,9,37,56.068,56.068,56.068,0,0,62.5,1.5,0.4,0.15,0.0437
Base TLBO,20260723,9,38,56.068,56.068,56.068,0,0,62.5,1.5,0.4,0.15,0.0538
Base TLBO,20260723,9,39,56.068,56.068,56.068,0,0,62.5,1.5,0.4,0.15,0.0642
Base TLBO,20260723,9,40,56.068,56.068,56.068,0,0,62.5,1.5,0.4,0.15,0.0467
Base TLBO,20260723,9,41,56.068,56.068,56.068,0,0,62.5,1.5,0.4,0.15,0.0412
Base TLBO,20260723,9,42,56.068,56.068,56.068,0,0,62.5,1.5,0.4,0.15,0.0444
Base TLBO,20260723,9,43,56.068,56.068,56.068,0,0,62.5,1.5,0.4,0.15,0.0487
Base TLBO,20260723,9,44,56.068,56.068,56.068,0,0,62.5,1.5,0.4,0.15,0.046
Base TLBO,20260723,9,45,56.068,56.068,56.068,0,0,62.5,1.5,0.4,0.15,0.047
Base TLBO,20260723,9,46,56.068,56.068,56.068,0,0,62.5,1.5,0.4,0.15,0.0479
Base TLBO,20260723,9,47,56.068,56.068,56.068,0,0,62.5,1.5,0.4,0.15,0.0445
Base TLBO,20260723,9,48,56.068,56.068,56.068,0,0,62.5,1.5,0.4,0.15,0.044
Base TLBO,20260723,9,49,56.068,56.068,56.068,0,0,62.5,1.5,0.4,0.15,0.0456
Base TLBO,20260723,9,50,56.068,56.068,56.068,0,0,62.5,1.5,0.4,0.15,0.0398
Base TLBO,20260724,10,1,56.524,27.932,0.0,0,0,62.5,1.5,0.4,0.15,0.1624
Base TLBO,20260724,10,2,56.524,34.9975,0.0,0,0,62.5,1.5,0.4,0.15,0.1454
Base TLBO,20260724,10,3,56.524,42.063,0.0,0,0,62.5,1.5,0.4,0.15,0.1314
Base TLBO,20260724,10,4,56.524,49.1285,0.0,0,0,62.5,1.5,0.4,0.15,0.1342
Base TLBO,20260724,10,5,56.524,56.194,55.2868,0,0,62.5,1.5,0.4,0.15,0.1163
Base TLBO,20260724,10,6,56.524,56.3486,55.6564,0,0,62.5,1.5,0.4,0.15,0.0918
Base TLBO,20260724,10,7,56.524,56.4571,55.9888,0,0,62.5,1.5,0.4,0.15,0.07
Base TLBO,20260724,10,8,56.524,56.524,56.524,0,0,62.5,1.5,0.4,0.15,0.0387
Base TLBO,20260724,10,9,56.524,56.524,56.524,0,0,62.5,1.5,0.4,0.15,0.0406
Base TLBO,20260724,10,10,56.524,56.524,56.524,0,0,62.5,1.5,0.4,0.15,0.0413
Base TLBO,20260724,10,11,56.524,56.524,56.524,0,0,62.5,1.5,0.4,0.15,0.0407
Base TLBO,20260724,10,12,56.524,56.524,56.524,0,0,62.5,1.5,0.4,0.15,0.0425
Base TLBO,20260724,10,13,56.524,56.524,56.524,0,0,62.5,1.5,0.4,0.15,0.0398
Base TLBO,20260724,10,14,56.524,56.524,56.524,0,0,62.5,1.5,0.4,0.15,0.0432
Base TLBO,20260724,10,15,56.524,56.524,56.524,0,0,62.5,1.5,0.4,0.15,0.0474
Base TLBO,20260724,10,16,56.524,56.524,56.524,0,0,62.5,1.5,0.4,0.15,0.0372
Base TLBO,20260724,10,17,56.524,56.524,56.524,0,0,62.5,1.5,0.4,0.15,0.0508
Base TLBO,20260724,10,18,56.524,56.524,56.524,0,0,62.5,1.5,0.4,0.15,0.0389
Base TLBO,20260724,10,19,56.524,56.524,56.524,0,0,62.5,1.5,0.4,0.15,0.0383
Base TLBO,20260724,10,20,56.524,56.524,56.524,0,0,62.5,1.5,0.4,0.15,0.0399
Base TLBO,20260724,10,21,56.524,56.524,56.524,0,0,62.5,1.5,0.4,0.15,0.0397
Base TLBO,20260724,10,22,56.524,56.524,56.524,0,0,62.5,1.5,0.4,0.15,0.0404
Base TLBO,20260724,10,23,56.524,56.524,56.524,0,0,62.5,1.5,0.4,0.15,0.0437
Base TLBO,20260724,10,24,56.524,56.524,56.524,0,0,62.5,1.5,0.4,0.15,0.0399
Base TLBO,20260724,10,25,56.524,56.524,56.524,0,0,62.5,1.5,0.4,0.15,0.0398
Base TLBO,20260724,10,26,56.524,56.524,56.524,0,0,62.5,1.5,0.4,0.15,0.0399
Base TLBO,20260724,10,27,56.524,56.524,56.524,0,0,62.5,1.5,0.4,0.15,0.0683
Base TLBO,20260724,10,28,56.524,56.524,56.524,0,0,62.5,1.5,0.4,0.15,0.0434
Base TLBO,20260724,10,29,56.524,56.524,56.524,0,0,62.5,1.5,0.4,0.15,0.0377
Base TLBO,20260724,10,30,56.524,56.524,56.524,0,0,62.5,1.5,0.4,0.15,0.04
Base TLBO,20260724,10,31,56.524,56.524,56.524,0,0,62.5,1.5,0.4,0.15,0.0378
Base TLBO,20260724,10,32,56.524,56.524,56.524,0,0,62.5,1.5,0.4,0.15,0.0406
Base TLBO,20260724,10,33,56.524,56.524,56.524,0,0,62.5,1.5,0.4,0.15,0.0447
Base TLBO,20260724,10,34,56.524,56.524,56.524,0,0,62.5,1.5,0.4,0.15,0.0456
Base TLBO,20260724,10,35,56.524,56.524,56.524,0,0,62.5,1.5,0.4,0.15,0.043
Base TLBO,20260724,10,36,56.524,56.524,56.524,0,0,62.5,1.5,0.4,0.15,0.0409
Base TLBO,20260724,10,37,56.524,56.524,56.524,0,0,62.5,1.5,0.4,0.15,0.0401
Base TLBO,20260724,10,38,56.524,56.524,56.524,0,0,62.5,1.5,0.4,0.15,0.0399
Base TLBO,20260724,10,39,56.524,56.524,56.524,0,0,62.5,1.5,0.4,0.15,0.0445
Base TLBO,20260724,10,40,56.524,56.524,56.524,0,0,62.5,1.5,0.4,0.15,0.0393
Base TLBO,20260724,10,41,56.524,56.524,56.524,0,0,62.5,1.5,0.4,0.15,0.0416
Base TLBO,20260724,10,42,56.524,56.524,56.524,0,0,62.5,1.5,0.4,0.15,0.0397
Base TLBO,20260724,10,43,56.524,56.524,56.524,0,0,62.5,1.5,0.4,0.15,0.0397
Base TLBO,20260724,10,44,56.524,56.524,56.524,0,0,62.5,1.5,0.4,0.15,0.0445
Base TLBO,20260724,10,45,56.524,56.524,56.524,0,0,62.5,1.5,0.4,0.15,0.0382
Base TLBO,20260724,10,46,56.524,56.524,56.524,0,0,62.5,1.5,0.4,0.15,0.0384
Base TLBO,20260724,10,47,56.524,56.524,56.524,0,0,62.5,1.5,0.4,0.15,0.0403
Base TLBO,20260724,10,48,56.524,56.524,56.524,0,0,62.5,1.5,0.4,0.15,0.0435
Base TLBO,20260724,10,49,56.524,56.524,56.524,0,0,62.5,1.5,0.4,0.15,0.0412
Base TLBO,20260724,10,50,56.524,56.524,56.524,0,0,62.5,1.5,0.4,0.15,0.0383
Base TLBO,20260725,11,1,56.0416,13.9792,0.0,0,0,65.0,1.5,0.4,0.15,0.1627
Base TLBO,20260725,11,2,56.0416,20.9844,0.0,0,0,65.0,1.5,0.4,0.15,0.1517
Base TLBO,20260725,11,3,56.0416,27.9896,0.0,0,0,65.0,1.5,0.4,0.15,0.1488
Base TLBO,20260725,11,4,56.0416,34.9948,0.0,0,0,65.0,1.5,0.4,0.15,0.1324
Base TLBO,20260725,11,5,56.0416,42.0,0.0,0,0,65.0,1.5,0.4,0.15,0.1088
Base TLBO,20260725,11,6,56.0416,49.0052,0.0,0,0,65.0,1.5,0.4,0.15,0.1022
Base TLBO,20260725,11,7,56.0416,56.0104,55.792,0,0,65.0,1.5,0.4,0.15,0.0703
Base TLBO,20260725,11,8,56.0416,56.0416,56.0416,0,0,65.0,1.5,0.4,0.15,0.0419
Base TLBO,20260725,11,9,56.0416,56.0416,56.0416,0,0,65.0,1.5,0.4,0.15,0.0426
Base TLBO,20260725,11,10,56.0416,56.0416,56.0416,0,0,65.0,1.5,0.4,0.15,0.0479
Base TLBO,20260725,11,11,56.0416,56.0416,56.0416,0,0,65.0,1.5,0.4,0.15,0.0434
Base TLBO,20260725,11,12,56.0416,56.0416,56.0416,0,0,65.0,1.5,0.4,0.15,0.0402
Base TLBO,20260725,11,13,56.0416,56.0416,56.0416,0,0,65.0,1.5,0.4,0.15,0.0435
Base TLBO,20260725,11,14,56.0416,56.0416,56.0416,0,0,65.0,1.5,0.4,0.15,0.0387
Base TLBO,20260725,11,15,56.0416,56.0416,56.0416,0,0,65.0,1.5,0.4,0.15,0.0416
Base TLBO,20260725,11,16,56.0416,56.0416,56.0416,0,0,65.0,1.5,0.4,0.15,0.0422
Base TLBO,20260725,11,17,56.0416,56.0416,56.0416,0,0,65.0,1.5,0.4,0.15,0.0376
Base TLBO,20260725,11,18,56.0416,56.0416,56.0416,0,0,65.0,1.5,0.4,0.15,0.04
Base TLBO,20260725,11,19,56.0416,56.0416,56.0416,0,0,65.0,1.5,0.4,0.15,0.0387
Base TLBO,20260725,11,20,56.0416,56.0416,56.0416,0,0,65.0,1.5,0.4,0.15,0.0385
Base TLBO,20260725,11,21,56.0416,56.0416,56.0416,0,0,65.0,1.5,0.4,0.15,0.0394
Base TLBO,20260725,11,22,56.0416,56.0416,56.0416,0,0,65.0,1.5,0.4,0.15,0.0382
Base TLBO,20260725,11,23,56.0416,56.0416,56.0416,0,0,65.0,1.5,0.4,0.15,0.0379
Base TLBO,20260725,11,24,56.0416,56.0416,56.0416,0,0,65.0,1.5,0.4,0.15,0.0416
Base TLBO,20260725,11,25,56.0416,56.0416,56.0416,0,0,65.0,1.5,0.4,0.15,0.042
Base TLBO,20260725,11,26,56.0416,56.0416,56.0416,0,0,65.0,1.5,0.4,0.15,0.0379
Base TLBO,20260725,11,27,56.0416,56.0416,56.0416,0,0,65.0,1.5,0.4,0.15,0.0375
Base TLBO,20260725,11,28,56.0416,56.0416,56.0416,0,0,65.0,1.5,0.4,0.15,0.043
Base TLBO,20260725,11,29,56.0416,56.0416,56.0416,0,0,65.0,1.5,0.4,0.15,0.0386
Base TLBO,20260725,11,30,56.0416,56.0416,56.0416,0,0,65.0,1.5,0.4,0.15,0.0382
Base TLBO,20260725,11,31,56.0416,56.0416,56.0416,0,0,65.0,1.5,0.4,0.15,0.0402
Base TLBO,20260725,11,32,56.0416,56.0416,56.0416,0,0,65.0,1.5,0.4,0.15,0.0421
Base TLBO,20260725,11,33,56.0416,56.0416,56.0416,0,0,65.0,1.5,0.4,0.15,0.0421
Base TLBO,20260725,11,34,56.0416,56.0416,56.0416,0,0,65.0,1.5,0.4,0.15,0.0406
Base TLBO,20260725,11,35,56.0416,56.0416,56.0416,0,0,65.0,1.5,0.4,0.15,0.04
Base TLBO,20260725,11,36,56.0416,56.0416,56.0416,0,0,65.0,1.5,0.4,0.15,0.0433
Base TLBO,20260725,11,37,56.0416,56.0416,56.0416,0,0,65.0,1.5,0.4,0.15,0.0393
Base TLBO,20260725,11,38,56.0416,56.0416,56.0416,0,0,65.0,1.5,0.4,0.15,0.0413
Base TLBO,20260725,11,39,56.0416,56.0416,56.0416,0,0,65.0,1.5,0.4,0.15,0.0406
Base TLBO,20260725,11,40,56.0416,56.0416,56.0416,0,0,65.0,1.5,0.4,0.15,0.0382
Base TLBO,20260725,11,41,56.0416,56.0416,56.0416,0,0,65.0,1.5,0.4,0.15,0.0452
Base TLBO,20260725,11,42,56.0416,56.0416,56.0416,0,0,65.0,1.5,0.4,0.15,0.0416
Base TLBO,20260725,11,43,56.0416,56.0416,56.0416,0,0,65.0,1.5,0.4,0.15,0.0433
Base TLBO,20260725,11,44,56.0416,56.0416,56.0416,0,0,65.0,1.5,0.4,0.15,0.0402
Base TLBO,20260725,11,45,56.0416,56.0416,56.0416,0,0,65.0,1.5,0.4,0.15,0.0474
Base TLBO,20260725,11,46,56.0416,56.0416,56.0416,0,0,65.0,1.5,0.4,0.15,0.0404
Base TLBO,20260725,11,47,56.0416,56.0416,56.0416,0,0,65.0,1.5,0.4,0.15,0.0428
Base TLBO,20260725,11,48,56.0416,56.0416,56.0416,0,0,65.0,1.5,0.4,0.15,0.0522
Base TLBO,20260725,11,49,56.0416,56.0416,56.0416,0,0,65.0,1.5,0.4,0.15,0.0374
Base TLBO,20260725,11,50,56.0416,56.0416,56.0416,0,0,65.0,1.5,0.4,0.15,0.0379
Base TLBO,20260726,12,1,56.56,28.041,0.0,0,0,68.75,1.5,0.4,0.15,0.1568
Base TLBO,20260726,12,2,56.56,35.111,0.0,0,0,68.75,1.5,0.4,0.15,0.1457
Base TLBO,20260726,12,3,56.56,42.181,0.0,0,0,68.75,1.5,0.4,0.15,0.1352
Base TLBO,20260726,12,4,56.56,49.251,0.0,0,0,68.75,1.5,0.4,0.15,0.1267
Base TLBO,20260726,12,5,56.56,56.321,55.6564,0,0,68.75,1.5,0.4,0.15,0.1005
Base TLBO,20260726,12,6,56.56,56.434,55.6564,0,0,68.75,1.5,0.4,0.15,0.0955
Base TLBO,20260726,12,7,56.56,56.547,56.4556,0,0,68.75,1.5,0.4,0.15,0.0588
Base TLBO,20260726,12,8,56.56,56.56,56.56,0,0,68.75,1.5,0.4,0.15,0.0379
Base TLBO,20260726,12,9,56.56,56.56,56.56,0,0,68.75,1.5,0.4,0.15,0.0423
Base TLBO,20260726,12,10,56.56,56.56,56.56,0,0,68.75,1.5,0.4,0.15,0.0376
Base TLBO,20260726,12,11,56.56,56.56,56.56,0,0,68.75,1.5,0.4,0.15,0.038
Base TLBO,20260726,12,12,56.56,56.56,56.56,0,0,68.75,1.5,0.4,0.15,0.0435
Base TLBO,20260726,12,13,56.56,56.56,56.56,0,0,68.75,1.5,0.4,0.15,0.038
Base TLBO,20260726,12,14,56.56,56.56,56.56,0,0,68.75,1.5,0.4,0.15,0.0395
Base TLBO,20260726,12,15,56.56,56.56,56.56,0,0,68.75,1.5,0.4,0.15,0.0414
Base TLBO,20260726,12,16,56.56,56.56,56.56,0,0,68.75,1.5,0.4,0.15,0.0395
Base TLBO,20260726,12,17,56.56,56.56,56.56,0,0,68.75,1.5,0.4,0.15,0.0404
Base TLBO,20260726,12,18,56.56,56.56,56.56,0,0,68.75,1.5,0.4,0.15,0.04
Base TLBO,20260726,12,19,56.56,56.56,56.56,0,0,68.75,1.5,0.4,0.15,0.0394
Base TLBO,20260726,12,20,56.56,56.56,56.56,0,0,68.75,1.5,0.4,0.15,0.0496
Base TLBO,20260726,12,21,56.56,56.56,56.56,0,0,68.75,1.5,0.4,0.15,0.0381
Base TLBO,20260726,12,22,56.56,56.56,56.56,0,0,68.75,1.5,0.4,0.15,0.0462
Base TLBO,20260726,12,23,56.56,56.56,56.56,0,0,68.75,1.5,0.4,0.15,0.0382
Base TLBO,20260726,12,24,56.56,56.56,56.56,0,0,68.75,1.5,0.4,0.15,0.0455
Base TLBO,20260726,12,25,56.56,56.56,56.56,0,0,68.75,1.5,0.4,0.15,0.0432
Base TLBO,20260726,12,26,56.56,56.56,56.56,0,0,68.75,1.5,0.4,0.15,0.0419
Base TLBO,20260726,12,27,56.56,56.56,56.56,0,0,68.75,1.5,0.4,0.15,0.0398
Base TLBO,20260726,12,28,56.56,56.56,56.56,0,0,68.75,1.5,0.4,0.15,0.0399
Base TLBO,20260726,12,29,56.56,56.56,56.56,0,0,68.75,1.5,0.4,0.15,0.0411
Base TLBO,20260726,12,30,56.56,56.56,56.56,0,0,68.75,1.5,0.4,0.15,0.0451
Base TLBO,20260726,12,31,56.56,56.56,56.56,0,0,68.75,1.5,0.4,0.15,0.0418
Base TLBO,20260726,12,32,56.56,56.56,56.56,0,0,68.75,1.5,0.4,0.15,0.0455
Base TLBO,20260726,12,33,56.56,56.56,56.56,0,0,68.75,1.5,0.4,0.15,0.0426
Base TLBO,20260726,12,34,56.56,56.56,56.56,0,0,68.75,1.5,0.4,0.15,0.0429
Base TLBO,20260726,12,35,56.56,56.56,56.56,0,0,68.75,1.5,0.4,0.15,0.0387
Base TLBO,20260726,12,36,56.56,56.56,56.56,0,0,68.75,1.5,0.4,0.15,0.0395
Base TLBO,20260726,12,37,56.56,56.56,56.56,0,0,68.75,1.5,0.4,0.15,0.0399
Base TLBO,20260726,12,38,56.56,56.56,56.56,0,0,68.75,1.5,0.4,0.15,0.0383
Base TLBO,20260726,12,39,56.56,56.56,56.56,0,0,68.75,1.5,0.4,0.15,0.0415
Base TLBO,20260726,12,40,56.56,56.56,56.56,0,0,68.75,1.5,0.4,0.15,0.0404
Base TLBO,20260726,12,41,56.56,56.56,56.56,0,0,68.75,1.5,0.4,0.15,0.0388
Base TLBO,20260726,12,42,56.56,56.56,56.56,0,0,68.75,1.5,0.4,0.15,0.0376
Base TLBO,20260726,12,43,56.56,56.56,56.56,0,0,68.75,1.5,0.4,0.15,0.0451
Base TLBO,20260726,12,44,56.56,56.56,56.56,0,0,68.75,1.5,0.4,0.15,0.0417
Base TLBO,20260726,12,45,56.56,56.56,56.56,0,0,68.75,1.5,0.4,0.15,0.0486
Base TLBO,20260726,12,46,56.56,56.56,56.56,0,0,68.75,1.5,0.4,0.15,0.0384
Base TLBO,20260726,12,47,56.56,56.56,56.56,0,0,68.75,1.5,0.4,0.15,0.0426
Base TLBO,20260726,12,48,56.56,56.56,56.56,0,0,68.75,1.5,0.4,0.15,0.0427
Base TLBO,20260726,12,49,56.56,56.56,56.56,0,0,68.75,1.5,0.4,0.15,0.0453
Base TLBO,20260726,12,50,56.56,56.56,56.56,0,0,68.75,1.5,0.4,0.15,0.0416
Base TLBO,20260727,13,1,55.888,13.96,0.0,0,0,62.5,1.5,0.4,0.15,0.1571
Base TLBO,20260727,13,2,55.888,20.946,0.0,0,0,62.5,1.5,0.4,0.15,0.1554
Base TLBO,20260727,13,3,55.888,27.932,0.0,0,0,62.5,1.5,0.4,0.15,0.148
Base TLBO,20260727,13,4,55.888,34.918,0.0,0,0,62.5,1.5,0.4,0.15,0.1135
Base TLBO,20260727,13,5,55.888,41.904,0.0,0,0,62.5,1.5,0.4,0.15,0.1069
Base TLBO,20260727,13,6,55.888,48.89,0.0,0,0,62.5,1.5,0.4,0.15,0.0873
Base TLBO,20260727,13,7,56.3272,55.9309,55.792,0,0,63.75,1.5,0.4,0.15,0.0727
Base TLBO,20260727,13,8,56.3272,56.0602,55.888,0,0,63.75,1.5,0.4,0.15,0.1003
Base TLBO,20260727,13,9,56.56,56.2141,55.888,0,0,62.5,1.5,0.4,0.15,0.1377
Base TLBO,20260727,13,10,56.6344,56.3926,56.068,0,0,63.75,1.5,0.4,0.15,0.1246
Base TLBO,20260727,13,11,56.6344,56.4925,56.068,0,0,63.75,1.5,0.4,0.15,0.1258
Base TLBO,20260727,13,12,56.6344,56.5774,56.3272,0,0,63.75,1.5,0.4,0.15,0.1299
Base TLBO,20260727,13,13,56.6344,56.6158,56.56,0,0,63.75,1.5,0.4,0.15,0.1201
Base TLBO,20260727,13,14,56.6344,56.6344,56.6344,0,0,63.75,1.5,0.4,0.15,0.0863
Base TLBO,20260727,13,15,56.6728,56.6392,56.6344,0,0,63.75,1.5,0.4,0.15,0.1081
Base TLBO,20260727,13,16,56.6728,56.644,56.6344,0,0,63.75,1.5,0.4,0.15,0.1031
Base TLBO,20260727,13,17,56.6728,56.6536,56.6344,0,0,63.75,1.5,0.4,0.15,0.0651
Base TLBO,20260727,13,18,56.6728,56.6632,56.6344,0,0,63.75,1.5,0.4,0.15,0.0681
Base TLBO,20260727,13,19,56.6728,56.6728,56.6728,0,0,63.75,1.5,0.4,0.15,0.0438
Base TLBO,20260727,13,20,56.6728,56.6728,56.6728,0,0,63.75,1.5,0.4,0.15,0.0399
Base TLBO,20260727,13,21,56.6728,56.6728,56.6728,0,0,63.75,1.5,0.4,0.15,0.0389
Base TLBO,20260727,13,22,56.6728,56.6728,56.6728,0,0,63.75,1.5,0.4,0.15,0.0388
Base TLBO,20260727,13,23,56.6728,56.6728,56.6728,0,0,63.75,1.5,0.4,0.15,0.0453
Base TLBO,20260727,13,24,56.6728,56.6728,56.6728,0,0,63.75,1.5,0.4,0.15,0.0398
Base TLBO,20260727,13,25,56.6728,56.6728,56.6728,0,0,63.75,1.5,0.4,0.15,0.0408
Base TLBO,20260727,13,26,56.6728,56.6728,56.6728,0,0,63.75,1.5,0.4,0.15,0.0381
Base TLBO,20260727,13,27,56.6728,56.6728,56.6728,0,0,63.75,1.5,0.4,0.15,0.042
Base TLBO,20260727,13,28,56.6728,56.6728,56.6728,0,0,63.75,1.5,0.4,0.15,0.0402
Base TLBO,20260727,13,29,56.6728,56.6728,56.6728,0,0,63.75,1.5,0.4,0.15,0.0387
Base TLBO,20260727,13,30,56.6728,56.6728,56.6728,0,0,63.75,1.5,0.4,0.15,0.0436
Base TLBO,20260727,13,31,56.6728,56.6728,56.6728,0,0,63.75,1.5,0.4,0.15,0.0461
Base TLBO,20260727,13,32,56.6728,56.6728,56.6728,0,0,63.75,1.5,0.4,0.15,0.0447
Base TLBO,20260727,13,33,56.6728,56.6728,56.6728,0,0,63.75,1.5,0.4,0.15,0.0417
Base TLBO,20260727,13,34,56.6728,56.6728,56.6728,0,0,63.75,1.5,0.4,0.15,0.0474
Base TLBO,20260727,13,35,56.6728,56.6728,56.6728,0,0,63.75,1.5,0.4,0.15,0.046
Base TLBO,20260727,13,36,56.6728,56.6728,56.6728,0,0,63.75,1.5,0.4,0.15,0.0446
Base TLBO,20260727,13,37,56.6728,56.6728,56.6728,0,0,63.75,1.5,0.4,0.15,0.0432
Base TLBO,20260727,13,38,56.6728,56.6728,56.6728,0,0,63.75,1.5,0.4,0.15,0.0392
Base TLBO,20260727,13,39,56.6728,56.6728,56.6728,0,0,63.75,1.5,0.4,0.15,0.0396
Base TLBO,20260727,13,40,56.6728,56.6728,56.6728,0,0,63.75,1.5,0.4,0.15,0.0461
Base TLBO,20260727,13,41,56.6728,56.6728,56.6728,0,0,63.75,1.5,0.4,0.15,0.0407
Base TLBO,20260727,13,42,56.6728,56.6728,56.6728,0,0,63.75,1.5,0.4,0.15,0.0382
Base TLBO,20260727,13,43,56.6728,56.6728,56.6728,0,0,63.75,1.5,0.4,0.15,0.0383
Base TLBO,20260727,13,44,56.6728,56.6728,56.6728,0,0,63.75,1.5,0.4,0.15,0.0438
Base TLBO,20260727,13,45,56.6728,56.6728,56.6728,0,0,63.75,1.5,0.4,0.15,0.0486
Base TLBO,20260727,13,46,56.6728,56.6728,56.6728,0,0,63.75,1.5,0.4,0.15,0.0397
Base TLBO,20260727,13,47,56.6728,56.6728,56.6728,0,0,63.75,1.5,0.4,0.15,0.0414
Base TLBO,20260727,13,48,56.6728,56.6728,56.6728,0,0,63.75,1.5,0.4,0.15,0.0381
Base TLBO,20260727,13,49,56.6728,56.6728,56.6728,0,0,63.75,1.5,0.4,0.15,0.0434
Base TLBO,20260727,13,50,56.6728,56.6728,56.6728,0,0,63.75,1.5,0.4,0.15,0.0384
Base TLBO,20260728,14,1,56.7532,35.1307,0.0,0,0,65.0,1.5,0.4,0.15,0.1637
Base TLBO,20260728,14,2,56.7532,42.2249,0.0,0,0,65.0,1.5,0.4,0.15,0.156
Base TLBO,20260728,14,3,56.7532,49.319,0.0,0,0,65.0,1.5,0.4,0.15,0.1467
Base TLBO,20260728,14,4,56.7532,56.4132,55.5688,0,0,65.0,1.5,0.4,0.15,0.1374
Base TLBO,20260728,14,5,56.7532,56.5612,55.6336,0,0,65.0,1.5,0.4,0.15,0.1079
Base TLBO,20260728,14,6,56.7532,56.7011,56.4556,0,0,65.0,1.5,0.4,0.15,0.0826
Base TLBO,20260728,14,7,56.7532,56.7383,56.6344,0,0,65.0,1.5,0.4,0.15,0.0663
Base TLBO,20260728,14,8,56.7532,56.7532,56.7532,0,0,65.0,1.5,0.4,0.15,0.0485
Base TLBO,20260728,14,9,56.7532,56.7532,56.7532,0,0,65.0,1.5,0.4,0.15,0.0458
Base TLBO,20260728,14,10,56.7532,56.7532,56.7532,0,0,65.0,1.5,0.4,0.15,0.0373
Base TLBO,20260728,14,11,56.7532,56.7532,56.7532,0,0,65.0,1.5,0.4,0.15,0.041
Base TLBO,20260728,14,12,56.7532,56.7532,56.7532,0,0,65.0,1.5,0.4,0.15,0.0382
Base TLBO,20260728,14,13,56.7532,56.7532,56.7532,0,0,65.0,1.5,0.4,0.15,0.0372
Base TLBO,20260728,14,14,56.7532,56.7532,56.7532,0,0,65.0,1.5,0.4,0.15,0.0386
Base TLBO,20260728,14,15,56.7532,56.7532,56.7532,0,0,65.0,1.5,0.4,0.15,0.0438
Base TLBO,20260728,14,16,56.7532,56.7532,56.7532,0,0,65.0,1.5,0.4,0.15,0.0442
Base TLBO,20260728,14,17,56.7532,56.7532,56.7532,0,0,65.0,1.5,0.4,0.15,0.0444
Base TLBO,20260728,14,18,56.7532,56.7532,56.7532,0,0,65.0,1.5,0.4,0.15,0.0399
Base TLBO,20260728,14,19,56.7532,56.7532,56.7532,0,0,65.0,1.5,0.4,0.15,0.0429
Base TLBO,20260728,14,20,56.7532,56.7532,56.7532,0,0,65.0,1.5,0.4,0.15,0.0425
Base TLBO,20260728,14,21,56.7532,56.7532,56.7532,0,0,65.0,1.5,0.4,0.15,0.0498
Base TLBO,20260728,14,22,56.7532,56.7532,56.7532,0,0,65.0,1.5,0.4,0.15,0.0385
Base TLBO,20260728,14,23,56.7532,56.7532,56.7532,0,0,65.0,1.5,0.4,0.15,0.0418
Base TLBO,20260728,14,24,56.7532,56.7532,56.7532,0,0,65.0,1.5,0.4,0.15,0.0435
Base TLBO,20260728,14,25,56.7532,56.7532,56.7532,0,0,65.0,1.5,0.4,0.15,0.0424
Base TLBO,20260728,14,26,56.7532,56.7532,56.7532,0,0,65.0,1.5,0.4,0.15,0.0401
Base TLBO,20260728,14,27,56.7532,56.7532,56.7532,0,0,65.0,1.5,0.4,0.15,0.0386
Base TLBO,20260728,14,28,56.7532,56.7532,56.7532,0,0,65.0,1.5,0.4,0.15,0.0415
Base TLBO,20260728,14,29,56.7532,56.7532,56.7532,0,0,65.0,1.5,0.4,0.15,0.0405
Base TLBO,20260728,14,30,56.7532,56.7532,56.7532,0,0,65.0,1.5,0.4,0.15,0.0406
Base TLBO,20260728,14,31,56.7532,56.7532,56.7532,0,0,65.0,1.5,0.4,0.15,0.0437
Base TLBO,20260728,14,32,56.7532,56.7532,56.7532,0,0,65.0,1.5,0.4,0.15,0.0471
Base TLBO,20260728,14,33,56.7532,56.7532,56.7532,0,0,65.0,1.5,0.4,0.15,0.0439
Base TLBO,20260728,14,34,56.7532,56.7532,56.7532,0,0,65.0,1.5,0.4,0.15,0.0374
Base TLBO,20260728,14,35,56.7532,56.7532,56.7532,0,0,65.0,1.5,0.4,0.15,0.0373
Base TLBO,20260728,14,36,56.7532,56.7532,56.7532,0,0,65.0,1.5,0.4,0.15,0.0453
Base TLBO,20260728,14,37,56.7532,56.7532,56.7532,0,0,65.0,1.5,0.4,0.15,0.0402
Base TLBO,20260728,14,38,56.7532,56.7532,56.7532,0,0,65.0,1.5,0.4,0.15,0.0417
Base TLBO,20260728,14,39,56.7532,56.7532,56.7532,0,0,65.0,1.5,0.4,0.15,0.0383
Base TLBO,20260728,14,40,56.7532,56.7532,56.7532,0,0,65.0,1.5,0.4,0.15,0.0421
Base TLBO,20260728,14,41,56.7532,56.7532,56.7532,0,0,65.0,1.5,0.4,0.15,0.0438
Base TLBO,20260728,14,42,56.7532,56.7532,56.7532,0,0,65.0,1.5,0.4,0.15,0.04
Base TLBO,20260728,14,43,56.7532,56.7532,56.7532,0,0,65.0,1.5,0.4,0.15,0.042
Base TLBO,20260728,14,44,56.7532,56.7532,56.7532,0,0,65.0,1.5,0.4,0.15,0.0413
Base TLBO,20260728,14,45,56.7532,56.7532,56.7532,0,0,65.0,1.5,0.4,0.15,0.041
Base TLBO,20260728,14,46,56.7532,56.7532,56.7532,0,0,65.0,1.5,0.4,0.15,0.044
Base TLBO,20260728,14,47,56.7532,56.7532,56.7532,0,0,65.0,1.5,0.4,0.15,0.0456
Base TLBO,20260728,14,48,56.7532,56.7532,56.7532,0,0,65.0,1.5,0.4,0.15,0.042
Base TLBO,20260728,14,49,56.7532,56.7532,56.7532,0,0,65.0,1.5,0.4,0.15,0.0395
Base TLBO,20260728,14,50,56.7532,56.7532,56.7532,0,0,65.0,1.5,0.4,0.15,0.0447
Base TLBO,20260729,15,1,56.266,14.0556,0.0,0,0,58.75,1.5,0.4,0.15,0.2206
Base TLBO,20260729,15,2,56.266,21.0888,0.0,0,0,58.75,1.5,0.4,0.15,0.1427
Base TLBO,20260729,15,3,56.266,28.1221,0.0,0,0,58.75,1.5,0.4,0.15,0.137
Base TLBO,20260729,15,4,56.266,35.1553,0.0,0,0,58.75,1.5,0.4,0.15,0.1208
Base TLBO,20260729,15,5,56.266,42.1885,0.0,0,0,58.75,1.5,0.4,0.15,0.0984
Base TLBO,20260729,15,6,56.266,49.2218,0.0,0,0,58.75,1.5,0.4,0.15,0.0881
Base TLBO,20260729,15,7,56.266,56.255,56.1784,0,0,58.75,1.5,0.4,0.15,0.0569
Base TLBO,20260729,15,8,56.266,56.266,56.266,0,0,58.75,1.5,0.4,0.15,0.0375
Base TLBO,20260729,15,9,56.266,56.266,56.266,0,0,58.75,1.5,0.4,0.15,0.0397
Base TLBO,20260729,15,10,56.266,56.266,56.266,0,0,58.75,1.5,0.4,0.15,0.0387
Base TLBO,20260729,15,11,56.266,56.266,56.266,0,0,58.75,1.5,0.4,0.15,0.0407
Base TLBO,20260729,15,12,56.266,56.266,56.266,0,0,58.75,1.5,0.4,0.15,0.0384
Base TLBO,20260729,15,13,56.266,56.266,56.266,0,0,58.75,1.5,0.4,0.15,0.0372
Base TLBO,20260729,15,14,56.266,56.266,56.266,0,0,58.75,1.5,0.4,0.15,0.0383
Base TLBO,20260729,15,15,56.266,56.266,56.266,0,0,58.75,1.5,0.4,0.15,0.0398
Base TLBO,20260729,15,16,56.266,56.266,56.266,0,0,58.75,1.5,0.4,0.15,0.042
Base TLBO,20260729,15,17,56.266,56.266,56.266,0,0,58.75,1.5,0.4,0.15,0.0402
Base TLBO,20260729,15,18,56.266,56.266,56.266,0,0,58.75,1.5,0.4,0.15,0.0378
Base TLBO,20260729,15,19,56.266,56.266,56.266,0,0,58.75,1.5,0.4,0.15,0.0422
Base TLBO,20260729,15,20,56.266,56.266,56.266,0,0,58.75,1.5,0.4,0.15,0.043
Base TLBO,20260729,15,21,56.266,56.266,56.266,0,0,58.75,1.5,0.4,0.15,0.0437
Base TLBO,20260729,15,22,56.266,56.266,56.266,0,0,58.75,1.5,0.4,0.15,0.041
Base TLBO,20260729,15,23,56.266,56.266,56.266,0,0,58.75,1.5,0.4,0.15,0.0454
Base TLBO,20260729,15,24,56.266,56.266,56.266,0,0,58.75,1.5,0.4,0.15,0.0433
Base TLBO,20260729,15,25,56.266,56.266,56.266,0,0,58.75,1.5,0.4,0.15,0.0412
Base TLBO,20260729,15,26,56.266,56.266,56.266,0,0,58.75,1.5,0.4,0.15,0.042
Base TLBO,20260729,15,27,56.266,56.266,56.266,0,0,58.75,1.5,0.4,0.15,0.04
Base TLBO,20260729,15,28,56.266,56.266,56.266,0,0,58.75,1.5,0.4,0.15,0.037
Base TLBO,20260729,15,29,56.266,56.266,56.266,0,0,58.75,1.5,0.4,0.15,0.0429
Base TLBO,20260729,15,30,56.266,56.266,56.266,0,0,58.75,1.5,0.4,0.15,0.0395
Base TLBO,20260729,15,31,56.266,56.266,56.266,0,0,58.75,1.5,0.4,0.15,0.0416
Base TLBO,20260729,15,32,56.266,56.266,56.266,0,0,58.75,1.5,0.4,0.15,0.0414
Base TLBO,20260729,15,33,56.266,56.266,56.266,0,0,58.75,1.5,0.4,0.15,0.0385
Base TLBO,20260729,15,34,56.266,56.266,56.266,0,0,58.75,1.5,0.4,0.15,0.0416
Base TLBO,20260729,15,35,56.266,56.266,56.266,0,0,58.75,1.5,0.4,0.15,0.0417
Base TLBO,20260729,15,36,56.266,56.266,56.266,0,0,58.75,1.5,0.4,0.15,0.0432
Base TLBO,20260729,15,37,56.266,56.266,56.266,0,0,58.75,1.5,0.4,0.15,0.0424
Base TLBO,20260729,15,38,56.266,56.266,56.266,0,0,58.75,1.5,0.4,0.15,0.0445
Base TLBO,20260729,15,39,56.266,56.266,56.266,0,0,58.75,1.5,0.4,0.15,0.0391
Base TLBO,20260729,15,40,56.266,56.266,56.266,0,0,58.75,1.5,0.4,0.15,0.0374
Base TLBO,20260729,15,41,56.266,56.266,56.266,0,0,58.75,1.5,0.4,0.15,0.0435
Base TLBO,20260729,15,42,56.266,56.266,56.266,0,0,58.75,1.5,0.4,0.15,0.0388
Base TLBO,20260729,15,43,56.266,56.266,56.266,0,0,58.75,1.5,0.4,0.15,0.0503
Base TLBO,20260729,15,44,56.266,56.266,56.266,0,0,58.75,1.5,0.4,0.15,0.0542
Base TLBO,20260729,15,45,56.266,56.266,56.266,0,0,58.75,1.5,0.4,0.15,0.0372
Base TLBO,20260729,15,46,56.266,56.266,56.266,0,0,58.75,1.5,0.4,0.15,0.0405
Base TLBO,20260729,15,47,56.266,56.266,56.266,0,0,58.75,1.5,0.4,0.15,0.0439
Base TLBO,20260729,15,48,56.266,56.266,56.266,0,0,58.75,1.5,0.4,0.15,0.0467
Base TLBO,20260729,15,49,56.266,56.266,56.266,0,0,58.75,1.5,0.4,0.15,0.0415
Base TLBO,20260729,15,50,56.266,56.266,56.266,0,0,58.75,1.5,0.4,0.15,0.0394
Base TLBO,20260730,16,1,56.2072,13.997,0.0,0,0,63.75,1.5,0.4,0.15,0.1706
Base TLBO,20260730,16,2,56.2072,21.023,0.0,0,0,63.75,1.5,0.4,0.15,0.1596
Base TLBO,20260730,16,3,56.2072,28.0489,0.0,0,0,63.75,1.5,0.4,0.15,0.1462
Base TLBO,20260730,16,4,56.2072,35.0748,0.0,0,0,63.75,1.5,0.4,0.15,0.1127
Base TLBO,20260730,16,5,56.2072,42.1007,0.0,0,0,63.75,1.5,0.4,0.15,0.1139
Base TLBO,20260730,16,6,56.2072,49.1266,0.0,0,0,63.75,1.5,0.4,0.15,0.0916
Base TLBO,20260730,16,7,56.2072,56.1525,55.7692,0,0,63.75,1.5,0.4,0.15,0.06
Base TLBO,20260730,16,8,56.2072,56.2072,56.2072,0,0,63.75,1.5,0.4,0.15,0.0399
Base TLBO,20260730,16,9,56.2072,56.2072,56.2072,0,0,63.75,1.5,0.4,0.15,0.0408
Base TLBO,20260730,16,10,56.2072,56.2072,56.2072,0,0,63.75,1.5,0.4,0.15,0.0388
Base TLBO,20260730,16,11,56.2072,56.2072,56.2072,0,0,63.75,1.5,0.4,0.15,0.0413
Base TLBO,20260730,16,12,56.2072,56.2072,56.2072,0,0,63.75,1.5,0.4,0.15,0.038
Base TLBO,20260730,16,13,56.2072,56.2072,56.2072,0,0,63.75,1.5,0.4,0.15,0.0416
Base TLBO,20260730,16,14,56.2072,56.2072,56.2072,0,0,63.75,1.5,0.4,0.15,0.039
Base TLBO,20260730,16,15,56.2072,56.2072,56.2072,0,0,63.75,1.5,0.4,0.15,0.0436
Base TLBO,20260730,16,16,56.2072,56.2072,56.2072,0,0,63.75,1.5,0.4,0.15,0.0402
Base TLBO,20260730,16,17,56.2072,56.2072,56.2072,0,0,63.75,1.5,0.4,0.15,0.0428
Base TLBO,20260730,16,18,56.2072,56.2072,56.2072,0,0,63.75,1.5,0.4,0.15,0.0413
Base TLBO,20260730,16,19,56.2072,56.2072,56.2072,0,0,63.75,1.5,0.4,0.15,0.0434
Base TLBO,20260730,16,20,56.2072,56.2072,56.2072,0,0,63.75,1.5,0.4,0.15,0.0379
Base TLBO,20260730,16,21,56.2072,56.2072,56.2072,0,0,63.75,1.5,0.4,0.15,0.0412
Base TLBO,20260730,16,22,56.2072,56.2072,56.2072,0,0,63.75,1.5,0.4,0.15,0.0379
Base TLBO,20260730,16,23,56.2072,56.2072,56.2072,0,0,63.75,1.5,0.4,0.15,0.0392
Base TLBO,20260730,16,24,56.2072,56.2072,56.2072,0,0,63.75,1.5,0.4,0.15,0.0444
Base TLBO,20260730,16,25,56.2072,56.2072,56.2072,0,0,63.75,1.5,0.4,0.15,0.0479
Base TLBO,20260730,16,26,56.2072,56.2072,56.2072,0,0,63.75,1.5,0.4,0.15,0.049
Base TLBO,20260730,16,27,56.2072,56.2072,56.2072,0,0,63.75,1.5,0.4,0.15,0.041
Base TLBO,20260730,16,28,56.2072,56.2072,56.2072,0,0,63.75,1.5,0.4,0.15,0.041
Base TLBO,20260730,16,29,56.2072,56.2072,56.2072,0,0,63.75,1.5,0.4,0.15,0.0386
Base TLBO,20260730,16,30,56.2072,56.2072,56.2072,0,0,63.75,1.5,0.4,0.15,0.0391
Base TLBO,20260730,16,31,56.2072,56.2072,56.2072,0,0,63.75,1.5,0.4,0.15,0.0426
Base TLBO,20260730,16,32,56.2072,56.2072,56.2072,0,0,63.75,1.5,0.4,0.15,0.0396
Base TLBO,20260730,16,33,56.2072,56.2072,56.2072,0,0,63.75,1.5,0.4,0.15,0.0405
Base TLBO,20260730,16,34,56.2072,56.2072,56.2072,0,0,63.75,1.5,0.4,0.15,0.0397
Base TLBO,20260730,16,35,56.2072,56.2072,56.2072,0,0,63.75,1.5,0.4,0.15,0.0382
Base TLBO,20260730,16,36,56.2072,56.2072,56.2072,0,0,63.75,1.5,0.4,0.15,0.0403
Base TLBO,20260730,16,37,56.2072,56.2072,56.2072,0,0,63.75,1.5,0.4,0.15,0.0396
Base TLBO,20260730,16,38,56.2072,56.2072,56.2072,0,0,63.75,1.5,0.4,0.15,0.0411
Base TLBO,20260730,16,39,56.2072,56.2072,56.2072,0,0,63.75,1.5,0.4,0.15,0.0434
Base TLBO,20260730,16,40,56.2072,56.2072,56.2072,0,0,63.75,1.5,0.4,0.15,0.0422
Base TLBO,20260730,16,41,56.2072,56.2072,56.2072,0,0,63.75,1.5,0.4,0.15,0.0409
Base TLBO,20260730,16,42,56.2072,56.2072,56.2072,0,0,63.75,1.5,0.4,0.15,0.0411
Base TLBO,20260730,16,43,56.2072,56.2072,56.2072,0,0,63.75,1.5,0.4,0.15,0.0436
Base TLBO,20260730,16,44,56.2072,56.2072,56.2072,0,0,63.75,1.5,0.4,0.15,0.0398
Base TLBO,20260730,16,45,56.2072,56.2072,56.2072,0,0,63.75,1.5,0.4,0.15,0.0395
Base TLBO,20260730,16,46,56.2072,56.2072,56.2072,0,0,63.75,1.5,0.4,0.15,0.0463
Base TLBO,20260730,16,47,56.2072,56.2072,56.2072,0,0,63.75,1.5,0.4,0.15,0.0402
Base TLBO,20260730,16,48,56.2072,56.2072,56.2072,0,0,63.75,1.5,0.4,0.15,0.0435
Base TLBO,20260730,16,49,56.2072,56.2072,56.2072,0,0,63.75,1.5,0.4,0.15,0.0383
Base TLBO,20260730,16,50,56.2072,56.2072,56.2072,0,0,63.75,1.5,0.4,0.15,0.0428
Base TLBO,20260731,17,1,56.266,27.8804,0.0,0,0,60.0,1.5,0.4,0.15,0.1731
Base TLBO,20260731,17,2,56.266,34.9137,0.0,0,0,60.0,1.5,0.4,0.15,0.1434
Base TLBO,20260731,17,3,56.266,41.9469,0.0,0,0,60.0,1.5,0.4,0.15,0.1301
Base TLBO,20260731,17,4,56.266,48.9802,0.0,0,0,60.0,1.5,0.4,0.15,0.1233
Base TLBO,20260731,17,5,56.3584,56.025,55.3252,0,0,58.75,1.5,0.4,0.15,0.1105
Base TLBO,20260731,17,6,56.4892,56.1897,55.612,0,0,58.75,1.5,0.4,0.15,0.137
Base TLBO,20260731,17,7,56.56,56.34,55.84,0,0,61.25,1.5,0.4,0.15,0.147
Base TLBO,20260731,17,8,56.6728,56.5279,56.3584,0,0,57.5,1.5,0.4,0.15,0.1387
Base TLBO,20260731,17,9,56.6728,56.5717,56.422,0,0,57.5,1.5,0.4,0.15,0.1378
Base TLBO,20260731,17,10,56.7124,56.6262,56.524,0,0,58.75,1.5,0.4,0.15,0.1089
Base TLBO,20260731,17,11,56.7532,56.6799,56.56,0,0,58.75,1.5,0.4,0.15,0.112
Base TLBO,20260731,17,12,56.8396,56.7751,56.7124,0,0,57.5,1.5,0.4,0.15,0.1244
Base TLBO,20260731,17,13,56.8396,56.8122,56.7532,0,0,57.5,1.5,0.4,0.15,0.1247
Base TLBO,20260731,17,14,56.932,56.84,56.7952,0,0,57.5,1.5,0.4,0.15,0.1207
Base TLBO,20260731,17,15,56.932,56.8683,56.7952,0,0,57.5,1.5,0.4,0.15,0.1046
Base TLBO,20260731,17,16,56.932,56.9025,56.8396,0,0,57.5,1.5,0.4,0.15,0.0866
Base TLBO,20260731,17,17,56.932,56.926,56.884,0,0,57.5,1.5,0.4,0.15,0.0638
Base TLBO,20260731,17,18,56.932,56.932,56.932,0,0,57.5,1.5,0.4,0.15,0.0414
Base TLBO,20260731,17,19,56.932,56.932,56.932,0,0,57.5,1.5,0.4,0.15,0.0409
Base TLBO,20260731,17,20,56.932,56.932,56.932,0,0,57.5,1.5,0.4,0.15,0.0424
Base TLBO,20260731,17,21,56.932,56.932,56.932,0,0,57.5,1.5,0.4,0.15,0.0408
Base TLBO,20260731,17,22,56.932,56.932,56.932,0,0,57.5,1.5,0.4,0.15,0.039
Base TLBO,20260731,17,23,56.932,56.932,56.932,0,0,57.5,1.5,0.4,0.15,0.0446
Base TLBO,20260731,17,24,56.932,56.932,56.932,0,0,57.5,1.5,0.4,0.15,0.0441
Base TLBO,20260731,17,25,56.932,56.932,56.932,0,0,57.5,1.5,0.4,0.15,0.0467
Base TLBO,20260731,17,26,56.932,56.932,56.932,0,0,57.5,1.5,0.4,0.15,0.0409
Base TLBO,20260731,17,27,56.932,56.932,56.932,0,0,57.5,1.5,0.4,0.15,0.0409
Base TLBO,20260731,17,28,56.932,56.932,56.932,0,0,57.5,1.5,0.4,0.15,0.0392
Base TLBO,20260731,17,29,56.932,56.932,56.932,0,0,57.5,1.5,0.4,0.15,0.0428
Base TLBO,20260731,17,30,56.932,56.932,56.932,0,0,57.5,1.5,0.4,0.15,0.0429
Base TLBO,20260731,17,31,56.932,56.932,56.932,0,0,57.5,1.5,0.4,0.15,0.0387
Base TLBO,20260731,17,32,56.932,56.932,56.932,0,0,57.5,1.5,0.4,0.15,0.0384
Base TLBO,20260731,17,33,56.932,56.932,56.932,0,0,57.5,1.5,0.4,0.15,0.0465
Base TLBO,20260731,17,34,56.932,56.932,56.932,0,0,57.5,1.5,0.4,0.15,0.0465
Base TLBO,20260731,17,35,56.932,56.932,56.932,0,0,57.5,1.5,0.4,0.15,0.0464
Base TLBO,20260731,17,36,56.932,56.932,56.932,0,0,57.5,1.5,0.4,0.15,0.0384
Base TLBO,20260731,17,37,56.932,56.932,56.932,0,0,57.5,1.5,0.4,0.15,0.0394
Base TLBO,20260731,17,38,56.932,56.932,56.932,0,0,57.5,1.5,0.4,0.15,0.0384
Base TLBO,20260731,17,39,56.932,56.932,56.932,0,0,57.5,1.5,0.4,0.15,0.0392
Base TLBO,20260731,17,40,56.932,56.932,56.932,0,0,57.5,1.5,0.4,0.15,0.0407
Base TLBO,20260731,17,41,56.932,56.932,56.932,0,0,57.5,1.5,0.4,0.15,0.0391
Base TLBO,20260731,17,42,56.932,56.932,56.932,0,0,57.5,1.5,0.4,0.15,0.0406
Base TLBO,20260731,17,43,56.932,56.932,56.932,0,0,57.5,1.5,0.4,0.15,0.0441
Base TLBO,20260731,17,44,56.932,56.932,56.932,0,0,57.5,1.5,0.4,0.15,0.0412
Base TLBO,20260731,17,45,56.932,56.932,56.932,0,0,57.5,1.5,0.4,0.15,0.0422
Base TLBO,20260731,17,46,56.932,56.932,56.932,0,0,57.5,1.5,0.4,0.15,0.0425
Base TLBO,20260731,17,47,56.932,56.932,56.932,0,0,57.5,1.5,0.4,0.15,0.046
Base TLBO,20260731,17,48,56.932,56.932,56.932,0,0,57.5,1.5,0.4,0.15,0.0385
Base TLBO,20260731,17,49,56.932,56.932,56.932,0,0,57.5,1.5,0.4,0.15,0.0439
Base TLBO,20260731,17,50,56.932,56.932,56.932,0,0,57.5,1.5,0.4,0.15,0.041
Base TLBO,20260732,18,1,56.3896,20.9691,0.0,0,0,65.0,1.5,0.4,0.15,0.1649
Base TLBO,20260732,18,2,56.3896,28.0178,0.0,0,0,65.0,1.5,0.4,0.15,0.1568
Base TLBO,20260732,18,3,56.3896,35.0665,0.0,0,0,65.0,1.5,0.4,0.15,0.1471
Base TLBO,20260732,18,4,56.3896,42.1152,0.0,0,0,65.0,1.5,0.4,0.15,0.1127
Base TLBO,20260732,18,5,56.3896,49.1639,0.0,0,0,65.0,1.5,0.4,0.15,0.1073
Base TLBO,20260732,18,6,56.3896,56.2126,55.2676,0,0,65.0,1.5,0.4,0.15,0.0734
Base TLBO,20260732,18,7,56.3896,56.3529,56.0956,0,0,65.0,1.5,0.4,0.15,0.0701
Base TLBO,20260732,18,8,56.3896,56.3896,56.3896,0,0,65.0,1.5,0.4,0.15,0.0425
Base TLBO,20260732,18,9,56.3896,56.3896,56.3896,0,0,65.0,1.5,0.4,0.15,0.0391
Base TLBO,20260732,18,10,56.3896,56.3896,56.3896,0,0,65.0,1.5,0.4,0.15,0.0469
Base TLBO,20260732,18,11,56.3896,56.3896,56.3896,0,0,65.0,1.5,0.4,0.15,0.0418
Base TLBO,20260732,18,12,56.3896,56.3896,56.3896,0,0,65.0,1.5,0.4,0.15,0.0428
Base TLBO,20260732,18,13,56.3896,56.3896,56.3896,0,0,65.0,1.5,0.4,0.15,0.0499
Base TLBO,20260732,18,14,56.3896,56.3896,56.3896,0,0,65.0,1.5,0.4,0.15,0.0402
Base TLBO,20260732,18,15,56.3896,56.3896,56.3896,0,0,65.0,1.5,0.4,0.15,0.0408
Base TLBO,20260732,18,16,56.3896,56.3896,56.3896,0,0,65.0,1.5,0.4,0.15,0.0384
Base TLBO,20260732,18,17,56.3896,56.3896,56.3896,0,0,65.0,1.5,0.4,0.15,0.0396
Base TLBO,20260732,18,18,56.3896,56.3896,56.3896,0,0,65.0,1.5,0.4,0.15,0.039
Base TLBO,20260732,18,19,56.3896,56.3896,56.3896,0,0,65.0,1.5,0.4,0.15,0.0461
Base TLBO,20260732,18,20,56.3896,56.3896,56.3896,0,0,65.0,1.5,0.4,0.15,0.0421
Base TLBO,20260732,18,21,56.3896,56.3896,56.3896,0,0,65.0,1.5,0.4,0.15,0.0376
Base TLBO,20260732,18,22,56.3896,56.3896,56.3896,0,0,65.0,1.5,0.4,0.15,0.0415
Base TLBO,20260732,18,23,56.3896,56.3896,56.3896,0,0,65.0,1.5,0.4,0.15,0.0381
Base TLBO,20260732,18,24,56.3896,56.3896,56.3896,0,0,65.0,1.5,0.4,0.15,0.0381
Base TLBO,20260732,18,25,56.3896,56.3896,56.3896,0,0,65.0,1.5,0.4,0.15,0.043
Base TLBO,20260732,18,26,56.3896,56.3896,56.3896,0,0,65.0,1.5,0.4,0.15,0.0396
Base TLBO,20260732,18,27,56.3896,56.3896,56.3896,0,0,65.0,1.5,0.4,0.15,0.0388
Base TLBO,20260732,18,28,56.3896,56.3896,56.3896,0,0,65.0,1.5,0.4,0.15,0.0376
Base TLBO,20260732,18,29,56.3896,56.3896,56.3896,0,0,65.0,1.5,0.4,0.15,0.0392
Base TLBO,20260732,18,30,56.3896,56.3896,56.3896,0,0,65.0,1.5,0.4,0.15,0.0445
Base TLBO,20260732,18,31,56.3896,56.3896,56.3896,0,0,65.0,1.5,0.4,0.15,0.0482
Base TLBO,20260732,18,32,56.3896,56.3896,56.3896,0,0,65.0,1.5,0.4,0.15,0.0375
Base TLBO,20260732,18,33,56.3896,56.3896,56.3896,0,0,65.0,1.5,0.4,0.15,0.0391
Base TLBO,20260732,18,34,56.3896,56.3896,56.3896,0,0,65.0,1.5,0.4,0.15,0.0388
Base TLBO,20260732,18,35,56.3896,56.3896,56.3896,0,0,65.0,1.5,0.4,0.15,0.0469
Base TLBO,20260732,18,36,56.3896,56.3896,56.3896,0,0,65.0,1.5,0.4,0.15,0.0378
Base TLBO,20260732,18,37,56.3896,56.3896,56.3896,0,0,65.0,1.5,0.4,0.15,0.0504
Base TLBO,20260732,18,38,56.3896,56.3896,56.3896,0,0,65.0,1.5,0.4,0.15,0.0647
Base TLBO,20260732,18,39,56.3896,56.3896,56.3896,0,0,65.0,1.5,0.4,0.15,0.0671
Base TLBO,20260732,18,40,56.3896,56.3896,56.3896,0,0,65.0,1.5,0.4,0.15,0.038
Base TLBO,20260732,18,41,56.3896,56.3896,56.3896,0,0,65.0,1.5,0.4,0.15,0.0375
Base TLBO,20260732,18,42,56.3896,56.3896,56.3896,0,0,65.0,1.5,0.4,0.15,0.0373
Base TLBO,20260732,18,43,56.3896,56.3896,56.3896,0,0,65.0,1.5,0.4,0.15,0.0407
Base TLBO,20260732,18,44,56.3896,56.3896,56.3896,0,0,65.0,1.5,0.4,0.15,0.038
Base TLBO,20260732,18,45,56.3896,56.3896,56.3896,0,0,65.0,1.5,0.4,0.15,0.0474
Base TLBO,20260732,18,46,56.3896,56.3896,56.3896,0,0,65.0,1.5,0.4,0.15,0.0469
Base TLBO,20260732,18,47,56.3896,56.3896,56.3896,0,0,65.0,1.5,0.4,0.15,0.0392
Base TLBO,20260732,18,48,56.3896,56.3896,56.3896,0,0,65.0,1.5,0.4,0.15,0.055
Base TLBO,20260732,18,49,56.3896,56.3896,56.3896,0,0,65.0,1.5,0.4,0.15,0.0384
Base TLBO,20260732,18,50,56.3896,56.3896,56.3896,0,0,65.0,1.5,0.4,0.15,0.039
Base TLBO,20260733,19,1,56.4892,35.0242,0.0,0,0,58.75,1.5,0.4,0.15,0.1892
Base TLBO,20260733,19,2,56.4892,42.0853,0.0,0,0,58.75,1.5,0.4,0.15,0.1349
Base TLBO,20260733,19,3,56.4892,49.1465,0.0,0,0,58.75,1.5,0.4,0.15,0.134
Base TLBO,20260733,19,4,56.4892,56.2077,55.3444,0,0,58.75,1.5,0.4,0.15,0.117
Base TLBO,20260733,19,5,56.4892,56.3507,55.9132,0,0,58.75,1.5,0.4,0.15,0.1024
Base TLBO,20260733,19,6,56.4892,56.4227,56.1508,0,0,58.75,1.5,0.4,0.15,0.0997
Base TLBO,20260733,19,7,56.4892,56.465,56.296,0,0,58.75,1.5,0.4,0.15,0.0548
Base TLBO,20260733,19,8,56.4892,56.4892,56.4892,0,0,58.75,1.5,0.4,0.15,0.0447
Base TLBO,20260733,19,9,56.4892,56.4892,56.4892,0,0,58.75,1.5,0.4,0.15,0.046
Base TLBO,20260733,19,10,56.4892,56.4892,56.4892,0,0,58.75,1.5,0.4,0.15,0.0384
Base TLBO,20260733,19,11,56.4892,56.4892,56.4892,0,0,58.75,1.5,0.4,0.15,0.0416
Base TLBO,20260733,19,12,56.4892,56.4892,56.4892,0,0,58.75,1.5,0.4,0.15,0.0426
Base TLBO,20260733,19,13,56.4892,56.4892,56.4892,0,0,58.75,1.5,0.4,0.15,0.0431
Base TLBO,20260733,19,14,56.4892,56.4892,56.4892,0,0,58.75,1.5,0.4,0.15,0.0385
Base TLBO,20260733,19,15,56.4892,56.4892,56.4892,0,0,58.75,1.5,0.4,0.15,0.0387
Base TLBO,20260733,19,16,56.4892,56.4892,56.4892,0,0,58.75,1.5,0.4,0.15,0.0412
Base TLBO,20260733,19,17,56.4892,56.4892,56.4892,0,0,58.75,1.5,0.4,0.15,0.0463
Base TLBO,20260733,19,18,56.4892,56.4892,56.4892,0,0,58.75,1.5,0.4,0.15,0.0482
Base TLBO,20260733,19,19,56.4892,56.4892,56.4892,0,0,58.75,1.5,0.4,0.15,0.0397
Base TLBO,20260733,19,20,56.4892,56.4892,56.4892,0,0,58.75,1.5,0.4,0.15,0.0386
Base TLBO,20260733,19,21,56.4892,56.4892,56.4892,0,0,58.75,1.5,0.4,0.15,0.0637
Base TLBO,20260733,19,22,56.4892,56.4892,56.4892,0,0,58.75,1.5,0.4,0.15,0.0496
Base TLBO,20260733,19,23,56.4892,56.4892,56.4892,0,0,58.75,1.5,0.4,0.15,0.0378
Base TLBO,20260733,19,24,56.4892,56.4892,56.4892,0,0,58.75,1.5,0.4,0.15,0.0434
Base TLBO,20260733,19,25,56.4892,56.4892,56.4892,0,0,58.75,1.5,0.4,0.15,0.0463
Base TLBO,20260733,19,26,56.4892,56.4892,56.4892,0,0,58.75,1.5,0.4,0.15,0.0386
Base TLBO,20260733,19,27,56.4892,56.4892,56.4892,0,0,58.75,1.5,0.4,0.15,0.0392
Base TLBO,20260733,19,28,56.4892,56.4892,56.4892,0,0,58.75,1.5,0.4,0.15,0.0456
Base TLBO,20260733,19,29,56.4892,56.4892,56.4892,0,0,58.75,1.5,0.4,0.15,0.0386
Base TLBO,20260733,19,30,56.4892,56.4892,56.4892,0,0,58.75,1.5,0.4,0.15,0.04
Base TLBO,20260733,19,31,56.4892,56.4892,56.4892,0,0,58.75,1.5,0.4,0.15,0.0388
Base TLBO,20260733,19,32,56.4892,56.4892,56.4892,0,0,58.75,1.5,0.4,0.15,0.047
Base TLBO,20260733,19,33,56.4892,56.4892,56.4892,0,0,58.75,1.5,0.4,0.15,0.0436
Base TLBO,20260733,19,34,56.4892,56.4892,56.4892,0,0,58.75,1.5,0.4,0.15,0.0418
Base TLBO,20260733,19,35,56.4892,56.4892,56.4892,0,0,58.75,1.5,0.4,0.15,0.0383
Base TLBO,20260733,19,36,56.4892,56.4892,56.4892,0,0,58.75,1.5,0.4,0.15,0.0682
Base TLBO,20260733,19,37,56.4892,56.4892,56.4892,0,0,58.75,1.5,0.4,0.15,0.0377
Base TLBO,20260733,19,38,56.4892,56.4892,56.4892,0,0,58.75,1.5,0.4,0.15,0.0376
Base TLBO,20260733,19,39,56.4892,56.4892,56.4892,0,0,58.75,1.5,0.4,0.15,0.0492
Base TLBO,20260733,19,40,56.4892,56.4892,56.4892,0,0,58.75,1.5,0.4,0.15,0.0374
Base TLBO,20260733,19,41,56.4892,56.4892,56.4892,0,0,58.75,1.5,0.4,0.15,0.0431
Base TLBO,20260733,19,42,56.4892,56.4892,56.4892,0,0,58.75,1.5,0.4,0.15,0.039
Base TLBO,20260733,19,43,56.4892,56.4892,56.4892,0,0,58.75,1.5,0.4,0.15,0.0417
Base TLBO,20260733,19,44,56.4892,56.4892,56.4892,0,0,58.75,1.5,0.4,0.15,0.0426
Base TLBO,20260733,19,45,56.4892,56.4892,56.4892,0,0,58.75,1.5,0.4,0.15,0.0444
Base TLBO,20260733,19,46,56.4892,56.4892,56.4892,0,0,58.75,1.5,0.4,0.15,0.0387
Base TLBO,20260733,19,47,56.4892,56.4892,56.4892,0,0,58.75,1.5,0.4,0.15,0.0397
Base TLBO,20260733,19,48,56.4892,56.4892,56.4892,0,0,58.75,1.5,0.4,0.15,0.0407
Base TLBO,20260733,19,49,56.4892,56.4892,56.4892,0,0,58.75,1.5,0.4,0.15,0.0459
Base TLBO,20260733,19,50,56.4892,56.4892,56.4892,0,0,58.75,1.5,0.4,0.15,0.0396
Base TLBO,20260734,20,1,56.068,20.9811,0.0,0,0,68.75,1.5,0.4,0.15,0.1664
Base TLBO,20260734,20,2,56.068,27.9896,0.0,0,0,68.75,1.5,0.4,0.15,0.1717
Base TLBO,20260734,20,3,56.068,34.9981,0.0,0,0,68.75,1.5,0.4,0.15,0.1325
Base TLBO,20260734,20,4,56.068,42.0066,0.0,0,0,68.75,1.5,0.4,0.15,0.1138
Base TLBO,20260734,20,5,56.068,49.0151,0.0,0,0,68.75,1.5,0.4,0.15,0.1157
Base TLBO,20260734,20,6,56.068,56.0236,55.792,0,0,68.75,1.5,0.4,0.15,0.0743
Base TLBO,20260734,20,7,56.068,56.0581,55.9888,0,0,68.75,1.5,0.4,0.15,0.0591
Base TLBO,20260734,20,8,56.068,56.068,56.068,0,0,68.75,1.5,0.4,0.15,0.0372
Base TLBO,20260734,20,9,56.068,56.068,56.068,0,0,68.75,1.5,0.4,0.15,0.0387
Base TLBO,20260734,20,10,56.068,56.068,56.068,0,0,68.75,1.5,0.4,0.15,0.0389
Base TLBO,20260734,20,11,56.068,56.068,56.068,0,0,68.75,1.5,0.4,0.15,0.0377
Base TLBO,20260734,20,12,56.068,56.068,56.068,0,0,68.75,1.5,0.4,0.15,0.0384
Base TLBO,20260734,20,13,56.068,56.068,56.068,0,0,68.75,1.5,0.4,0.15,0.0441
Base TLBO,20260734,20,14,56.068,56.068,56.068,0,0,68.75,1.5,0.4,0.15,0.0433
Base TLBO,20260734,20,15,56.068,56.068,56.068,0,0,68.75,1.5,0.4,0.15,0.0383
Base TLBO,20260734,20,16,56.068,56.068,56.068,0,0,68.75,1.5,0.4,0.15,0.039
Base TLBO,20260734,20,17,56.068,56.068,56.068,0,0,68.75,1.5,0.4,0.15,0.0454
Base TLBO,20260734,20,18,56.068,56.068,56.068,0,0,68.75,1.5,0.4,0.15,0.0422
Base TLBO,20260734,20,19,56.068,56.068,56.068,0,0,68.75,1.5,0.4,0.15,0.0373
Base TLBO,20260734,20,20,56.068,56.068,56.068,0,0,68.75,1.5,0.4,0.15,0.0373
Base TLBO,20260734,20,21,56.068,56.068,56.068,0,0,68.75,1.5,0.4,0.15,0.0407
Base TLBO,20260734,20,22,56.068,56.068,56.068,0,0,68.75,1.5,0.4,0.15,0.0389
Base TLBO,20260734,20,23,56.068,56.068,56.068,0,0,68.75,1.5,0.4,0.15,0.0382
Base TLBO,20260734,20,24,56.068,56.068,56.068,0,0,68.75,1.5,0.4,0.15,0.0411
Base TLBO,20260734,20,25,56.068,56.068,56.068,0,0,68.75,1.5,0.4,0.15,0.0389
Base TLBO,20260734,20,26,56.068,56.068,56.068,0,0,68.75,1.5,0.4,0.15,0.0394
Base TLBO,20260734,20,27,56.068,56.068,56.068,0,0,68.75,1.5,0.4,0.15,0.044
Base TLBO,20260734,20,28,56.068,56.068,56.068,0,0,68.75,1.5,0.4,0.15,0.0373
Base TLBO,20260734,20,29,56.068,56.068,56.068,0,0,68.75,1.5,0.4,0.15,0.0387
Base TLBO,20260734,20,30,56.068,56.068,56.068,0,0,68.75,1.5,0.4,0.15,0.0369
Base TLBO,20260734,20,31,56.068,56.068,56.068,0,0,68.75,1.5,0.4,0.15,0.0371
Base TLBO,20260734,20,32,56.068,56.068,56.068,0,0,68.75,1.5,0.4,0.15,0.0373
Base TLBO,20260734,20,33,56.068,56.068,56.068,0,0,68.75,1.5,0.4,0.15,0.0378
Base TLBO,20260734,20,34,56.068,56.068,56.068,0,0,68.75,1.5,0.4,0.15,0.041
Base TLBO,20260734,20,35,56.068,56.068,56.068,0,0,68.75,1.5,0.4,0.15,0.0444
Base TLBO,20260734,20,36,56.068,56.068,56.068,0,0,68.75,1.5,0.4,0.15,0.0424
Base TLBO,20260734,20,37,56.068,56.068,56.068,0,0,68.75,1.5,0.4,0.15,0.0384
Base TLBO,20260734,20,38,56.068,56.068,56.068,0,0,68.75,1.5,0.4,0.15,0.038
Base TLBO,20260734,20,39,56.068,56.068,56.068,0,0,68.75,1.5,0.4,0.15,0.0428
Base TLBO,20260734,20,40,56.068,56.068,56.068,0,0,68.75,1.5,0.4,0.15,0.0402
Base TLBO,20260734,20,41,56.068,56.068,56.068,0,0,68.75,1.5,0.4,0.15,0.0379
Base TLBO,20260734,20,42,56.068,56.068,56.068,0,0,68.75,1.5,0.4,0.15,0.0458
Base TLBO,20260734,20,43,56.068,56.068,56.068,0,0,68.75,1.5,0.4,0.15,0.0416
Base TLBO,20260734,20,44,56.068,56.068,56.068,0,0,68.75,1.5,0.4,0.15,0.0458
Base TLBO,20260734,20,45,56.068,56.068,56.068,0,0,68.75,1.5,0.4,0.15,0.0387
Base TLBO,20260734,20,46,56.068,56.068,56.068,0,0,68.75,1.5,0.4,0.15,0.0417
Base TLBO,20260734,20,47,56.068,56.068,56.068,0,0,68.75,1.5,0.4,0.15,0.0421
Base TLBO,20260734,20,48,56.068,56.068,56.068,0,0,68.75,1.5,0.4,0.15,0.0373
Base TLBO,20260734,20,49,56.068,56.068,56.068,0,0,68.75,1.5,0.4,0.15,0.0388
Base TLBO,20260734,20,50,56.068,56.068,56.068,0,0,68.75,1.5,0.4,0.15,0.0435
Base TLBO,20260735,21,1,56.0152,20.9035,0.0,0,0,66.25,1.5,0.4,0.15,0.1624
Base TLBO,20260735,21,2,56.0152,27.9055,0.0,0,0,66.25,1.5,0.4,0.15,0.1397
Base TLBO,20260735,21,3,56.0152,34.9074,0.0,0,0,66.25,1.5,0.4,0.15,0.1405
Base TLBO,20260735,21,4,56.0152,41.9093,0.0,0,0,66.25,1.5,0.4,0.15,0.1252
Base TLBO,20260735,21,5,56.0152,48.9111,0.0,0,0,66.25,1.5,0.4,0.15,0.1209
Base TLBO,20260735,21,6,56.0152,55.913,55.3252,0,0,66.25,1.5,0.4,0.15,0.0766
Base TLBO,20260735,21,7,56.0152,55.9993,55.888,0,0,66.25,1.5,0.4,0.15,0.0689
Base TLBO,20260735,21,8,56.0152,56.0152,56.0152,0,0,66.25,1.5,0.4,0.15,0.0378
Base TLBO,20260735,21,9,56.0152,56.0152,56.0152,0,0,66.25,1.5,0.4,0.15,0.0446
Base TLBO,20260735,21,10,56.0152,56.0152,56.0152,0,0,66.25,1.5,0.4,0.15,0.0412
Base TLBO,20260735,21,11,56.0152,56.0152,56.0152,0,0,66.25,1.5,0.4,0.15,0.04
Base TLBO,20260735,21,12,56.0152,56.0152,56.0152,0,0,66.25,1.5,0.4,0.15,0.0401
Base TLBO,20260735,21,13,56.0152,56.0152,56.0152,0,0,66.25,1.5,0.4,0.15,0.04
Base TLBO,20260735,21,14,56.0152,56.0152,56.0152,0,0,66.25,1.5,0.4,0.15,0.047
Base TLBO,20260735,21,15,56.0152,56.0152,56.0152,0,0,66.25,1.5,0.4,0.15,0.0416
Base TLBO,20260735,21,16,56.0152,56.0152,56.0152,0,0,66.25,1.5,0.4,0.15,0.0407
Base TLBO,20260735,21,17,56.0152,56.0152,56.0152,0,0,66.25,1.5,0.4,0.15,0.0437
Base TLBO,20260735,21,18,56.0152,56.0152,56.0152,0,0,66.25,1.5,0.4,0.15,0.0392
Base TLBO,20260735,21,19,56.0152,56.0152,56.0152,0,0,66.25,1.5,0.4,0.15,0.0424
Base TLBO,20260735,21,20,56.0152,56.0152,56.0152,0,0,66.25,1.5,0.4,0.15,0.0383
Base TLBO,20260735,21,21,56.0152,56.0152,56.0152,0,0,66.25,1.5,0.4,0.15,0.0401
Base TLBO,20260735,21,22,56.0152,56.0152,56.0152,0,0,66.25,1.5,0.4,0.15,0.0383
Base TLBO,20260735,21,23,56.0152,56.0152,56.0152,0,0,66.25,1.5,0.4,0.15,0.0415
Base TLBO,20260735,21,24,56.0152,56.0152,56.0152,0,0,66.25,1.5,0.4,0.15,0.0415
Base TLBO,20260735,21,25,56.0152,56.0152,56.0152,0,0,66.25,1.5,0.4,0.15,0.0406
Base TLBO,20260735,21,26,56.0152,56.0152,56.0152,0,0,66.25,1.5,0.4,0.15,0.0406
Base TLBO,20260735,21,27,56.0152,56.0152,56.0152,0,0,66.25,1.5,0.4,0.15,0.0388
Base TLBO,20260735,21,28,56.0152,56.0152,56.0152,0,0,66.25,1.5,0.4,0.15,0.0399
Base TLBO,20260735,21,29,56.0152,56.0152,56.0152,0,0,66.25,1.5,0.4,0.15,0.0446
Base TLBO,20260735,21,30,56.0152,56.0152,56.0152,0,0,66.25,1.5,0.4,0.15,0.0429
Base TLBO,20260735,21,31,56.0152,56.0152,56.0152,0,0,66.25,1.5,0.4,0.15,0.0473
Base TLBO,20260735,21,32,56.0152,56.0152,56.0152,0,0,66.25,1.5,0.4,0.15,0.042
Base TLBO,20260735,21,33,56.0152,56.0152,56.0152,0,0,66.25,1.5,0.4,0.15,0.0393
Base TLBO,20260735,21,34,56.0152,56.0152,56.0152,0,0,66.25,1.5,0.4,0.15,0.0416
Base TLBO,20260735,21,35,56.0152,56.0152,56.0152,0,0,66.25,1.5,0.4,0.15,0.0399
Base TLBO,20260735,21,36,56.0152,56.0152,56.0152,0,0,66.25,1.5,0.4,0.15,0.0382
Base TLBO,20260735,21,37,56.0152,56.0152,56.0152,0,0,66.25,1.5,0.4,0.15,0.0422
Base TLBO,20260735,21,38,56.0152,56.0152,56.0152,0,0,66.25,1.5,0.4,0.15,0.0406
Base TLBO,20260735,21,39,56.0152,56.0152,56.0152,0,0,66.25,1.5,0.4,0.15,0.0416
Base TLBO,20260735,21,40,56.0152,56.0152,56.0152,0,0,66.25,1.5,0.4,0.15,0.0393
Base TLBO,20260735,21,41,56.0152,56.0152,56.0152,0,0,66.25,1.5,0.4,0.15,0.0432
Base TLBO,20260735,21,42,56.0152,56.0152,56.0152,0,0,66.25,1.5,0.4,0.15,0.0416
Base TLBO,20260735,21,43,56.0152,56.0152,56.0152,0,0,66.25,1.5,0.4,0.15,0.0424
Base TLBO,20260735,21,44,56.0152,56.0152,56.0152,0,0,66.25,1.5,0.4,0.15,0.0437
Base TLBO,20260735,21,45,56.0152,56.0152,56.0152,0,0,66.25,1.5,0.4,0.15,0.0413
Base TLBO,20260735,21,46,56.0152,56.0152,56.0152,0,0,66.25,1.5,0.4,0.15,0.0435
Base TLBO,20260735,21,47,56.0152,56.0152,56.0152,0,0,66.25,1.5,0.4,0.15,0.04
Base TLBO,20260735,21,48,56.0152,56.0152,56.0152,0,0,66.25,1.5,0.4,0.15,0.0374
Base TLBO,20260735,21,49,56.0152,56.0152,56.0152,0,0,66.25,1.5,0.4,0.15,0.0415
Base TLBO,20260735,21,50,56.0152,56.0152,56.0152,0,0,66.25,1.5,0.4,0.15,0.0455
Base TLBO,20260736,22,1,56.1784,14.0308,0.0,0,0,71.25,1.5,0.4,0.15,0.1596
Base TLBO,20260736,22,2,56.1784,21.0531,0.0,0,0,71.25,1.5,0.4,0.15,0.1687
Base TLBO,20260736,22,3,56.1784,28.0754,0.0,0,0,71.25,1.5,0.4,0.15,0.1508
Base TLBO,20260736,22,4,56.1784,35.0977,0.0,0,0,71.25,1.5,0.4,0.15,0.1266
Base TLBO,20260736,22,5,56.296,42.1347,0.0,0,0,67.5,1.5,0.4,0.15,0.1158
Base TLBO,20260736,22,6,56.296,49.1717,0.0,0,0,67.5,1.5,0.4,0.15,0.1395
Base TLBO,20260736,22,7,56.524,56.2519,56.068,0,0,67.5,1.5,0.4,0.15,0.1186
Base TLBO,20260736,22,8,56.524,56.3289,56.1784,0,0,67.5,1.5,0.4,0.15,0.0993
Base TLBO,20260736,22,9,56.524,56.3721,56.1784,0,0,67.5,1.5,0.4,0.15,0.1205
Base TLBO,20260736,22,10,56.524,56.4394,56.1784,0,0,67.5,1.5,0.4,0.15,0.0977
Base TLBO,20260736,22,11,56.56,56.5031,56.3896,0,0,67.5,1.5,0.4,0.15,0.1083
Base TLBO,20260736,22,12,56.596,56.5335,56.4556,0,0,67.5,1.5,0.4,0.15,0.1106
Base TLBO,20260736,22,13,56.6728,56.5882,56.524,0,0,67.5,1.5,0.4,0.15,0.1217
Base TLBO,20260736,22,14,56.6728,56.6164,56.524,0,0,67.5,1.5,0.4,0.15,0.1218
Base TLBO,20260736,22,15,56.7532,56.6788,56.56,0,0,67.5,1.5,0.4,0.15,0.113
Base TLBO,20260736,22,16,56.884,56.7394,56.6728,0,0,67.5,1.5,0.4,0.15,0.073
Base TLBO,20260736,22,17,56.884,56.7707,56.6728,0,0,67.5,1.5,0.4,0.15,0.1134
Base TLBO,20260736,22,18,56.884,56.7972,56.7124,0,0,67.5,1.5,0.4,0.15,0.0951
Base TLBO,20260736,22,19,56.884,56.8186,56.7532,0,0,67.5,1.5,0.4,0.15,0.1131
Base TLBO,20260736,22,20,56.884,56.8729,56.8396,0,0,67.5,1.5,0.4,0.15,0.0779
Base TLBO,20260736,22,21,56.932,56.896,56.884,0,0,67.5,1.5,0.4,0.15,0.062
Base TLBO,20260736,22,22,56.9812,56.9201,56.884,0,0,67.5,1.5,0.4,0.15,0.0669
Base TLBO,20260736,22,23,56.9812,56.9569,56.884,0,0,67.5,1.5,0.4,0.15,0.1453
Base TLBO,20260736,22,24,56.9812,56.9812,56.9812,0,0,67.5,1.5,0.4,0.15,0.0781
Base TLBO,20260736,22,25,56.9812,56.9812,56.9812,0,0,67.5,1.5,0.4,0.15,0.0403
Base TLBO,20260736,22,26,56.9812,56.9812,56.9812,0,0,67.5,1.5,0.4,0.15,0.0382
Base TLBO,20260736,22,27,56.9812,56.9812,56.9812,0,0,67.5,1.5,0.4,0.15,0.0391
Base TLBO,20260736,22,28,56.9812,56.9812,56.9812,0,0,67.5,1.5,0.4,0.15,0.0376
Base TLBO,20260736,22,29,56.9812,56.9812,56.9812,0,0,67.5,1.5,0.4,0.15,0.0374
Base TLBO,20260736,22,30,56.9812,56.9812,56.9812,0,0,67.5,1.5,0.4,0.15,0.046
Base TLBO,20260736,22,31,56.9812,56.9812,56.9812,0,0,67.5,1.5,0.4,0.15,0.0408
Base TLBO,20260736,22,32,56.9812,56.9812,56.9812,0,0,67.5,1.5,0.4,0.15,0.0376
Base TLBO,20260736,22,33,56.9812,56.9812,56.9812,0,0,67.5,1.5,0.4,0.15,0.0382
Base TLBO,20260736,22,34,56.9812,56.9812,56.9812,0,0,67.5,1.5,0.4,0.15,0.0378
Base TLBO,20260736,22,35,56.9812,56.9812,56.9812,0,0,67.5,1.5,0.4,0.15,0.0374
Base TLBO,20260736,22,36,56.9812,56.9812,56.9812,0,0,67.5,1.5,0.4,0.15,0.038
Base TLBO,20260736,22,37,56.9812,56.9812,56.9812,0,0,67.5,1.5,0.4,0.15,0.0373
Base TLBO,20260736,22,38,56.9812,56.9812,56.9812,0,0,67.5,1.5,0.4,0.15,0.0383
Base TLBO,20260736,22,39,56.9812,56.9812,56.9812,0,0,67.5,1.5,0.4,0.15,0.0376
Base TLBO,20260736,22,40,56.9812,56.9812,56.9812,0,0,67.5,1.5,0.4,0.15,0.0385
Base TLBO,20260736,22,41,56.9812,56.9812,56.9812,0,0,67.5,1.5,0.4,0.15,0.0379
Base TLBO,20260736,22,42,56.9812,56.9812,56.9812,0,0,67.5,1.5,0.4,0.15,0.0385
Base TLBO,20260736,22,43,56.9812,56.9812,56.9812,0,0,67.5,1.5,0.4,0.15,0.038
Base TLBO,20260736,22,44,56.9812,56.9812,56.9812,0,0,67.5,1.5,0.4,0.15,0.0382
Base TLBO,20260736,22,45,56.9812,56.9812,56.9812,0,0,67.5,1.5,0.4,0.15,0.0388
Base TLBO,20260736,22,46,56.9812,56.9812,56.9812,0,0,67.5,1.5,0.4,0.15,0.0386
Base TLBO,20260736,22,47,56.9812,56.9812,56.9812,0,0,67.5,1.5,0.4,0.15,0.0383
Base TLBO,20260736,22,48,56.9812,56.9812,56.9812,0,0,67.5,1.5,0.4,0.15,0.0398
Base TLBO,20260736,22,49,56.9812,56.9812,56.9812,0,0,67.5,1.5,0.4,0.15,0.0387
Base TLBO,20260736,22,50,56.9812,56.9812,56.9812,0,0,67.5,1.5,0.4,0.15,0.0383
Base TLBO,20260737,23,1,56.2072,27.9794,0.0,0,0,65.0,1.5,0.4,0.15,0.1578
Base TLBO,20260737,23,2,56.2072,35.0053,0.0,0,0,65.0,1.5,0.4,0.15,0.151
Base TLBO,20260737,23,3,56.2072,42.0312,0.0,0,0,65.0,1.5,0.4,0.15,0.1369
Base TLBO,20260737,23,4,56.2072,49.0639,0.0,0,0,65.0,1.5,0.4,0.15,0.1147
Base TLBO,20260737,23,5,56.2072,56.0898,55.7464,0,0,65.0,1.5,0.4,0.15,0.1021
Base TLBO,20260737,23,6,56.2072,56.1474,55.84,0,0,65.0,1.5,0.4,0.15,0.0802
Base TLBO,20260737,23,7,56.2072,56.1932,56.0956,0,0,65.0,1.5,0.4,0.15,0.0685
Base TLBO,20260737,23,8,56.2072,56.2072,56.2072,0,0,65.0,1.5,0.4,0.15,0.0386
Base TLBO,20260737,23,9,56.2072,56.2072,56.2072,0,0,65.0,1.5,0.4,0.15,0.0384
Base TLBO,20260737,23,10,56.2072,56.2072,56.2072,0,0,65.0,1.5,0.4,0.15,0.0388
Base TLBO,20260737,23,11,56.2072,56.2072,56.2072,0,0,65.0,1.5,0.4,0.15,0.0396
Base TLBO,20260737,23,12,56.2072,56.2072,56.2072,0,0,65.0,1.5,0.4,0.15,0.0417
Base TLBO,20260737,23,13,56.2072,56.2072,56.2072,0,0,65.0,1.5,0.4,0.15,0.042
Base TLBO,20260737,23,14,56.2072,56.2072,56.2072,0,0,65.0,1.5,0.4,0.15,0.0377
Base TLBO,20260737,23,15,56.2072,56.2072,56.2072,0,0,65.0,1.5,0.4,0.15,0.0374
Base TLBO,20260737,23,16,56.2072,56.2072,56.2072,0,0,65.0,1.5,0.4,0.15,0.0408
Base TLBO,20260737,23,17,56.2072,56.2072,56.2072,0,0,65.0,1.5,0.4,0.15,0.045
Base TLBO,20260737,23,18,56.2072,56.2072,56.2072,0,0,65.0,1.5,0.4,0.15,0.0438
Base TLBO,20260737,23,19,56.2072,56.2072,56.2072,0,0,65.0,1.5,0.4,0.15,0.0377
Base TLBO,20260737,23,20,56.2072,56.2072,56.2072,0,0,65.0,1.5,0.4,0.15,0.0404
Base TLBO,20260737,23,21,56.2072,56.2072,56.2072,0,0,65.0,1.5,0.4,0.15,0.0378
Base TLBO,20260737,23,22,56.2072,56.2072,56.2072,0,0,65.0,1.5,0.4,0.15,0.0368
Base TLBO,20260737,23,23,56.2072,56.2072,56.2072,0,0,65.0,1.5,0.4,0.15,0.0402
Base TLBO,20260737,23,24,56.2072,56.2072,56.2072,0,0,65.0,1.5,0.4,0.15,0.0412
Base TLBO,20260737,23,25,56.2072,56.2072,56.2072,0,0,65.0,1.5,0.4,0.15,0.0388
Base TLBO,20260737,23,26,56.2072,56.2072,56.2072,0,0,65.0,1.5,0.4,0.15,0.0388
Base TLBO,20260737,23,27,56.2072,56.2072,56.2072,0,0,65.0,1.5,0.4,0.15,0.0407
Base TLBO,20260737,23,28,56.2072,56.2072,56.2072,0,0,65.0,1.5,0.4,0.15,0.0383
Base TLBO,20260737,23,29,56.2072,56.2072,56.2072,0,0,65.0,1.5,0.4,0.15,0.0383
Base TLBO,20260737,23,30,56.2072,56.2072,56.2072,0,0,65.0,1.5,0.4,0.15,0.0402
Base TLBO,20260737,23,31,56.2072,56.2072,56.2072,0,0,65.0,1.5,0.4,0.15,0.0405
Base TLBO,20260737,23,32,56.2072,56.2072,56.2072,0,0,65.0,1.5,0.4,0.15,0.0413
Base TLBO,20260737,23,33,56.2072,56.2072,56.2072,0,0,65.0,1.5,0.4,0.15,0.0408
Base TLBO,20260737,23,34,56.2072,56.2072,56.2072,0,0,65.0,1.5,0.4,0.15,0.0384
Base TLBO,20260737,23,35,56.2072,56.2072,56.2072,0,0,65.0,1.5,0.4,0.15,0.0403
Base TLBO,20260737,23,36,56.2072,56.2072,56.2072,0,0,65.0,1.5,0.4,0.15,0.0417
Base TLBO,20260737,23,37,56.2072,56.2072,56.2072,0,0,65.0,1.5,0.4,0.15,0.0406
Base TLBO,20260737,23,38,56.2072,56.2072,56.2072,0,0,65.0,1.5,0.4,0.15,0.0419
Base TLBO,20260737,23,39,56.2072,56.2072,56.2072,0,0,65.0,1.5,0.4,0.15,0.0382
Base TLBO,20260737,23,40,56.2072,56.2072,56.2072,0,0,65.0,1.5,0.4,0.15,0.0381
Base TLBO,20260737,23,41,56.2072,56.2072,56.2072,0,0,65.0,1.5,0.4,0.15,0.0395
Base TLBO,20260737,23,42,56.2072,56.2072,56.2072,0,0,65.0,1.5,0.4,0.15,0.0402
Base TLBO,20260737,23,43,56.2072,56.2072,56.2072,0,0,65.0,1.5,0.4,0.15,0.0417
Base TLBO,20260737,23,44,56.2072,56.2072,56.2072,0,0,65.0,1.5,0.4,0.15,0.0401
Base TLBO,20260737,23,45,56.2072,56.2072,56.2072,0,0,65.0,1.5,0.4,0.15,0.0476
Base TLBO,20260737,23,46,56.2072,56.2072,56.2072,0,0,65.0,1.5,0.4,0.15,0.0378
Base TLBO,20260737,23,47,56.2072,56.2072,56.2072,0,0,65.0,1.5,0.4,0.15,0.0384
Base TLBO,20260737,23,48,56.2072,56.2072,56.2072,0,0,65.0,1.5,0.4,0.15,0.0435
Base TLBO,20260737,23,49,56.2072,56.2072,56.2072,0,0,65.0,1.5,0.4,0.15,0.0412
Base TLBO,20260737,23,50,56.2072,56.2072,56.2072,0,0,65.0,1.5,0.4,0.15,0.0479
Base TLBO,20260738,24,1,56.3584,28.0219,0.0,0,0,67.5,1.5,0.4,0.15,0.171
Base TLBO,20260738,24,2,56.3584,35.0667,0.0,0,0,67.5,1.5,0.4,0.15,0.166
Base TLBO,20260738,24,3,56.3584,42.1508,0.0,0,0,67.5,1.5,0.4,0.15,0.1261
Base TLBO,20260738,24,4,56.3584,49.1956,0.0,0,0,67.5,1.5,0.4,0.15,0.1314
Base TLBO,20260738,24,5,56.3584,56.2403,55.6564,0,0,67.5,1.5,0.4,0.15,0.1216
Base TLBO,20260738,24,6,56.3584,56.3281,56.1784,0,0,67.5,1.5,0.4,0.15,0.0733
Base TLBO,20260738,24,7,56.3584,56.3506,56.296,0,0,67.5,1.5,0.4,0.15,0.0658
Base TLBO,20260738,24,8,56.3584,56.3584,56.3584,0,0,67.5,1.5,0.4,0.15,0.0383
Base TLBO,20260738,24,9,56.3584,56.3584,56.3584,0,0,67.5,1.5,0.4,0.15,0.0405
Base TLBO,20260738,24,10,56.3584,56.3584,56.3584,0,0,67.5,1.5,0.4,0.15,0.0455
Base TLBO,20260738,24,11,56.3584,56.3584,56.3584,0,0,67.5,1.5,0.4,0.15,0.0461
Base TLBO,20260738,24,12,56.3584,56.3584,56.3584,0,0,67.5,1.5,0.4,0.15,0.0435
Base TLBO,20260738,24,13,56.3584,56.3584,56.3584,0,0,67.5,1.5,0.4,0.15,0.0512
Base TLBO,20260738,24,14,56.3584,56.3584,56.3584,0,0,67.5,1.5,0.4,0.15,0.0428
Base TLBO,20260738,24,15,56.3584,56.3584,56.3584,0,0,67.5,1.5,0.4,0.15,0.0416
Base TLBO,20260738,24,16,56.3584,56.3584,56.3584,0,0,67.5,1.5,0.4,0.15,0.0403
Base TLBO,20260738,24,17,56.3584,56.3584,56.3584,0,0,67.5,1.5,0.4,0.15,0.0378
Base TLBO,20260738,24,18,56.3584,56.3584,56.3584,0,0,67.5,1.5,0.4,0.15,0.0405
Base TLBO,20260738,24,19,56.3584,56.3584,56.3584,0,0,67.5,1.5,0.4,0.15,0.0389
Base TLBO,20260738,24,20,56.3584,56.3584,56.3584,0,0,67.5,1.5,0.4,0.15,0.0369
Base TLBO,20260738,24,21,56.3584,56.3584,56.3584,0,0,67.5,1.5,0.4,0.15,0.0395
Base TLBO,20260738,24,22,56.3584,56.3584,56.3584,0,0,67.5,1.5,0.4,0.15,0.0392
Base TLBO,20260738,24,23,56.3584,56.3584,56.3584,0,0,67.5,1.5,0.4,0.15,0.0413
Base TLBO,20260738,24,24,56.3584,56.3584,56.3584,0,0,67.5,1.5,0.4,0.15,0.0469
Base TLBO,20260738,24,25,56.3584,56.3584,56.3584,0,0,67.5,1.5,0.4,0.15,0.045
Base TLBO,20260738,24,26,56.3584,56.3584,56.3584,0,0,67.5,1.5,0.4,0.15,0.0393
Base TLBO,20260738,24,27,56.3584,56.3584,56.3584,0,0,67.5,1.5,0.4,0.15,0.0396
Base TLBO,20260738,24,28,56.3584,56.3584,56.3584,0,0,67.5,1.5,0.4,0.15,0.0396
Base TLBO,20260738,24,29,56.3584,56.3584,56.3584,0,0,67.5,1.5,0.4,0.15,0.0403
Base TLBO,20260738,24,30,56.3584,56.3584,56.3584,0,0,67.5,1.5,0.4,0.15,0.0389
Base TLBO,20260738,24,31,56.3584,56.3584,56.3584,0,0,67.5,1.5,0.4,0.15,0.0413
Base TLBO,20260738,24,32,56.3584,56.3584,56.3584,0,0,67.5,1.5,0.4,0.15,0.0392
Base TLBO,20260738,24,33,56.3584,56.3584,56.3584,0,0,67.5,1.5,0.4,0.15,0.0471
Base TLBO,20260738,24,34,56.3584,56.3584,56.3584,0,0,67.5,1.5,0.4,0.15,0.0447
Base TLBO,20260738,24,35,56.3584,56.3584,56.3584,0,0,67.5,1.5,0.4,0.15,0.0376
Base TLBO,20260738,24,36,56.3584,56.3584,56.3584,0,0,67.5,1.5,0.4,0.15,0.0427
Base TLBO,20260738,24,37,56.3584,56.3584,56.3584,0,0,67.5,1.5,0.4,0.15,0.0374
Base TLBO,20260738,24,38,56.3584,56.3584,56.3584,0,0,67.5,1.5,0.4,0.15,0.0411
Base TLBO,20260738,24,39,56.3584,56.3584,56.3584,0,0,67.5,1.5,0.4,0.15,0.0424
Base TLBO,20260738,24,40,56.3584,56.3584,56.3584,0,0,67.5,1.5,0.4,0.15,0.0436
Base TLBO,20260738,24,41,56.3584,56.3584,56.3584,0,0,67.5,1.5,0.4,0.15,0.0517
Base TLBO,20260738,24,42,56.3584,56.3584,56.3584,0,0,67.5,1.5,0.4,0.15,0.0374
Base TLBO,20260738,24,43,56.3584,56.3584,56.3584,0,0,67.5,1.5,0.4,0.15,0.0397
Base TLBO,20260738,24,44,56.3584,56.3584,56.3584,0,0,67.5,1.5,0.4,0.15,0.0428
Base TLBO,20260738,24,45,56.3584,56.3584,56.3584,0,0,67.5,1.5,0.4,0.15,0.0454
Base TLBO,20260738,24,46,56.3584,56.3584,56.3584,0,0,67.5,1.5,0.4,0.15,0.0487
Base TLBO,20260738,24,47,56.3584,56.3584,56.3584,0,0,67.5,1.5,0.4,0.15,0.0446
Base TLBO,20260738,24,48,56.3584,56.3584,56.3584,0,0,67.5,1.5,0.4,0.15,0.0427
Base TLBO,20260738,24,49,56.3584,56.3584,56.3584,0,0,67.5,1.5,0.4,0.15,0.0405
Base TLBO,20260738,24,50,56.3584,56.3584,56.3584,0,0,67.5,1.5,0.4,0.15,0.04
Base TLBO,20260739,25,1,56.0956,21.0191,0.0,0,0,63.75,1.5,0.4,0.15,0.1645
Base TLBO,20260739,25,2,56.0956,28.031,0.0,0,0,63.75,1.5,0.4,0.15,0.1504
Base TLBO,20260739,25,3,56.0956,35.0429,0.0,0,0,63.75,1.5,0.4,0.15,0.1498
Base TLBO,20260739,25,4,56.0956,42.0549,0.0,0,0,63.75,1.5,0.4,0.15,0.1182
Base TLBO,20260739,25,5,56.0956,49.0669,0.0,0,0,63.75,1.5,0.4,0.15,0.0993
Base TLBO,20260739,25,6,56.0956,56.0788,56.0152,0,0,63.75,1.5,0.4,0.15,0.0756
Base TLBO,20260739,25,7,56.0956,56.0889,56.0416,0,0,63.75,1.5,0.4,0.15,0.0714
Base TLBO,20260739,25,8,56.0956,56.0956,56.0956,0,0,63.75,1.5,0.4,0.15,0.0412
Base TLBO,20260739,25,9,56.0956,56.0956,56.0956,0,0,63.75,1.5,0.4,0.15,0.0396
Base TLBO,20260739,25,10,56.0956,56.0956,56.0956,0,0,63.75,1.5,0.4,0.15,0.0477
Base TLBO,20260739,25,11,56.0956,56.0956,56.0956,0,0,63.75,1.5,0.4,0.15,0.0529
Base TLBO,20260739,25,12,56.0956,56.0956,56.0956,0,0,63.75,1.5,0.4,0.15,0.0488
Base TLBO,20260739,25,13,56.0956,56.0956,56.0956,0,0,63.75,1.5,0.4,0.15,0.0458
Base TLBO,20260739,25,14,56.0956,56.0956,56.0956,0,0,63.75,1.5,0.4,0.15,0.0473
Base TLBO,20260739,25,15,56.0956,56.0956,56.0956,0,0,63.75,1.5,0.4,0.15,0.0491
Base TLBO,20260739,25,16,56.0956,56.0956,56.0956,0,0,63.75,1.5,0.4,0.15,0.0381
Base TLBO,20260739,25,17,56.0956,56.0956,56.0956,0,0,63.75,1.5,0.4,0.15,0.04
Base TLBO,20260739,25,18,56.0956,56.0956,56.0956,0,0,63.75,1.5,0.4,0.15,0.0479
Base TLBO,20260739,25,19,56.0956,56.0956,56.0956,0,0,63.75,1.5,0.4,0.15,0.0415
Base TLBO,20260739,25,20,56.0956,56.0956,56.0956,0,0,63.75,1.5,0.4,0.15,0.0492
Base TLBO,20260739,25,21,56.0956,56.0956,56.0956,0,0,63.75,1.5,0.4,0.15,0.0441
Base TLBO,20260739,25,22,56.0956,56.0956,56.0956,0,0,63.75,1.5,0.4,0.15,0.0426
Base TLBO,20260739,25,23,56.0956,56.0956,56.0956,0,0,63.75,1.5,0.4,0.15,0.0382
Base TLBO,20260739,25,24,56.0956,56.0956,56.0956,0,0,63.75,1.5,0.4,0.15,0.0374
Base TLBO,20260739,25,25,56.0956,56.0956,56.0956,0,0,63.75,1.5,0.4,0.15,0.0453
Base TLBO,20260739,25,26,56.0956,56.0956,56.0956,0,0,63.75,1.5,0.4,0.15,0.038
Base TLBO,20260739,25,27,56.0956,56.0956,56.0956,0,0,63.75,1.5,0.4,0.15,0.0401
Base TLBO,20260739,25,28,56.0956,56.0956,56.0956,0,0,63.75,1.5,0.4,0.15,0.0435
Base TLBO,20260739,25,29,56.0956,56.0956,56.0956,0,0,63.75,1.5,0.4,0.15,0.037
Base TLBO,20260739,25,30,56.0956,56.0956,56.0956,0,0,63.75,1.5,0.4,0.15,0.037
Base TLBO,20260739,25,31,56.0956,56.0956,56.0956,0,0,63.75,1.5,0.4,0.15,0.0369
Base TLBO,20260739,25,32,56.0956,56.0956,56.0956,0,0,63.75,1.5,0.4,0.15,0.0372
Base TLBO,20260739,25,33,56.0956,56.0956,56.0956,0,0,63.75,1.5,0.4,0.15,0.0424
Base TLBO,20260739,25,34,56.0956,56.0956,56.0956,0,0,63.75,1.5,0.4,0.15,0.0387
Base TLBO,20260739,25,35,56.0956,56.0956,56.0956,0,0,63.75,1.5,0.4,0.15,0.0391
Base TLBO,20260739,25,36,56.0956,56.0956,56.0956,0,0,63.75,1.5,0.4,0.15,0.0412
Base TLBO,20260739,25,37,56.0956,56.0956,56.0956,0,0,63.75,1.5,0.4,0.15,0.0405
Base TLBO,20260739,25,38,56.0956,56.0956,56.0956,0,0,63.75,1.5,0.4,0.15,0.0391
Base TLBO,20260739,25,39,56.0956,56.0956,56.0956,0,0,63.75,1.5,0.4,0.15,0.0373
Base TLBO,20260739,25,40,56.0956,56.0956,56.0956,0,0,63.75,1.5,0.4,0.15,0.0419
Base TLBO,20260739,25,41,56.0956,56.0956,56.0956,0,0,63.75,1.5,0.4,0.15,0.0371
Base TLBO,20260739,25,42,56.0956,56.0956,56.0956,0,0,63.75,1.5,0.4,0.15,0.0381
Base TLBO,20260739,25,43,56.0956,56.0956,56.0956,0,0,63.75,1.5,0.4,0.15,0.0397
Base TLBO,20260739,25,44,56.0956,56.0956,56.0956,0,0,63.75,1.5,0.4,0.15,0.0379
Base TLBO,20260739,25,45,56.0956,56.0956,56.0956,0,0,63.75,1.5,0.4,0.15,0.0506
Base TLBO,20260739,25,46,56.0956,56.0956,56.0956,0,0,63.75,1.5,0.4,0.15,0.0439
Base TLBO,20260739,25,47,56.0956,56.0956,56.0956,0,0,63.75,1.5,0.4,0.15,0.0395
Base TLBO,20260739,25,48,56.0956,56.0956,56.0956,0,0,63.75,1.5,0.4,0.15,0.0379
Base TLBO,20260739,25,49,56.0956,56.0956,56.0956,0,0,63.75,1.5,0.4,0.15,0.0445
Base TLBO,20260739,25,50,56.0956,56.0956,56.0956,0,0,63.75,1.5,0.4,0.15,0.048
Base TLBO,20260740,26,1,56.1784,34.8381,0.0,0,0,63.75,1.5,0.4,0.15,0.1651
Base TLBO,20260740,26,2,56.1784,41.8603,0.0,0,0,63.75,1.5,0.4,0.15,0.1407
Base TLBO,20260740,26,3,56.1784,48.8826,0.0,0,0,63.75,1.5,0.4,0.15,0.1412
Base TLBO,20260740,26,4,56.1784,55.9049,54.928,0,0,63.75,1.5,0.4,0.15,0.1157
Base TLBO,20260740,26,5,56.1784,56.0613,55.7464,0,0,63.75,1.5,0.4,0.15,0.1013
Base TLBO,20260740,26,6,56.1784,56.1153,55.888,0,0,63.75,1.5,0.4,0.15,0.0716
Base TLBO,20260740,26,7,56.1784,56.1516,55.9636,0,0,63.75,1.5,0.4,0.15,0.0679
Base TLBO,20260740,26,8,56.1784,56.1784,56.1784,0,0,63.75,1.5,0.4,0.15,0.0467
Base TLBO,20260740,26,9,56.1784,56.1784,56.1784,0,0,63.75,1.5,0.4,0.15,0.04
Base TLBO,20260740,26,10,56.1784,56.1784,56.1784,0,0,63.75,1.5,0.4,0.15,0.0488
Base TLBO,20260740,26,11,56.1784,56.1784,56.1784,0,0,63.75,1.5,0.4,0.15,0.0372
Base TLBO,20260740,26,12,56.1784,56.1784,56.1784,0,0,63.75,1.5,0.4,0.15,0.038
Base TLBO,20260740,26,13,56.1784,56.1784,56.1784,0,0,63.75,1.5,0.4,0.15,0.037
Base TLBO,20260740,26,14,56.1784,56.1784,56.1784,0,0,63.75,1.5,0.4,0.15,0.0581
Base TLBO,20260740,26,15,56.1784,56.1784,56.1784,0,0,63.75,1.5,0.4,0.15,0.0557
Base TLBO,20260740,26,16,56.1784,56.1784,56.1784,0,0,63.75,1.5,0.4,0.15,0.0409
Base TLBO,20260740,26,17,56.1784,56.1784,56.1784,0,0,63.75,1.5,0.4,0.15,0.0503
Base TLBO,20260740,26,18,56.1784,56.1784,56.1784,0,0,63.75,1.5,0.4,0.15,0.0371
Base TLBO,20260740,26,19,56.1784,56.1784,56.1784,0,0,63.75,1.5,0.4,0.15,0.0373
Base TLBO,20260740,26,20,56.1784,56.1784,56.1784,0,0,63.75,1.5,0.4,0.15,0.0409
Base TLBO,20260740,26,21,56.1784,56.1784,56.1784,0,0,63.75,1.5,0.4,0.15,0.0468
Base TLBO,20260740,26,22,56.1784,56.1784,56.1784,0,0,63.75,1.5,0.4,0.15,0.0376
Base TLBO,20260740,26,23,56.1784,56.1784,56.1784,0,0,63.75,1.5,0.4,0.15,0.0377
Base TLBO,20260740,26,24,56.1784,56.1784,56.1784,0,0,63.75,1.5,0.4,0.15,0.0451
Base TLBO,20260740,26,25,56.1784,56.1784,56.1784,0,0,63.75,1.5,0.4,0.15,0.0375
Base TLBO,20260740,26,26,56.1784,56.1784,56.1784,0,0,63.75,1.5,0.4,0.15,0.0508
Base TLBO,20260740,26,27,56.1784,56.1784,56.1784,0,0,63.75,1.5,0.4,0.15,0.0379
Base TLBO,20260740,26,28,56.1784,56.1784,56.1784,0,0,63.75,1.5,0.4,0.15,0.0453
Base TLBO,20260740,26,29,56.1784,56.1784,56.1784,0,0,63.75,1.5,0.4,0.15,0.0392
Base TLBO,20260740,26,30,56.1784,56.1784,56.1784,0,0,63.75,1.5,0.4,0.15,0.0371
Base TLBO,20260740,26,31,56.1784,56.1784,56.1784,0,0,63.75,1.5,0.4,0.15,0.0455
Base TLBO,20260740,26,32,56.1784,56.1784,56.1784,0,0,63.75,1.5,0.4,0.15,0.0435
Base TLBO,20260740,26,33,56.1784,56.1784,56.1784,0,0,63.75,1.5,0.4,0.15,0.0374
Base TLBO,20260740,26,34,56.1784,56.1784,56.1784,0,0,63.75,1.5,0.4,0.15,0.0396
Base TLBO,20260740,26,35,56.1784,56.1784,56.1784,0,0,63.75,1.5,0.4,0.15,0.0381
Base TLBO,20260740,26,36,56.1784,56.1784,56.1784,0,0,63.75,1.5,0.4,0.15,0.0376
Base TLBO,20260740,26,37,56.1784,56.1784,56.1784,0,0,63.75,1.5,0.4,0.15,0.04
Base TLBO,20260740,26,38,56.1784,56.1784,56.1784,0,0,63.75,1.5,0.4,0.15,0.0416
Base TLBO,20260740,26,39,56.1784,56.1784,56.1784,0,0,63.75,1.5,0.4,0.15,0.0389
Base TLBO,20260740,26,40,56.1784,56.1784,56.1784,0,0,63.75,1.5,0.4,0.15,0.0376
Base TLBO,20260740,26,41,56.1784,56.1784,56.1784,0,0,63.75,1.5,0.4,0.15,0.0375
Base TLBO,20260740,26,42,56.1784,56.1784,56.1784,0,0,63.75,1.5,0.4,0.15,0.0401
Base TLBO,20260740,26,43,56.1784,56.1784,56.1784,0,0,63.75,1.5,0.4,0.15,0.0374
Base TLBO,20260740,26,44,56.1784,56.1784,56.1784,0,0,63.75,1.5,0.4,0.15,0.0387
Base TLBO,20260740,26,45,56.1784,56.1784,56.1784,0,0,63.75,1.5,0.4,0.15,0.0398
Base TLBO,20260740,26,46,56.1784,56.1784,56.1784,0,0,63.75,1.5,0.4,0.15,0.0399
Base TLBO,20260740,26,47,56.1784,56.1784,56.1784,0,0,63.75,1.5,0.4,0.15,0.0393
Base TLBO,20260740,26,48,56.1784,56.1784,56.1784,0,0,63.75,1.5,0.4,0.15,0.0377
Base TLBO,20260740,26,49,56.1784,56.1784,56.1784,0,0,63.75,1.5,0.4,0.15,0.0384
Base TLBO,20260740,26,50,56.1784,56.1784,56.1784,0,0,63.75,1.5,0.4,0.15,0.0382
Base TLBO,20260741,27,1,55.9384,27.7115,0.0,0,0,67.5,1.5,0.4,0.15,0.1711
Base TLBO,20260741,27,2,55.9384,34.7038,0.0,0,0,67.5,1.5,0.4,0.15,0.1334
Base TLBO,20260741,27,3,55.9384,41.6961,0.0,0,0,67.5,1.5,0.4,0.15,0.1382
Base TLBO,20260741,27,4,55.9384,48.6884,0.0,0,0,67.5,1.5,0.4,0.15,0.1249
Base TLBO,20260741,27,5,55.9384,55.6807,54.9964,0,0,67.5,1.5,0.4,0.15,0.0887
Base TLBO,20260741,27,6,55.9384,55.7985,55.2304,0,0,67.5,1.5,0.4,0.15,0.0922
Base TLBO,20260741,27,7,55.9384,55.8869,55.5268,0,0,67.5,1.5,0.4,0.15,0.0589
Base TLBO,20260741,27,8,55.9384,55.9384,55.9384,0,0,67.5,1.5,0.4,0.15,0.0373
Base TLBO,20260741,27,9,55.9384,55.9384,55.9384,0,0,67.5,1.5,0.4,0.15,0.0441
Base TLBO,20260741,27,10,55.9384,55.9384,55.9384,0,0,67.5,1.5,0.4,0.15,0.0461
Base TLBO,20260741,27,11,55.9384,55.9384,55.9384,0,0,67.5,1.5,0.4,0.15,0.0395
Base TLBO,20260741,27,12,55.9384,55.9384,55.9384,0,0,67.5,1.5,0.4,0.15,0.0424
Base TLBO,20260741,27,13,55.9384,55.9384,55.9384,0,0,67.5,1.5,0.4,0.15,0.0368
Base TLBO,20260741,27,14,55.9384,55.9384,55.9384,0,0,67.5,1.5,0.4,0.15,0.0401
Base TLBO,20260741,27,15,55.9384,55.9384,55.9384,0,0,67.5,1.5,0.4,0.15,0.0391
Base TLBO,20260741,27,16,55.9384,55.9384,55.9384,0,0,67.5,1.5,0.4,0.15,0.0379
Base TLBO,20260741,27,17,55.9384,55.9384,55.9384,0,0,67.5,1.5,0.4,0.15,0.0379
Base TLBO,20260741,27,18,55.9384,55.9384,55.9384,0,0,67.5,1.5,0.4,0.15,0.0371
Base TLBO,20260741,27,19,55.9384,55.9384,55.9384,0,0,67.5,1.5,0.4,0.15,0.0408
Base TLBO,20260741,27,20,55.9384,55.9384,55.9384,0,0,67.5,1.5,0.4,0.15,0.0371
Base TLBO,20260741,27,21,55.9384,55.9384,55.9384,0,0,67.5,1.5,0.4,0.15,0.0369
Base TLBO,20260741,27,22,55.9384,55.9384,55.9384,0,0,67.5,1.5,0.4,0.15,0.0395
Base TLBO,20260741,27,23,55.9384,55.9384,55.9384,0,0,67.5,1.5,0.4,0.15,0.039
Base TLBO,20260741,27,24,55.9384,55.9384,55.9384,0,0,67.5,1.5,0.4,0.15,0.0486
Base TLBO,20260741,27,25,55.9384,55.9384,55.9384,0,0,67.5,1.5,0.4,0.15,0.0379
Base TLBO,20260741,27,26,55.9384,55.9384,55.9384,0,0,67.5,1.5,0.4,0.15,0.0376
Base TLBO,20260741,27,27,55.9384,55.9384,55.9384,0,0,67.5,1.5,0.4,0.15,0.0472
Base TLBO,20260741,27,28,55.9384,55.9384,55.9384,0,0,67.5,1.5,0.4,0.15,0.0379
Base TLBO,20260741,27,29,55.9384,55.9384,55.9384,0,0,67.5,1.5,0.4,0.15,0.0407
Base TLBO,20260741,27,30,55.9384,55.9384,55.9384,0,0,67.5,1.5,0.4,0.15,0.0382
Base TLBO,20260741,27,31,55.9384,55.9384,55.9384,0,0,67.5,1.5,0.4,0.15,0.0408
Base TLBO,20260741,27,32,55.9384,55.9384,55.9384,0,0,67.5,1.5,0.4,0.15,0.042
Base TLBO,20260741,27,33,55.9384,55.9384,55.9384,0,0,67.5,1.5,0.4,0.15,0.0378
Base TLBO,20260741,27,34,55.9384,55.9384,55.9384,0,0,67.5,1.5,0.4,0.15,0.0378
Base TLBO,20260741,27,35,55.9384,55.9384,55.9384,0,0,67.5,1.5,0.4,0.15,0.046
Base TLBO,20260741,27,36,55.9384,55.9384,55.9384,0,0,67.5,1.5,0.4,0.15,0.045
Base TLBO,20260741,27,37,55.9384,55.9384,55.9384,0,0,67.5,1.5,0.4,0.15,0.0445
Base TLBO,20260741,27,38,55.9384,55.9384,55.9384,0,0,67.5,1.5,0.4,0.15,0.037
Base TLBO,20260741,27,39,55.9384,55.9384,55.9384,0,0,67.5,1.5,0.4,0.15,0.0404
Base TLBO,20260741,27,40,55.9384,55.9384,55.9384,0,0,67.5,1.5,0.4,0.15,0.0383
Base TLBO,20260741,27,41,55.9384,55.9384,55.9384,0,0,67.5,1.5,0.4,0.15,0.037
Base TLBO,20260741,27,42,55.9384,55.9384,55.9384,0,0,67.5,1.5,0.4,0.15,0.0374
Base TLBO,20260741,27,43,55.9384,55.9384,55.9384,0,0,67.5,1.5,0.4,0.15,0.0372
Base TLBO,20260741,27,44,55.9384,55.9384,55.9384,0,0,67.5,1.5,0.4,0.15,0.0371
Base TLBO,20260741,27,45,55.9384,55.9384,55.9384,0,0,67.5,1.5,0.4,0.15,0.0381
Base TLBO,20260741,27,46,55.9384,55.9384,55.9384,0,0,67.5,1.5,0.4,0.15,0.0372
Base TLBO,20260741,27,47,55.9384,55.9384,55.9384,0,0,67.5,1.5,0.4,0.15,0.0373
Base TLBO,20260741,27,48,55.9384,55.9384,55.9384,0,0,67.5,1.5,0.4,0.15,0.0438
Base TLBO,20260741,27,49,55.9384,55.9384,55.9384,0,0,67.5,1.5,0.4,0.15,0.0412
Base TLBO,20260741,27,50,55.9384,55.9384,55.9384,0,0,67.5,1.5,0.4,0.15,0.0453
Base TLBO,20260742,28,1,55.792,13.8095,0.0,0,0,62.5,1.5,0.4,0.15,0.2067
Base TLBO,20260742,28,2,55.792,20.7835,0.0,0,0,62.5,1.5,0.4,0.15,0.1486
Base TLBO,20260742,28,3,55.792,27.7576,0.0,0,0,62.5,1.5,0.4,0.15,0.1443
Base TLBO,20260742,28,4,55.792,34.7315,0.0,0,0,62.5,1.5,0.4,0.15,0.1228
Base TLBO,20260742,28,5,55.792,41.7056,0.0,0,0,62.5,1.5,0.4,0.15,0.0966
Base TLBO,20260742,28,6,55.792,48.6795,0.0,0,0,62.5,1.5,0.4,0.15,0.0855
Base TLBO,20260742,28,7,55.792,55.6536,54.6844,0,0,62.5,1.5,0.4,0.15,0.0583
Base TLBO,20260742,28,8,55.792,55.792,55.792,0,0,62.5,1.5,0.4,0.15,0.043
Base TLBO,20260742,28,9,55.792,55.792,55.792,0,0,62.5,1.5,0.4,0.15,0.0372
Base TLBO,20260742,28,10,55.792,55.792,55.792,0,0,62.5,1.5,0.4,0.15,0.0386
Base TLBO,20260742,28,11,55.792,55.792,55.792,0,0,62.5,1.5,0.4,0.15,0.0407
Base TLBO,20260742,28,12,55.792,55.792,55.792,0,0,62.5,1.5,0.4,0.15,0.0407
Base TLBO,20260742,28,13,55.792,55.792,55.792,0,0,62.5,1.5,0.4,0.15,0.0368
Base TLBO,20260742,28,14,55.792,55.792,55.792,0,0,62.5,1.5,0.4,0.15,0.0465
Base TLBO,20260742,28,15,55.792,55.792,55.792,0,0,62.5,1.5,0.4,0.15,0.0383
Base TLBO,20260742,28,16,55.792,55.792,55.792,0,0,62.5,1.5,0.4,0.15,0.0375
Base TLBO,20260742,28,17,55.792,55.792,55.792,0,0,62.5,1.5,0.4,0.15,0.0382
Base TLBO,20260742,28,18,55.792,55.792,55.792,0,0,62.5,1.5,0.4,0.15,0.0426
Base TLBO,20260742,28,19,55.792,55.792,55.792,0,0,62.5,1.5,0.4,0.15,0.037
Base TLBO,20260742,28,20,55.792,55.792,55.792,0,0,62.5,1.5,0.4,0.15,0.0404
Base TLBO,20260742,28,21,55.792,55.792,55.792,0,0,62.5,1.5,0.4,0.15,0.0406
Base TLBO,20260742,28,22,55.792,55.792,55.792,0,0,62.5,1.5,0.4,0.15,0.0373
Base TLBO,20260742,28,23,55.792,55.792,55.792,0,0,62.5,1.5,0.4,0.15,0.0388
Base TLBO,20260742,28,24,55.792,55.792,55.792,0,0,62.5,1.5,0.4,0.15,0.0411
Base TLBO,20260742,28,25,55.792,55.792,55.792,0,0,62.5,1.5,0.4,0.15,0.0369
Base TLBO,20260742,28,26,55.792,55.792,55.792,0,0,62.5,1.5,0.4,0.15,0.0386
Base TLBO,20260742,28,27,55.792,55.792,55.792,0,0,62.5,1.5,0.4,0.15,0.0411
Base TLBO,20260742,28,28,55.792,55.792,55.792,0,0,62.5,1.5,0.4,0.15,0.0428
Base TLBO,20260742,28,29,55.792,55.792,55.792,0,0,62.5,1.5,0.4,0.15,0.041
Base TLBO,20260742,28,30,55.792,55.792,55.792,0,0,62.5,1.5,0.4,0.15,0.0453
Base TLBO,20260742,28,31,55.792,55.792,55.792,0,0,62.5,1.5,0.4,0.15,0.0394
Base TLBO,20260742,28,32,55.792,55.792,55.792,0,0,62.5,1.5,0.4,0.15,0.0369
Base TLBO,20260742,28,33,55.792,55.792,55.792,0,0,62.5,1.5,0.4,0.15,0.039
Base TLBO,20260742,28,34,55.792,55.792,55.792,0,0,62.5,1.5,0.4,0.15,0.0382
Base TLBO,20260742,28,35,55.792,55.792,55.792,0,0,62.5,1.5,0.4,0.15,0.0438
Base TLBO,20260742,28,36,55.792,55.792,55.792,0,0,62.5,1.5,0.4,0.15,0.0443
Base TLBO,20260742,28,37,55.792,55.792,55.792,0,0,62.5,1.5,0.4,0.15,0.0385
Base TLBO,20260742,28,38,55.792,55.792,55.792,0,0,62.5,1.5,0.4,0.15,0.0425
Base TLBO,20260742,28,39,55.792,55.792,55.792,0,0,62.5,1.5,0.4,0.15,0.0444
Base TLBO,20260742,28,40,55.792,55.792,55.792,0,0,62.5,1.5,0.4,0.15,0.0373
Base TLBO,20260742,28,41,55.792,55.792,55.792,0,0,62.5,1.5,0.4,0.15,0.0376
Base TLBO,20260742,28,42,55.792,55.792,55.792,0,0,62.5,1.5,0.4,0.15,0.0371
Base TLBO,20260742,28,43,55.792,55.792,55.792,0,0,62.5,1.5,0.4,0.15,0.0371
Base TLBO,20260742,28,44,55.792,55.792,55.792,0,0,62.5,1.5,0.4,0.15,0.0398
Base TLBO,20260742,28,45,55.792,55.792,55.792,0,0,62.5,1.5,0.4,0.15,0.0395
Base TLBO,20260742,28,46,55.792,55.792,55.792,0,0,62.5,1.5,0.4,0.15,0.041
Base TLBO,20260742,28,47,55.792,55.792,55.792,0,0,62.5,1.5,0.4,0.15,0.0402
Base TLBO,20260742,28,48,55.792,55.792,55.792,0,0,62.5,1.5,0.4,0.15,0.0412
Base TLBO,20260742,28,49,55.792,55.792,55.792,0,0,62.5,1.5,0.4,0.15,0.0434
Base TLBO,20260742,28,50,55.792,55.792,55.792,0,0,62.5,1.5,0.4,0.15,0.037
Base TLBO,20260743,29,1,56.1784,13.9606,0.0,0,0,62.5,1.5,0.4,0.15,0.1575
Base TLBO,20260743,29,2,56.1784,20.9829,0.0,0,0,62.5,1.5,0.4,0.15,0.1465
Base TLBO,20260743,29,3,56.1784,28.0052,0.0,0,0,62.5,1.5,0.4,0.15,0.1514
Base TLBO,20260743,29,4,56.1784,35.0275,0.0,0,0,62.5,1.5,0.4,0.15,0.1233
Base TLBO,20260743,29,5,56.1784,42.0498,0.0,0,0,62.5,1.5,0.4,0.15,0.1165
Base TLBO,20260743,29,6,56.1784,49.0721,0.0,0,0,62.5,1.5,0.4,0.15,0.0762
Base TLBO,20260743,29,7,56.1784,56.0944,55.5064,0,0,62.5,1.5,0.4,0.15,0.0595
Base TLBO,20260743,29,8,56.1784,56.1784,56.1784,0,0,62.5,1.5,0.4,0.15,0.0382
Base TLBO,20260743,29,9,56.1784,56.1784,56.1784,0,0,62.5,1.5,0.4,0.15,0.0396
Base TLBO,20260743,29,10,56.1784,56.1784,56.1784,0,0,62.5,1.5,0.4,0.15,0.0379
Base TLBO,20260743,29,11,56.1784,56.1784,56.1784,0,0,62.5,1.5,0.4,0.15,0.0387
Base TLBO,20260743,29,12,56.1784,56.1784,56.1784,0,0,62.5,1.5,0.4,0.15,0.0418
Base TLBO,20260743,29,13,56.1784,56.1784,56.1784,0,0,62.5,1.5,0.4,0.15,0.0388
Base TLBO,20260743,29,14,56.1784,56.1784,56.1784,0,0,62.5,1.5,0.4,0.15,0.0379
Base TLBO,20260743,29,15,56.1784,56.1784,56.1784,0,0,62.5,1.5,0.4,0.15,0.0402
Base TLBO,20260743,29,16,56.1784,56.1784,56.1784,0,0,62.5,1.5,0.4,0.15,0.0381
Base TLBO,20260743,29,17,56.1784,56.1784,56.1784,0,0,62.5,1.5,0.4,0.15,0.0379
Base TLBO,20260743,29,18,56.1784,56.1784,56.1784,0,0,62.5,1.5,0.4,0.15,0.0388
Base TLBO,20260743,29,19,56.1784,56.1784,56.1784,0,0,62.5,1.5,0.4,0.15,0.0372
Base TLBO,20260743,29,20,56.1784,56.1784,56.1784,0,0,62.5,1.5,0.4,0.15,0.0401
Base TLBO,20260743,29,21,56.1784,56.1784,56.1784,0,0,62.5,1.5,0.4,0.15,0.0469
Base TLBO,20260743,29,22,56.1784,56.1784,56.1784,0,0,62.5,1.5,0.4,0.15,0.0377
Base TLBO,20260743,29,23,56.1784,56.1784,56.1784,0,0,62.5,1.5,0.4,0.15,0.0395
Base TLBO,20260743,29,24,56.1784,56.1784,56.1784,0,0,62.5,1.5,0.4,0.15,0.0375
Base TLBO,20260743,29,25,56.1784,56.1784,56.1784,0,0,62.5,1.5,0.4,0.15,0.0416
Base TLBO,20260743,29,26,56.1784,56.1784,56.1784,0,0,62.5,1.5,0.4,0.15,0.0388
Base TLBO,20260743,29,27,56.1784,56.1784,56.1784,0,0,62.5,1.5,0.4,0.15,0.0375
Base TLBO,20260743,29,28,56.1784,56.1784,56.1784,0,0,62.5,1.5,0.4,0.15,0.0394
Base TLBO,20260743,29,29,56.1784,56.1784,56.1784,0,0,62.5,1.5,0.4,0.15,0.0378
Base TLBO,20260743,29,30,56.1784,56.1784,56.1784,0,0,62.5,1.5,0.4,0.15,0.0376
Base TLBO,20260743,29,31,56.1784,56.1784,56.1784,0,0,62.5,1.5,0.4,0.15,0.0396
Base TLBO,20260743,29,32,56.1784,56.1784,56.1784,0,0,62.5,1.5,0.4,0.15,0.0382
Base TLBO,20260743,29,33,56.1784,56.1784,56.1784,0,0,62.5,1.5,0.4,0.15,0.0381
Base TLBO,20260743,29,34,56.1784,56.1784,56.1784,0,0,62.5,1.5,0.4,0.15,0.0407
Base TLBO,20260743,29,35,56.1784,56.1784,56.1784,0,0,62.5,1.5,0.4,0.15,0.0378
Base TLBO,20260743,29,36,56.1784,56.1784,56.1784,0,0,62.5,1.5,0.4,0.15,0.0399
Base TLBO,20260743,29,37,56.1784,56.1784,56.1784,0,0,62.5,1.5,0.4,0.15,0.0379
Base TLBO,20260743,29,38,56.1784,56.1784,56.1784,0,0,62.5,1.5,0.4,0.15,0.0391
Base TLBO,20260743,29,39,56.1784,56.1784,56.1784,0,0,62.5,1.5,0.4,0.15,0.0401
Base TLBO,20260743,29,40,56.1784,56.1784,56.1784,0,0,62.5,1.5,0.4,0.15,0.0376
Base TLBO,20260743,29,41,56.1784,56.1784,56.1784,0,0,62.5,1.5,0.4,0.15,0.0465
Base TLBO,20260743,29,42,56.1784,56.1784,56.1784,0,0,62.5,1.5,0.4,0.15,0.047
Base TLBO,20260743,29,43,56.1784,56.1784,56.1784,0,0,62.5,1.5,0.4,0.15,0.0384
Base TLBO,20260743,29,44,56.1784,56.1784,56.1784,0,0,62.5,1.5,0.4,0.15,0.0387
Base TLBO,20260743,29,45,56.1784,56.1784,56.1784,0,0,62.5,1.5,0.4,0.15,0.0376
Base TLBO,20260743,29,46,56.1784,56.1784,56.1784,0,0,62.5,1.5,0.4,0.15,0.0394
Base TLBO,20260743,29,47,56.1784,56.1784,56.1784,0,0,62.5,1.5,0.4,0.15,0.0385
Base TLBO,20260743,29,48,56.1784,56.1784,56.1784,0,0,62.5,1.5,0.4,0.15,0.0374
Base TLBO,20260743,29,49,56.1784,56.1784,56.1784,0,0,62.5,1.5,0.4,0.15,0.0523
Base TLBO,20260743,29,50,56.1784,56.1784,56.1784,0,0,62.5,1.5,0.4,0.15,0.0429
Base TLBO,20260744,30,1,56.0956,20.8536,0.0,0,0,67.5,1.5,0.4,0.15,0.1712
Base TLBO,20260744,30,2,56.0956,27.8655,0.0,0,0,67.5,1.5,0.4,0.15,0.1346
Base TLBO,20260744,30,3,56.0956,34.8775,0.0,0,0,67.5,1.5,0.4,0.15,0.1316
Base TLBO,20260744,30,4,56.0956,41.8894,0.0,0,0,67.5,1.5,0.4,0.15,0.12
Base TLBO,20260744,30,5,56.0956,48.9014,0.0,0,0,67.5,1.5,0.4,0.15,0.0918
Base TLBO,20260744,30,6,56.0956,55.9133,55.2484,0,0,67.5,1.5,0.4,0.15,0.0914
Base TLBO,20260744,30,7,56.0956,56.0192,55.4848,0,0,67.5,1.5,0.4,0.15,0.0547
Base TLBO,20260744,30,8,56.0956,56.0956,56.0956,0,0,67.5,1.5,0.4,0.15,0.0378
Base TLBO,20260744,30,9,56.0956,56.0956,56.0956,0,0,67.5,1.5,0.4,0.15,0.0379
Base TLBO,20260744,30,10,56.0956,56.0956,56.0956,0,0,67.5,1.5,0.4,0.15,0.0404
Base TLBO,20260744,30,11,56.0956,56.0956,56.0956,0,0,67.5,1.5,0.4,0.15,0.0399
Base TLBO,20260744,30,12,56.0956,56.0956,56.0956,0,0,67.5,1.5,0.4,0.15,0.0381
Base TLBO,20260744,30,13,56.0956,56.0956,56.0956,0,0,67.5,1.5,0.4,0.15,0.0393
Base TLBO,20260744,30,14,56.0956,56.0956,56.0956,0,0,67.5,1.5,0.4,0.15,0.0386
Base TLBO,20260744,30,15,56.0956,56.0956,56.0956,0,0,67.5,1.5,0.4,0.15,0.0374
Base TLBO,20260744,30,16,56.0956,56.0956,56.0956,0,0,67.5,1.5,0.4,0.15,0.0381
Base TLBO,20260744,30,17,56.0956,56.0956,56.0956,0,0,67.5,1.5,0.4,0.15,0.0392
Base TLBO,20260744,30,18,56.0956,56.0956,56.0956,0,0,67.5,1.5,0.4,0.15,0.0382
Base TLBO,20260744,30,19,56.0956,56.0956,56.0956,0,0,67.5,1.5,0.4,0.15,0.0421
Base TLBO,20260744,30,20,56.0956,56.0956,56.0956,0,0,67.5,1.5,0.4,0.15,0.0378
Base TLBO,20260744,30,21,56.0956,56.0956,56.0956,0,0,67.5,1.5,0.4,0.15,0.0471
Base TLBO,20260744,30,22,56.0956,56.0956,56.0956,0,0,67.5,1.5,0.4,0.15,0.0415
Base TLBO,20260744,30,23,56.0956,56.0956,56.0956,0,0,67.5,1.5,0.4,0.15,0.0399
Base TLBO,20260744,30,24,56.0956,56.0956,56.0956,0,0,67.5,1.5,0.4,0.15,0.0462
Base TLBO,20260744,30,25,56.0956,56.0956,56.0956,0,0,67.5,1.5,0.4,0.15,0.0371
Base TLBO,20260744,30,26,56.0956,56.0956,56.0956,0,0,67.5,1.5,0.4,0.15,0.0442
Base TLBO,20260744,30,27,56.0956,56.0956,56.0956,0,0,67.5,1.5,0.4,0.15,0.0415
Base TLBO,20260744,30,28,56.0956,56.0956,56.0956,0,0,67.5,1.5,0.4,0.15,0.0388
Base TLBO,20260744,30,29,56.0956,56.0956,56.0956,0,0,67.5,1.5,0.4,0.15,0.0408
Base TLBO,20260744,30,30,56.0956,56.0956,56.0956,0,0,67.5,1.5,0.4,0.15,0.0499
Base TLBO,20260744,30,31,56.0956,56.0956,56.0956,0,0,67.5,1.5,0.4,0.15,0.038
Base TLBO,20260744,30,32,56.0956,56.0956,56.0956,0,0,67.5,1.5,0.4,0.15,0.0386
Base TLBO,20260744,30,33,56.0956,56.0956,56.0956,0,0,67.5,1.5,0.4,0.15,0.0414
Base TLBO,20260744,30,34,56.0956,56.0956,56.0956,0,0,67.5,1.5,0.4,0.15,0.0403
Base TLBO,20260744,30,35,56.0956,56.0956,56.0956,0,0,67.5,1.5,0.4,0.15,0.0379
Base TLBO,20260744,30,36,56.0956,56.0956,56.0956,0,0,67.5,1.5,0.4,0.15,0.0374
Base TLBO,20260744,30,37,56.0956,56.0956,56.0956,0,0,67.5,1.5,0.4,0.15,0.037
Base TLBO,20260744,30,38,56.0956,56.0956,56.0956,0,0,67.5,1.5,0.4,0.15,0.037
Base TLBO,20260744,30,39,56.0956,56.0956,56.0956,0,0,67.5,1.5,0.4,0.15,0.0371
Base TLBO,20260744,30,40,56.0956,56.0956,56.0956,0,0,67.5,1.5,0.4,0.15,0.0401
Base TLBO,20260744,30,41,56.0956,56.0956,56.0956,0,0,67.5,1.5,0.4,0.15,0.0403
Base TLBO,20260744,30,42,56.0956,56.0956,56.0956,0,0,67.5,1.5,0.4,0.15,0.0412
Base TLBO,20260744,30,43,56.0956,56.0956,56.0956,0,0,67.5,1.5,0.4,0.15,0.0412
Base TLBO,20260744,30,44,56.0956,56.0956,56.0956,0,0,67.5,1.5,0.4,0.15,0.0447
Base TLBO,20260744,30,45,56.0956,56.0956,56.0956,0,0,67.5,1.5,0.4,0.15,0.0375
Base TLBO,20260744,30,46,56.0956,56.0956,56.0956,0,0,67.5,1.5,0.4,0.15,0.0374
Base TLBO,20260744,30,47,56.0956,56.0956,56.0956,0,0,67.5,1.5,0.4,0.15,0.0379
Base TLBO,20260744,30,48,56.0956,56.0956,56.0956,0,0,67.5,1.5,0.4,0.15,0.0374
Base TLBO,20260744,30,49,56.0956,56.0956,56.0956,0,0,67.5,1.5,0.4,0.15,0.0374
Base TLBO,20260744,30,50,56.0956,56.0956,56.0956,0,0,67.5,1.5,0.4,0.15,0.0369
Base TLBO,20260745,31,1,56.122,27.7612,0.0,0,0,52.5,1.5,0.4,0.15,0.1714
Base TLBO,20260745,31,2,56.122,34.7764,0.0,0,0,52.5,1.5,0.4,0.15,0.1497
Base TLBO,20260745,31,3,56.122,41.7916,0.0,0,0,52.5,1.5,0.4,0.15,0.1455
Base TLBO,20260745,31,4,56.122,48.8069,0.0,0,0,52.5,1.5,0.4,0.15,0.1447
Base TLBO,20260745,31,5,56.122,55.8222,54.8452,0,0,52.5,1.5,0.4,0.15,0.1058
Base TLBO,20260745,31,6,56.122,55.9817,55.306,0,0,52.5,1.5,0.4,0.15,0.0872
Base TLBO,20260745,31,7,56.122,56.0838,55.816,0,0,52.5,1.5,0.4,0.15,0.0652
Base TLBO,20260745,31,8,56.122,56.122,56.122,0,0,52.5,1.5,0.4,0.15,0.0378
Base TLBO,20260745,31,9,56.122,56.122,56.122,0,0,52.5,1.5,0.4,0.15,0.0382
Base TLBO,20260745,31,10,56.122,56.122,56.122,0,0,52.5,1.5,0.4,0.15,0.0401
Base TLBO,20260745,31,11,56.122,56.122,56.122,0,0,52.5,1.5,0.4,0.15,0.038
Base TLBO,20260745,31,12,56.122,56.122,56.122,0,0,52.5,1.5,0.4,0.15,0.0399
Base TLBO,20260745,31,13,56.122,56.122,56.122,0,0,52.5,1.5,0.4,0.15,0.0389
Base TLBO,20260745,31,14,56.122,56.122,56.122,0,0,52.5,1.5,0.4,0.15,0.0414
Base TLBO,20260745,31,15,56.122,56.122,56.122,0,0,52.5,1.5,0.4,0.15,0.0381
Base TLBO,20260745,31,16,56.122,56.122,56.122,0,0,52.5,1.5,0.4,0.15,0.0401
Base TLBO,20260745,31,17,56.122,56.122,56.122,0,0,52.5,1.5,0.4,0.15,0.0391
Base TLBO,20260745,31,18,56.122,56.122,56.122,0,0,52.5,1.5,0.4,0.15,0.0374
Base TLBO,20260745,31,19,56.122,56.122,56.122,0,0,52.5,1.5,0.4,0.15,0.0452
Base TLBO,20260745,31,20,56.122,56.122,56.122,0,0,52.5,1.5,0.4,0.15,0.0398
Base TLBO,20260745,31,21,56.122,56.122,56.122,0,0,52.5,1.5,0.4,0.15,0.038
Base TLBO,20260745,31,22,56.122,56.122,56.122,0,0,52.5,1.5,0.4,0.15,0.0445
Base TLBO,20260745,31,23,56.122,56.122,56.122,0,0,52.5,1.5,0.4,0.15,0.0383
Base TLBO,20260745,31,24,56.122,56.122,56.122,0,0,52.5,1.5,0.4,0.15,0.0476
Base TLBO,20260745,31,25,56.122,56.122,56.122,0,0,52.5,1.5,0.4,0.15,0.0374
Base TLBO,20260745,31,26,56.122,56.122,56.122,0,0,52.5,1.5,0.4,0.15,0.0394
Base TLBO,20260745,31,27,56.122,56.122,56.122,0,0,52.5,1.5,0.4,0.15,0.0412
Base TLBO,20260745,31,28,56.122,56.122,56.122,0,0,52.5,1.5,0.4,0.15,0.0394
Base TLBO,20260745,31,29,56.122,56.122,56.122,0,0,52.5,1.5,0.4,0.15,0.0378
Base TLBO,20260745,31,30,56.122,56.122,56.122,0,0,52.5,1.5,0.4,0.15,0.0383
Base TLBO,20260745,31,31,56.122,56.122,56.122,0,0,52.5,1.5,0.4,0.15,0.0392
Base TLBO,20260745,31,32,56.122,56.122,56.122,0,0,52.5,1.5,0.4,0.15,0.0426
Base TLBO,20260745,31,33,56.122,56.122,56.122,0,0,52.5,1.5,0.4,0.15,0.0415
Base TLBO,20260745,31,34,56.122,56.122,56.122,0,0,52.5,1.5,0.4,0.15,0.0409
Base TLBO,20260745,31,35,56.122,56.122,56.122,0,0,52.5,1.5,0.4,0.15,0.0418
Base TLBO,20260745,31,36,56.122,56.122,56.122,0,0,52.5,1.5,0.4,0.15,0.0407
Base TLBO,20260745,31,37,56.122,56.122,56.122,0,0,52.5,1.5,0.4,0.15,0.0399
Base TLBO,20260745,31,38,56.122,56.122,56.122,0,0,52.5,1.5,0.4,0.15,0.0406
Base TLBO,20260745,31,39,56.122,56.122,56.122,0,0,52.5,1.5,0.4,0.15,0.0402
Base TLBO,20260745,31,40,56.122,56.122,56.122,0,0,52.5,1.5,0.4,0.15,0.0439
Base TLBO,20260745,31,41,56.122,56.122,56.122,0,0,52.5,1.5,0.4,0.15,0.0394
Base TLBO,20260745,31,42,56.122,56.122,56.122,0,0,52.5,1.5,0.4,0.15,0.039
Base TLBO,20260745,31,43,56.122,56.122,56.122,0,0,52.5,1.5,0.4,0.15,0.0401
Base TLBO,20260745,31,44,56.122,56.122,56.122,0,0,52.5,1.5,0.4,0.15,0.0442
Base TLBO,20260745,31,45,56.122,56.122,56.122,0,0,52.5,1.5,0.4,0.15,0.0395
Base TLBO,20260745,31,46,56.122,56.122,56.122,0,0,52.5,1.5,0.4,0.15,0.0379
Base TLBO,20260745,31,47,56.122,56.122,56.122,0,0,52.5,1.5,0.4,0.15,0.0384
Base TLBO,20260745,31,48,56.122,56.122,56.122,0,0,52.5,1.5,0.4,0.15,0.0462
Base TLBO,20260745,31,49,56.122,56.122,56.122,0,0,52.5,1.5,0.4,0.15,0.0379
Base TLBO,20260745,31,50,56.122,56.122,56.122,0,0,52.5,1.5,0.4,0.15,0.043
Base TLBO,20260746,32,1,55.3252,6.9157,0.0,0,0,63.75,1.5,0.4,0.15,0.153
Base TLBO,20260746,32,2,55.3252,13.8313,0.0,0,0,63.75,1.5,0.4,0.15,0.1404
Base TLBO,20260746,32,3,55.3252,20.747,0.0,0,0,63.75,1.5,0.4,0.15,0.1394
Base TLBO,20260746,32,4,55.3252,27.6626,0.0,0,0,63.75,1.5,0.4,0.15,0.1161
Base TLBO,20260746,32,5,55.3252,34.5783,0.0,0,0,63.75,1.5,0.4,0.15,0.1032
Base TLBO,20260746,32,6,55.3252,41.4939,0.0,0,0,63.75,1.5,0.4,0.15,0.095
Base TLBO,20260746,32,7,55.3252,48.4096,0.0,0,0,63.75,1.5,0.4,0.15,0.0635
Base TLBO,20260746,32,8,55.3252,55.3252,55.3252,0,0,63.75,1.5,0.4,0.15,0.0369
Base TLBO,20260746,32,9,55.3252,55.3252,55.3252,0,0,63.75,1.5,0.4,0.15,0.0395
Base TLBO,20260746,32,10,55.3252,55.3252,55.3252,0,0,63.75,1.5,0.4,0.15,0.039
Base TLBO,20260746,32,11,55.3252,55.3252,55.3252,0,0,63.75,1.5,0.4,0.15,0.0426
Base TLBO,20260746,32,12,55.3252,55.3252,55.3252,0,0,63.75,1.5,0.4,0.15,0.0441
Base TLBO,20260746,32,13,55.3252,55.3252,55.3252,0,0,63.75,1.5,0.4,0.15,0.037
Base TLBO,20260746,32,14,55.3252,55.3252,55.3252,0,0,63.75,1.5,0.4,0.15,0.0378
Base TLBO,20260746,32,15,55.3252,55.3252,55.3252,0,0,63.75,1.5,0.4,0.15,0.0373
Base TLBO,20260746,32,16,55.3252,55.3252,55.3252,0,0,63.75,1.5,0.4,0.15,0.0376
Base TLBO,20260746,32,17,55.3252,55.3252,55.3252,0,0,63.75,1.5,0.4,0.15,0.0377
Base TLBO,20260746,32,18,55.3252,55.3252,55.3252,0,0,63.75,1.5,0.4,0.15,0.0373
Base TLBO,20260746,32,19,55.3252,55.3252,55.3252,0,0,63.75,1.5,0.4,0.15,0.0373
Base TLBO,20260746,32,20,55.3252,55.3252,55.3252,0,0,63.75,1.5,0.4,0.15,0.037
Base TLBO,20260746,32,21,55.3252,55.3252,55.3252,0,0,63.75,1.5,0.4,0.15,0.037
Base TLBO,20260746,32,22,55.3252,55.3252,55.3252,0,0,63.75,1.5,0.4,0.15,0.0375
Base TLBO,20260746,32,23,55.3252,55.3252,55.3252,0,0,63.75,1.5,0.4,0.15,0.0372
Base TLBO,20260746,32,24,55.3252,55.3252,55.3252,0,0,63.75,1.5,0.4,0.15,0.0385
Base TLBO,20260746,32,25,55.3252,55.3252,55.3252,0,0,63.75,1.5,0.4,0.15,0.0375
Base TLBO,20260746,32,26,55.3252,55.3252,55.3252,0,0,63.75,1.5,0.4,0.15,0.0371
Base TLBO,20260746,32,27,55.3252,55.3252,55.3252,0,0,63.75,1.5,0.4,0.15,0.0374
Base TLBO,20260746,32,28,55.3252,55.3252,55.3252,0,0,63.75,1.5,0.4,0.15,0.0369
Base TLBO,20260746,32,29,55.3252,55.3252,55.3252,0,0,63.75,1.5,0.4,0.15,0.0369
Base TLBO,20260746,32,30,55.3252,55.3252,55.3252,0,0,63.75,1.5,0.4,0.15,0.037
Base TLBO,20260746,32,31,55.3252,55.3252,55.3252,0,0,63.75,1.5,0.4,0.15,0.038
Base TLBO,20260746,32,32,55.3252,55.3252,55.3252,0,0,63.75,1.5,0.4,0.15,0.0373
Base TLBO,20260746,32,33,55.3252,55.3252,55.3252,0,0,63.75,1.5,0.4,0.15,0.038
Base TLBO,20260746,32,34,55.3252,55.3252,55.3252,0,0,63.75,1.5,0.4,0.15,0.0372
Base TLBO,20260746,32,35,55.3252,55.3252,55.3252,0,0,63.75,1.5,0.4,0.15,0.0369
Base TLBO,20260746,32,36,55.3252,55.3252,55.3252,0,0,63.75,1.5,0.4,0.15,0.0388
Base TLBO,20260746,32,37,55.3252,55.3252,55.3252,0,0,63.75,1.5,0.4,0.15,0.0378
Base TLBO,20260746,32,38,55.3252,55.3252,55.3252,0,0,63.75,1.5,0.4,0.15,0.0431
Base TLBO,20260746,32,39,55.3252,55.3252,55.3252,0,0,63.75,1.5,0.4,0.15,0.0424
Base TLBO,20260746,32,40,55.3252,55.3252,55.3252,0,0,63.75,1.5,0.4,0.15,0.0474
Base TLBO,20260746,32,41,55.3252,55.3252,55.3252,0,0,63.75,1.5,0.4,0.15,0.0389
Base TLBO,20260746,32,42,55.3252,55.3252,55.3252,0,0,63.75,1.5,0.4,0.15,0.0407
Base TLBO,20260746,32,43,55.3252,55.3252,55.3252,0,0,63.75,1.5,0.4,0.15,0.0375
Base TLBO,20260746,32,44,55.3252,55.3252,55.3252,0,0,63.75,1.5,0.4,0.15,0.0415
Base TLBO,20260746,32,45,55.3252,55.3252,55.3252,0,0,63.75,1.5,0.4,0.15,0.0371
Base TLBO,20260746,32,46,55.3252,55.3252,55.3252,0,0,63.75,1.5,0.4,0.15,0.0384
Base TLBO,20260746,32,47,55.3252,55.3252,55.3252,0,0,63.75,1.5,0.4,0.15,0.0411
Base TLBO,20260746,32,48,55.3252,55.3252,55.3252,0,0,63.75,1.5,0.4,0.15,0.0371
Base TLBO,20260746,32,49,55.3252,55.3252,55.3252,0,0,63.75,1.5,0.4,0.15,0.0382
Base TLBO,20260746,32,50,55.3252,55.3252,55.3252,0,0,63.75,1.5,0.4,0.15,0.0373
Base TLBO,20260747,33,1,56.3896,13.9596,0.0,0,0,66.25,1.5,0.4,0.15,0.1603
Base TLBO,20260747,33,2,56.3896,21.0083,0.0,0,0,66.25,1.5,0.4,0.15,0.1473
Base TLBO,20260747,33,3,56.3896,28.057,0.0,0,0,66.25,1.5,0.4,0.15,0.1315
Base TLBO,20260747,33,4,56.3896,35.1056,0.0,0,0,66.25,1.5,0.4,0.15,0.1134
Base TLBO,20260747,33,5,56.3896,42.1544,0.0,0,0,66.25,1.5,0.4,0.15,0.0921
Base TLBO,20260747,33,6,56.3896,49.2031,0.0,0,0,66.25,1.5,0.4,0.15,0.1
Base TLBO,20260747,33,7,56.3896,56.2518,55.2868,0,0,66.25,1.5,0.4,0.15,0.0586
Base TLBO,20260747,33,8,56.3896,56.3896,56.3896,0,0,66.25,1.5,0.4,0.15,0.0372
Base TLBO,20260747,33,9,56.3896,56.3896,56.3896,0,0,66.25,1.5,0.4,0.15,0.0391
Base TLBO,20260747,33,10,56.3896,56.3896,56.3896,0,0,66.25,1.5,0.4,0.15,0.0404
Base TLBO,20260747,33,11,56.3896,56.3896,56.3896,0,0,66.25,1.5,0.4,0.15,0.0414
Base TLBO,20260747,33,12,56.3896,56.3896,56.3896,0,0,66.25,1.5,0.4,0.15,0.0451
Base TLBO,20260747,33,13,56.3896,56.3896,56.3896,0,0,66.25,1.5,0.4,0.15,0.0382
Base TLBO,20260747,33,14,56.3896,56.3896,56.3896,0,0,66.25,1.5,0.4,0.15,0.0452
Base TLBO,20260747,33,15,56.3896,56.3896,56.3896,0,0,66.25,1.5,0.4,0.15,0.0432
Base TLBO,20260747,33,16,56.3896,56.3896,56.3896,0,0,66.25,1.5,0.4,0.15,0.042
Base TLBO,20260747,33,17,56.3896,56.3896,56.3896,0,0,66.25,1.5,0.4,0.15,0.0435
Base TLBO,20260747,33,18,56.3896,56.3896,56.3896,0,0,66.25,1.5,0.4,0.15,0.0396
Base TLBO,20260747,33,19,56.3896,56.3896,56.3896,0,0,66.25,1.5,0.4,0.15,0.0376
Base TLBO,20260747,33,20,56.3896,56.3896,56.3896,0,0,66.25,1.5,0.4,0.15,0.0396
Base TLBO,20260747,33,21,56.3896,56.3896,56.3896,0,0,66.25,1.5,0.4,0.15,0.0371
Base TLBO,20260747,33,22,56.3896,56.3896,56.3896,0,0,66.25,1.5,0.4,0.15,0.0375
Base TLBO,20260747,33,23,56.3896,56.3896,56.3896,0,0,66.25,1.5,0.4,0.15,0.0405
Base TLBO,20260747,33,24,56.3896,56.3896,56.3896,0,0,66.25,1.5,0.4,0.15,0.0371
Base TLBO,20260747,33,25,56.3896,56.3896,56.3896,0,0,66.25,1.5,0.4,0.15,0.0376
Base TLBO,20260747,33,26,56.3896,56.3896,56.3896,0,0,66.25,1.5,0.4,0.15,0.0425
Base TLBO,20260747,33,27,56.3896,56.3896,56.3896,0,0,66.25,1.5,0.4,0.15,0.0405
Base TLBO,20260747,33,28,56.3896,56.3896,56.3896,0,0,66.25,1.5,0.4,0.15,0.0374
Base TLBO,20260747,33,29,56.3896,56.3896,56.3896,0,0,66.25,1.5,0.4,0.15,0.0409
Base TLBO,20260747,33,30,56.3896,56.3896,56.3896,0,0,66.25,1.5,0.4,0.15,0.0398
Base TLBO,20260747,33,31,56.3896,56.3896,56.3896,0,0,66.25,1.5,0.4,0.15,0.0397
Base TLBO,20260747,33,32,56.3896,56.3896,56.3896,0,0,66.25,1.5,0.4,0.15,0.0429
Base TLBO,20260747,33,33,56.3896,56.3896,56.3896,0,0,66.25,1.5,0.4,0.15,0.0389
Base TLBO,20260747,33,34,56.3896,56.3896,56.3896,0,0,66.25,1.5,0.4,0.15,0.0405
Base TLBO,20260747,33,35,56.3896,56.3896,56.3896,0,0,66.25,1.5,0.4,0.15,0.041
Base TLBO,20260747,33,36,56.3896,56.3896,56.3896,0,0,66.25,1.5,0.4,0.15,0.0385
Base TLBO,20260747,33,37,56.3896,56.3896,56.3896,0,0,66.25,1.5,0.4,0.15,0.0387
Base TLBO,20260747,33,38,56.3896,56.3896,56.3896,0,0,66.25,1.5,0.4,0.15,0.039
Base TLBO,20260747,33,39,56.3896,56.3896,56.3896,0,0,66.25,1.5,0.4,0.15,0.0387
Base TLBO,20260747,33,40,56.3896,56.3896,56.3896,0,0,66.25,1.5,0.4,0.15,0.038
Base TLBO,20260747,33,41,56.3896,56.3896,56.3896,0,0,66.25,1.5,0.4,0.15,0.0458
Base TLBO,20260747,33,42,56.3896,56.3896,56.3896,0,0,66.25,1.5,0.4,0.15,0.0416
Base TLBO,20260747,33,43,56.3896,56.3896,56.3896,0,0,66.25,1.5,0.4,0.15,0.0376
Base TLBO,20260747,33,44,56.3896,56.3896,56.3896,0,0,66.25,1.5,0.4,0.15,0.0412
Base TLBO,20260747,33,45,56.3896,56.3896,56.3896,0,0,66.25,1.5,0.4,0.15,0.042
Base TLBO,20260747,33,46,56.3896,56.3896,56.3896,0,0,66.25,1.5,0.4,0.15,0.0375
Base TLBO,20260747,33,47,56.3896,56.3896,56.3896,0,0,66.25,1.5,0.4,0.15,0.0387
Base TLBO,20260747,33,48,56.3896,56.3896,56.3896,0,0,66.25,1.5,0.4,0.15,0.0371
Base TLBO,20260747,33,49,56.3896,56.3896,56.3896,0,0,66.25,1.5,0.4,0.15,0.0391
Base TLBO,20260747,33,50,56.3896,56.3896,56.3896,0,0,66.25,1.5,0.4,0.15,0.04
Base TLBO,20260748,34,1,56.524,35.0198,0.0,0,0,57.5,1.5,0.4,0.15,0.1596
Base TLBO,20260748,34,2,56.524,42.0853,0.0,0,0,57.5,1.5,0.4,0.15,0.1335
Base TLBO,20260748,34,3,56.524,49.1508,0.0,0,0,57.5,1.5,0.4,0.15,0.1373
Base TLBO,20260748,34,4,56.524,56.2163,55.5688,0,0,57.5,1.5,0.4,0.15,0.1192
Base TLBO,20260748,34,5,56.524,56.3358,55.612,0,0,57.5,1.5,0.4,0.15,0.0904
Base TLBO,20260748,34,6,56.524,56.4498,56.0956,0,0,57.5,1.5,0.4,0.15,0.0757
Base TLBO,20260748,34,7,56.524,56.5033,56.3584,0,0,57.5,1.5,0.4,0.15,0.0584
Base TLBO,20260748,34,8,56.524,56.524,56.524,0,0,57.5,1.5,0.4,0.15,0.0372
Base TLBO,20260748,34,9,56.524,56.524,56.524,0,0,57.5,1.5,0.4,0.15,0.0383
Base TLBO,20260748,34,10,56.524,56.524,56.524,0,0,57.5,1.5,0.4,0.15,0.0374
Base TLBO,20260748,34,11,56.524,56.524,56.524,0,0,57.5,1.5,0.4,0.15,0.0461
Base TLBO,20260748,34,12,56.524,56.524,56.524,0,0,57.5,1.5,0.4,0.15,0.0383
Base TLBO,20260748,34,13,56.524,56.524,56.524,0,0,57.5,1.5,0.4,0.15,0.0409
Base TLBO,20260748,34,14,56.524,56.524,56.524,0,0,57.5,1.5,0.4,0.15,0.0419
Base TLBO,20260748,34,15,56.524,56.524,56.524,0,0,57.5,1.5,0.4,0.15,0.0422
Base TLBO,20260748,34,16,56.524,56.524,56.524,0,0,57.5,1.5,0.4,0.15,0.0382
Base TLBO,20260748,34,17,56.524,56.524,56.524,0,0,57.5,1.5,0.4,0.15,0.0401
Base TLBO,20260748,34,18,56.524,56.524,56.524,0,0,57.5,1.5,0.4,0.15,0.0399
Base TLBO,20260748,34,19,56.524,56.524,56.524,0,0,57.5,1.5,0.4,0.15,0.0403
Base TLBO,20260748,34,20,56.524,56.524,56.524,0,0,57.5,1.5,0.4,0.15,0.0368
Base TLBO,20260748,34,21,56.524,56.524,56.524,0,0,57.5,1.5,0.4,0.15,0.0376
Base TLBO,20260748,34,22,56.524,56.524,56.524,0,0,57.5,1.5,0.4,0.15,0.0381
Base TLBO,20260748,34,23,56.524,56.524,56.524,0,0,57.5,1.5,0.4,0.15,0.0379
Base TLBO,20260748,34,24,56.524,56.524,56.524,0,0,57.5,1.5,0.4,0.15,0.0375
Base TLBO,20260748,34,25,56.524,56.524,56.524,0,0,57.5,1.5,0.4,0.15,0.0379
Base TLBO,20260748,34,26,56.524,56.524,56.524,0,0,57.5,1.5,0.4,0.15,0.0421
Base TLBO,20260748,34,27,56.524,56.524,56.524,0,0,57.5,1.5,0.4,0.15,0.0421
Base TLBO,20260748,34,28,56.524,56.524,56.524,0,0,57.5,1.5,0.4,0.15,0.0416
Base TLBO,20260748,34,29,56.524,56.524,56.524,0,0,57.5,1.5,0.4,0.15,0.0397
Base TLBO,20260748,34,30,56.524,56.524,56.524,0,0,57.5,1.5,0.4,0.15,0.0427
Base TLBO,20260748,34,31,56.524,56.524,56.524,0,0,57.5,1.5,0.4,0.15,0.0386
Base TLBO,20260748,34,32,56.524,56.524,56.524,0,0,57.5,1.5,0.4,0.15,0.0395
Base TLBO,20260748,34,33,56.524,56.524,56.524,0,0,57.5,1.5,0.4,0.15,0.0476
Base TLBO,20260748,34,34,56.524,56.524,56.524,0,0,57.5,1.5,0.4,0.15,0.0422
Base TLBO,20260748,34,35,56.524,56.524,56.524,0,0,57.5,1.5,0.4,0.15,0.0383
Base TLBO,20260748,34,36,56.524,56.524,56.524,0,0,57.5,1.5,0.4,0.15,0.0401
Base TLBO,20260748,34,37,56.524,56.524,56.524,0,0,57.5,1.5,0.4,0.15,0.0378
Base TLBO,20260748,34,38,56.524,56.524,56.524,0,0,57.5,1.5,0.4,0.15,0.0372
Base TLBO,20260748,34,39,56.524,56.524,56.524,0,0,57.5,1.5,0.4,0.15,0.0383
Base TLBO,20260748,34,40,56.524,56.524,56.524,0,0,57.5,1.5,0.4,0.15,0.0432
Base TLBO,20260748,34,41,56.524,56.524,56.524,0,0,57.5,1.5,0.4,0.15,0.037
Base TLBO,20260748,34,42,56.524,56.524,56.524,0,0,57.5,1.5,0.4,0.15,0.0375
Base TLBO,20260748,34,43,56.524,56.524,56.524,0,0,57.5,1.5,0.4,0.15,0.037
Base TLBO,20260748,34,44,56.524,56.524,56.524,0,0,57.5,1.5,0.4,0.15,0.0403
Base TLBO,20260748,34,45,56.524,56.524,56.524,0,0,57.5,1.5,0.4,0.15,0.0375
Base TLBO,20260748,34,46,56.524,56.524,56.524,0,0,57.5,1.5,0.4,0.15,0.0375
Base TLBO,20260748,34,47,56.524,56.524,56.524,0,0,57.5,1.5,0.4,0.15,0.0394
Base TLBO,20260748,34,48,56.524,56.524,56.524,0,0,57.5,1.5,0.4,0.15,0.0441
Base TLBO,20260748,34,49,56.524,56.524,56.524,0,0,57.5,1.5,0.4,0.15,0.0512
Base TLBO,20260748,34,50,56.524,56.524,56.524,0,0,57.5,1.5,0.4,0.15,0.0403
Base TLBO,20260749,35,1,55.138,6.8922,0.0,0,0,67.5,1.5,0.4,0.15,0.16
Base TLBO,20260749,35,2,55.138,13.7845,0.0,0,0,67.5,1.5,0.4,0.15,0.142
Base TLBO,20260749,35,3,55.138,20.6767,0.0,0,0,67.5,1.5,0.4,0.15,0.138
Base TLBO,20260749,35,4,55.138,27.569,0.0,0,0,67.5,1.5,0.4,0.15,0.1176
Base TLBO,20260749,35,5,55.138,34.4612,0.0,0,0,67.5,1.5,0.4,0.15,0.0891
Base TLBO,20260749,35,6,55.138,41.3535,0.0,0,0,67.5,1.5,0.4,0.15,0.0857
Base TLBO,20260749,35,7,55.138,48.2458,0.0,0,0,67.5,1.5,0.4,0.15,0.0582
Base TLBO,20260749,35,8,55.138,55.138,55.138,0,0,67.5,1.5,0.4,0.15,0.0431
Base TLBO,20260749,35,9,55.138,55.138,55.138,0,0,67.5,1.5,0.4,0.15,0.0399
Base TLBO,20260749,35,10,55.138,55.138,55.138,0,0,67.5,1.5,0.4,0.15,0.0435
Base TLBO,20260749,35,11,55.138,55.138,55.138,0,0,67.5,1.5,0.4,0.15,0.0408
Base TLBO,20260749,35,12,55.138,55.138,55.138,0,0,67.5,1.5,0.4,0.15,0.0467
Base TLBO,20260749,35,13,55.138,55.138,55.138,0,0,67.5,1.5,0.4,0.15,0.0423
Base TLBO,20260749,35,14,55.138,55.138,55.138,0,0,67.5,1.5,0.4,0.15,0.0378
Base TLBO,20260749,35,15,55.138,55.138,55.138,0,0,67.5,1.5,0.4,0.15,0.0389
Base TLBO,20260749,35,16,55.138,55.138,55.138,0,0,67.5,1.5,0.4,0.15,0.037
Base TLBO,20260749,35,17,55.138,55.138,55.138,0,0,67.5,1.5,0.4,0.15,0.0371
Base TLBO,20260749,35,18,55.138,55.138,55.138,0,0,67.5,1.5,0.4,0.15,0.0372
Base TLBO,20260749,35,19,55.138,55.138,55.138,0,0,67.5,1.5,0.4,0.15,0.0424
Base TLBO,20260749,35,20,55.138,55.138,55.138,0,0,67.5,1.5,0.4,0.15,0.0413
Base TLBO,20260749,35,21,55.138,55.138,55.138,0,0,67.5,1.5,0.4,0.15,0.0397
Base TLBO,20260749,35,22,55.138,55.138,55.138,0,0,67.5,1.5,0.4,0.15,0.0403
Base TLBO,20260749,35,23,55.138,55.138,55.138,0,0,67.5,1.5,0.4,0.15,0.0403
Base TLBO,20260749,35,24,55.138,55.138,55.138,0,0,67.5,1.5,0.4,0.15,0.0369
Base TLBO,20260749,35,25,55.138,55.138,55.138,0,0,67.5,1.5,0.4,0.15,0.0373
Base TLBO,20260749,35,26,55.138,55.138,55.138,0,0,67.5,1.5,0.4,0.15,0.0395
Base TLBO,20260749,35,27,55.138,55.138,55.138,0,0,67.5,1.5,0.4,0.15,0.04
Base TLBO,20260749,35,28,55.138,55.138,55.138,0,0,67.5,1.5,0.4,0.15,0.0388
Base TLBO,20260749,35,29,55.138,55.138,55.138,0,0,67.5,1.5,0.4,0.15,0.0408
Base TLBO,20260749,35,30,55.138,55.138,55.138,0,0,67.5,1.5,0.4,0.15,0.0381
Base TLBO,20260749,35,31,55.138,55.138,55.138,0,0,67.5,1.5,0.4,0.15,0.0378
Base TLBO,20260749,35,32,55.138,55.138,55.138,0,0,67.5,1.5,0.4,0.15,0.0382
Base TLBO,20260749,35,33,55.138,55.138,55.138,0,0,67.5,1.5,0.4,0.15,0.0373
Base TLBO,20260749,35,34,55.138,55.138,55.138,0,0,67.5,1.5,0.4,0.15,0.0399
Base TLBO,20260749,35,35,55.138,55.138,55.138,0,0,67.5,1.5,0.4,0.15,0.0396
Base TLBO,20260749,35,36,55.138,55.138,55.138,0,0,67.5,1.5,0.4,0.15,0.0426
Base TLBO,20260749,35,37,55.138,55.138,55.138,0,0,67.5,1.5,0.4,0.15,0.0415
Base TLBO,20260749,35,38,55.138,55.138,55.138,0,0,67.5,1.5,0.4,0.15,0.0378
Base TLBO,20260749,35,39,55.138,55.138,55.138,0,0,67.5,1.5,0.4,0.15,0.0436
Base TLBO,20260749,35,40,55.138,55.138,55.138,0,0,67.5,1.5,0.4,0.15,0.0405
Base TLBO,20260749,35,41,55.138,55.138,55.138,0,0,67.5,1.5,0.4,0.15,0.0393
Base TLBO,20260749,35,42,55.138,55.138,55.138,0,0,67.5,1.5,0.4,0.15,0.0377
Base TLBO,20260749,35,43,55.138,55.138,55.138,0,0,67.5,1.5,0.4,0.15,0.0407
Base TLBO,20260749,35,44,55.138,55.138,55.138,0,0,67.5,1.5,0.4,0.15,0.0435
Base TLBO,20260749,35,45,55.138,55.138,55.138,0,0,67.5,1.5,0.4,0.15,0.0404
Base TLBO,20260749,35,46,55.138,55.138,55.138,0,0,67.5,1.5,0.4,0.15,0.0415
Base TLBO,20260749,35,47,55.138,55.138,55.138,0,0,67.5,1.5,0.4,0.15,0.0429
Base TLBO,20260749,35,48,55.138,55.138,55.138,0,0,67.5,1.5,0.4,0.15,0.0379
Base TLBO,20260749,35,49,55.138,55.138,55.138,0,0,67.5,1.5,0.4,0.15,0.0374
Base TLBO,20260749,35,50,55.138,55.138,55.138,0,0,67.5,1.5,0.4,0.15,0.0373
Base TLBO,20260750,36,1,56.296,27.9446,0.0,0,0,68.75,1.5,0.4,0.15,0.1626
Base TLBO,20260750,36,2,56.296,34.9816,0.0,0,0,68.75,1.5,0.4,0.15,0.1461
Base TLBO,20260750,36,3,56.296,42.0186,0.0,0,0,68.75,1.5,0.4,0.15,0.1281
Base TLBO,20260750,36,4,56.296,49.0556,0.0,0,0,68.75,1.5,0.4,0.15,0.1043
Base TLBO,20260750,36,5,56.296,56.0926,55.384,0,0,68.75,1.5,0.4,0.15,0.0961
Base TLBO,20260750,36,6,56.296,56.2066,55.9384,0,0,68.75,1.5,0.4,0.15,0.0804
Base TLBO,20260750,36,7,56.296,56.2513,55.9384,0,0,68.75,1.5,0.4,0.15,0.0615
Base TLBO,20260750,36,8,56.296,56.296,56.296,0,0,68.75,1.5,0.4,0.15,0.0424
Base TLBO,20260750,36,9,56.296,56.296,56.296,0,0,68.75,1.5,0.4,0.15,0.0465
Base TLBO,20260750,36,10,56.296,56.296,56.296,0,0,68.75,1.5,0.4,0.15,0.0464
Base TLBO,20260750,36,11,56.296,56.296,56.296,0,0,68.75,1.5,0.4,0.15,0.0403
Base TLBO,20260750,36,12,56.296,56.296,56.296,0,0,68.75,1.5,0.4,0.15,0.0386
Base TLBO,20260750,36,13,56.296,56.296,56.296,0,0,68.75,1.5,0.4,0.15,0.0376
Base TLBO,20260750,36,14,56.296,56.296,56.296,0,0,68.75,1.5,0.4,0.15,0.0371
Base TLBO,20260750,36,15,56.296,56.296,56.296,0,0,68.75,1.5,0.4,0.15,0.0405
Base TLBO,20260750,36,16,56.296,56.296,56.296,0,0,68.75,1.5,0.4,0.15,0.04
Base TLBO,20260750,36,17,56.296,56.296,56.296,0,0,68.75,1.5,0.4,0.15,0.0372
Base TLBO,20260750,36,18,56.296,56.296,56.296,0,0,68.75,1.5,0.4,0.15,0.037
Base TLBO,20260750,36,19,56.296,56.296,56.296,0,0,68.75,1.5,0.4,0.15,0.044
Base TLBO,20260750,36,20,56.296,56.296,56.296,0,0,68.75,1.5,0.4,0.15,0.041
Base TLBO,20260750,36,21,56.296,56.296,56.296,0,0,68.75,1.5,0.4,0.15,0.0422
Base TLBO,20260750,36,22,56.296,56.296,56.296,0,0,68.75,1.5,0.4,0.15,0.0375
Base TLBO,20260750,36,23,56.296,56.296,56.296,0,0,68.75,1.5,0.4,0.15,0.0457
Base TLBO,20260750,36,24,56.296,56.296,56.296,0,0,68.75,1.5,0.4,0.15,0.038
Base TLBO,20260750,36,25,56.296,56.296,56.296,0,0,68.75,1.5,0.4,0.15,0.0368
Base TLBO,20260750,36,26,56.296,56.296,56.296,0,0,68.75,1.5,0.4,0.15,0.037
Base TLBO,20260750,36,27,56.296,56.296,56.296,0,0,68.75,1.5,0.4,0.15,0.0375
Base TLBO,20260750,36,28,56.296,56.296,56.296,0,0,68.75,1.5,0.4,0.15,0.0372
Base TLBO,20260750,36,29,56.296,56.296,56.296,0,0,68.75,1.5,0.4,0.15,0.0369
Base TLBO,20260750,36,30,56.296,56.296,56.296,0,0,68.75,1.5,0.4,0.15,0.0369
Base TLBO,20260750,36,31,56.296,56.296,56.296,0,0,68.75,1.5,0.4,0.15,0.037
Base TLBO,20260750,36,32,56.296,56.296,56.296,0,0,68.75,1.5,0.4,0.15,0.0381
Base TLBO,20260750,36,33,56.296,56.296,56.296,0,0,68.75,1.5,0.4,0.15,0.0383
Base TLBO,20260750,36,34,56.296,56.296,56.296,0,0,68.75,1.5,0.4,0.15,0.0375
Base TLBO,20260750,36,35,56.296,56.296,56.296,0,0,68.75,1.5,0.4,0.15,0.0395
Base TLBO,20260750,36,36,56.296,56.296,56.296,0,0,68.75,1.5,0.4,0.15,0.0427
Base TLBO,20260750,36,37,56.296,56.296,56.296,0,0,68.75,1.5,0.4,0.15,0.0399
Base TLBO,20260750,36,38,56.296,56.296,56.296,0,0,68.75,1.5,0.4,0.15,0.0431
Base TLBO,20260750,36,39,56.296,56.296,56.296,0,0,68.75,1.5,0.4,0.15,0.0407
Base TLBO,20260750,36,40,56.296,56.296,56.296,0,0,68.75,1.5,0.4,0.15,0.0438
Base TLBO,20260750,36,41,56.296,56.296,56.296,0,0,68.75,1.5,0.4,0.15,0.0413
Base TLBO,20260750,36,42,56.296,56.296,56.296,0,0,68.75,1.5,0.4,0.15,0.0375
Base TLBO,20260750,36,43,56.296,56.296,56.296,0,0,68.75,1.5,0.4,0.15,0.043
Base TLBO,20260750,36,44,56.296,56.296,56.296,0,0,68.75,1.5,0.4,0.15,0.0374
Base TLBO,20260750,36,45,56.296,56.296,56.296,0,0,68.75,1.5,0.4,0.15,0.0372
Base TLBO,20260750,36,46,56.296,56.296,56.296,0,0,68.75,1.5,0.4,0.15,0.0399
Base TLBO,20260750,36,47,56.296,56.296,56.296,0,0,68.75,1.5,0.4,0.15,0.04
Base TLBO,20260750,36,48,56.296,56.296,56.296,0,0,68.75,1.5,0.4,0.15,0.0375
Base TLBO,20260750,36,49,56.296,56.296,56.296,0,0,68.75,1.5,0.4,0.15,0.0379
Base TLBO,20260750,36,50,56.296,56.296,56.296,0,0,68.75,1.5,0.4,0.15,0.0394
Base TLBO,20260751,37,1,56.7532,28.2054,0.0,0,0,67.5,1.5,0.4,0.15,0.1554
Base TLBO,20260751,37,2,56.7532,35.2996,0.0,0,0,67.5,1.5,0.4,0.15,0.1452
Base TLBO,20260751,37,3,56.7952,42.399,0.0,0,0,68.75,1.5,0.4,0.15,0.1382
Base TLBO,20260751,37,4,56.7952,49.4984,0.0,0,0,68.75,1.5,0.4,0.15,0.1262
Base TLBO,20260751,37,5,56.7952,56.5978,56.236,0,0,68.75,1.5,0.4,0.15,0.1314
Base TLBO,20260751,37,6,56.7952,56.6677,56.3272,0,0,68.75,1.5,0.4,0.15,0.1175
Base TLBO,20260751,37,7,56.7952,56.7262,56.3272,0,0,68.75,1.5,0.4,0.15,0.0923
Base TLBO,20260751,37,8,56.8396,56.7955,56.7532,0,0,70.0,1.5,0.4,0.15,0.0661
Base TLBO,20260751,37,9,56.8396,56.8118,56.7952,0,0,70.0,1.5,0.4,0.15,0.0967
Base TLBO,20260751,37,10,56.884,56.8285,56.7952,0,0,70.0,1.5,0.4,0.15,0.1171
Base TLBO,20260751,37,11,56.932,56.8567,56.7952,0,0,70.0,1.5,0.4,0.15,0.1316
Base TLBO,20260751,37,12,56.9812,56.8915,56.7952,0,0,70.0,1.5,0.4,0.15,0.1093
Base TLBO,20260751,37,13,56.9812,56.9385,56.884,0,0,70.0,1.5,0.4,0.15,0.111
Base TLBO,20260751,37,14,56.9812,56.9689,56.932,0,0,70.0,1.5,0.4,0.15,0.0796
Base TLBO,20260751,37,15,56.9812,56.9751,56.932,0,0,70.0,1.5,0.4,0.15,0.0521
Base TLBO,20260751,37,16,56.9812,56.9812,56.9812,0,0,70.0,1.5,0.4,0.15,0.0388
Base TLBO,20260751,37,17,56.9812,56.9812,56.9812,0,0,70.0,1.5,0.4,0.15,0.0397
Base TLBO,20260751,37,18,56.9812,56.9812,56.9812,0,0,70.0,1.5,0.4,0.15,0.042
Base TLBO,20260751,37,19,56.9812,56.9812,56.9812,0,0,70.0,1.5,0.4,0.15,0.0412
Base TLBO,20260751,37,20,56.9812,56.9812,56.9812,0,0,70.0,1.5,0.4,0.15,0.0415
Base TLBO,20260751,37,21,56.9812,56.9812,56.9812,0,0,70.0,1.5,0.4,0.15,0.0406
Base TLBO,20260751,37,22,56.9812,56.9812,56.9812,0,0,70.0,1.5,0.4,0.15,0.0403
Base TLBO,20260751,37,23,56.9812,56.9812,56.9812,0,0,70.0,1.5,0.4,0.15,0.0383
Base TLBO,20260751,37,24,56.9812,56.9812,56.9812,0,0,70.0,1.5,0.4,0.15,0.0381
Base TLBO,20260751,37,25,56.9812,56.9812,56.9812,0,0,70.0,1.5,0.4,0.15,0.0378
Base TLBO,20260751,37,26,56.9812,56.9812,56.9812,0,0,70.0,1.5,0.4,0.15,0.0427
Base TLBO,20260751,37,27,56.9812,56.9812,56.9812,0,0,70.0,1.5,0.4,0.15,0.0427
Base TLBO,20260751,37,28,56.9812,56.9812,56.9812,0,0,70.0,1.5,0.4,0.15,0.0406
Base TLBO,20260751,37,29,56.9812,56.9812,56.9812,0,0,70.0,1.5,0.4,0.15,0.0382
Base TLBO,20260751,37,30,56.9812,56.9812,56.9812,0,0,70.0,1.5,0.4,0.15,0.0447
Base TLBO,20260751,37,31,56.9812,56.9812,56.9812,0,0,70.0,1.5,0.4,0.15,0.0377
Base TLBO,20260751,37,32,56.9812,56.9812,56.9812,0,0,70.0,1.5,0.4,0.15,0.0376
Base TLBO,20260751,37,33,56.9812,56.9812,56.9812,0,0,70.0,1.5,0.4,0.15,0.0387
Base TLBO,20260751,37,34,56.9812,56.9812,56.9812,0,0,70.0,1.5,0.4,0.15,0.0375
Base TLBO,20260751,37,35,56.9812,56.9812,56.9812,0,0,70.0,1.5,0.4,0.15,0.0394
Base TLBO,20260751,37,36,56.9812,56.9812,56.9812,0,0,70.0,1.5,0.4,0.15,0.0376
Base TLBO,20260751,37,37,56.9812,56.9812,56.9812,0,0,70.0,1.5,0.4,0.15,0.0383
Base TLBO,20260751,37,38,56.9812,56.9812,56.9812,0,0,70.0,1.5,0.4,0.15,0.0376
Base TLBO,20260751,37,39,56.9812,56.9812,56.9812,0,0,70.0,1.5,0.4,0.15,0.0373
Base TLBO,20260751,37,40,56.9812,56.9812,56.9812,0,0,70.0,1.5,0.4,0.15,0.0377
Base TLBO,20260751,37,41,56.9812,56.9812,56.9812,0,0,70.0,1.5,0.4,0.15,0.0373
Base TLBO,20260751,37,42,56.9812,56.9812,56.9812,0,0,70.0,1.5,0.4,0.15,0.0405
Base TLBO,20260751,37,43,56.9812,56.9812,56.9812,0,0,70.0,1.5,0.4,0.15,0.0395
Base TLBO,20260751,37,44,56.9812,56.9812,56.9812,0,0,70.0,1.5,0.4,0.15,0.0395
Base TLBO,20260751,37,45,56.9812,56.9812,56.9812,0,0,70.0,1.5,0.4,0.15,0.0412
Base TLBO,20260751,37,46,56.9812,56.9812,56.9812,0,0,70.0,1.5,0.4,0.15,0.0399
Base TLBO,20260751,37,47,56.9812,56.9812,56.9812,0,0,70.0,1.5,0.4,0.15,0.0384
Base TLBO,20260751,37,48,56.9812,56.9812,56.9812,0,0,70.0,1.5,0.4,0.15,0.0411
Base TLBO,20260751,37,49,56.9812,56.9812,56.9812,0,0,70.0,1.5,0.4,0.15,0.0397
Base TLBO,20260751,37,50,56.9812,56.9812,56.9812,0,0,70.0,1.5,0.4,0.15,0.0382
Base TLBO,20260752,38,1,56.422,34.9084,0.0,0,0,55.0,1.5,0.4,0.15,0.1617
Base TLBO,20260752,38,2,56.422,41.9611,0.0,0,0,55.0,1.5,0.4,0.15,0.1448
Base TLBO,20260752,38,3,56.422,49.0841,0.0,0,0,55.0,1.5,0.4,0.15,0.1505
Base TLBO,20260752,38,4,56.422,56.1368,55.3252,0,0,55.0,1.5,0.4,0.15,0.1141
Base TLBO,20260752,38,5,56.422,56.2739,55.864,0,0,55.0,1.5,0.4,0.15,0.0943
Base TLBO,20260752,38,6,56.422,56.3437,56.0956,0,0,55.0,1.5,0.4,0.15,0.0883
Base TLBO,20260752,38,7,56.422,56.3845,56.122,0,0,55.0,1.5,0.4,0.15,0.0613
Base TLBO,20260752,38,8,56.422,56.422,56.422,0,0,55.0,1.5,0.4,0.15,0.0406
Base TLBO,20260752,38,9,56.422,56.422,56.422,0,0,55.0,1.5,0.4,0.15,0.0375
Base TLBO,20260752,38,10,56.422,56.422,56.422,0,0,55.0,1.5,0.4,0.15,0.037
Base TLBO,20260752,38,11,56.422,56.422,56.422,0,0,55.0,1.5,0.4,0.15,0.037
Base TLBO,20260752,38,12,56.422,56.422,56.422,0,0,55.0,1.5,0.4,0.15,0.0369
Base TLBO,20260752,38,13,56.422,56.422,56.422,0,0,55.0,1.5,0.4,0.15,0.0372
Base TLBO,20260752,38,14,56.422,56.422,56.422,0,0,55.0,1.5,0.4,0.15,0.0381
Base TLBO,20260752,38,15,56.422,56.422,56.422,0,0,55.0,1.5,0.4,0.15,0.0382
Base TLBO,20260752,38,16,56.422,56.422,56.422,0,0,55.0,1.5,0.4,0.15,0.0382
Base TLBO,20260752,38,17,56.422,56.422,56.422,0,0,55.0,1.5,0.4,0.15,0.038
Base TLBO,20260752,38,18,56.422,56.422,56.422,0,0,55.0,1.5,0.4,0.15,0.0371
Base TLBO,20260752,38,19,56.422,56.422,56.422,0,0,55.0,1.5,0.4,0.15,0.0376
Base TLBO,20260752,38,20,56.422,56.422,56.422,0,0,55.0,1.5,0.4,0.15,0.0372
Base TLBO,20260752,38,21,56.422,56.422,56.422,0,0,55.0,1.5,0.4,0.15,0.0375
Base TLBO,20260752,38,22,56.422,56.422,56.422,0,0,55.0,1.5,0.4,0.15,0.0385
Base TLBO,20260752,38,23,56.422,56.422,56.422,0,0,55.0,1.5,0.4,0.15,0.0374
Base TLBO,20260752,38,24,56.422,56.422,56.422,0,0,55.0,1.5,0.4,0.15,0.0371
Base TLBO,20260752,38,25,56.422,56.422,56.422,0,0,55.0,1.5,0.4,0.15,0.037
Base TLBO,20260752,38,26,56.422,56.422,56.422,0,0,55.0,1.5,0.4,0.15,0.0405
Base TLBO,20260752,38,27,56.422,56.422,56.422,0,0,55.0,1.5,0.4,0.15,0.0412
Base TLBO,20260752,38,28,56.422,56.422,56.422,0,0,55.0,1.5,0.4,0.15,0.0427
Base TLBO,20260752,38,29,56.422,56.422,56.422,0,0,55.0,1.5,0.4,0.15,0.0425
Base TLBO,20260752,38,30,56.422,56.422,56.422,0,0,55.0,1.5,0.4,0.15,0.0415
Base TLBO,20260752,38,31,56.422,56.422,56.422,0,0,55.0,1.5,0.4,0.15,0.0375
Base TLBO,20260752,38,32,56.422,56.422,56.422,0,0,55.0,1.5,0.4,0.15,0.037
Base TLBO,20260752,38,33,56.422,56.422,56.422,0,0,55.0,1.5,0.4,0.15,0.0377
Base TLBO,20260752,38,34,56.422,56.422,56.422,0,0,55.0,1.5,0.4,0.15,0.0377
Base TLBO,20260752,38,35,56.422,56.422,56.422,0,0,55.0,1.5,0.4,0.15,0.0377
Base TLBO,20260752,38,36,56.422,56.422,56.422,0,0,55.0,1.5,0.4,0.15,0.0377
Base TLBO,20260752,38,37,56.422,56.422,56.422,0,0,55.0,1.5,0.4,0.15,0.0459
Base TLBO,20260752,38,38,56.422,56.422,56.422,0,0,55.0,1.5,0.4,0.15,0.0372
Base TLBO,20260752,38,39,56.422,56.422,56.422,0,0,55.0,1.5,0.4,0.15,0.038
Base TLBO,20260752,38,40,56.422,56.422,56.422,0,0,55.0,1.5,0.4,0.15,0.038
Base TLBO,20260752,38,41,56.422,56.422,56.422,0,0,55.0,1.5,0.4,0.15,0.0382
Base TLBO,20260752,38,42,56.422,56.422,56.422,0,0,55.0,1.5,0.4,0.15,0.0387
Base TLBO,20260752,38,43,56.422,56.422,56.422,0,0,55.0,1.5,0.4,0.15,0.0398
Base TLBO,20260752,38,44,56.422,56.422,56.422,0,0,55.0,1.5,0.4,0.15,0.0374
Base TLBO,20260752,38,45,56.422,56.422,56.422,0,0,55.0,1.5,0.4,0.15,0.0372
Base TLBO,20260752,38,46,56.422,56.422,56.422,0,0,55.0,1.5,0.4,0.15,0.0372
Base TLBO,20260752,38,47,56.422,56.422,56.422,0,0,55.0,1.5,0.4,0.15,0.0376
Base TLBO,20260752,38,48,56.422,56.422,56.422,0,0,55.0,1.5,0.4,0.15,0.0374
Base TLBO,20260752,38,49,56.422,56.422,56.422,0,0,55.0,1.5,0.4,0.15,0.0372
Base TLBO,20260752,38,50,56.422,56.422,56.422,0,0,55.0,1.5,0.4,0.15,0.0391
Base TLBO,20260753,39,1,56.0956,13.945,0.0,0,0,67.5,1.5,0.4,0.15,0.1643
Base TLBO,20260753,39,2,56.0956,20.9569,0.0,0,0,67.5,1.5,0.4,0.15,0.1451
Base TLBO,20260753,39,3,56.0956,27.9689,0.0,0,0,67.5,1.5,0.4,0.15,0.1271
Base TLBO,20260753,39,4,56.0956,34.9808,0.0,0,0,67.5,1.5,0.4,0.15,0.1039
Base TLBO,20260753,39,5,56.0956,41.9928,0.0,0,0,67.5,1.5,0.4,0.15,0.095
Base TLBO,20260753,39,6,56.0956,49.0048,0.0,0,0,67.5,1.5,0.4,0.15,0.0785
Base TLBO,20260753,39,7,56.0956,56.0167,55.4644,0,0,67.5,1.5,0.4,0.15,0.0635
Base TLBO,20260753,39,8,56.0956,56.0956,56.0956,0,0,67.5,1.5,0.4,0.15,0.0388
Base TLBO,20260753,39,9,56.0956,56.0956,56.0956,0,0,67.5,1.5,0.4,0.15,0.0376
Base TLBO,20260753,39,10,56.0956,56.0956,56.0956,0,0,67.5,1.5,0.4,0.15,0.0373
Base TLBO,20260753,39,11,56.0956,56.0956,56.0956,0,0,67.5,1.5,0.4,0.15,0.0382
Base TLBO,20260753,39,12,56.0956,56.0956,56.0956,0,0,67.5,1.5,0.4,0.15,0.0369
Base TLBO,20260753,39,13,56.0956,56.0956,56.0956,0,0,67.5,1.5,0.4,0.15,0.0368
Base TLBO,20260753,39,14,56.0956,56.0956,56.0956,0,0,67.5,1.5,0.4,0.15,0.0374
Base TLBO,20260753,39,15,56.0956,56.0956,56.0956,0,0,67.5,1.5,0.4,0.15,0.0371
Base TLBO,20260753,39,16,56.0956,56.0956,56.0956,0,0,67.5,1.5,0.4,0.15,0.0376
Base TLBO,20260753,39,17,56.0956,56.0956,56.0956,0,0,67.5,1.5,0.4,0.15,0.043
Base TLBO,20260753,39,18,56.0956,56.0956,56.0956,0,0,67.5,1.5,0.4,0.15,0.0415
Base TLBO,20260753,39,19,56.0956,56.0956,56.0956,0,0,67.5,1.5,0.4,0.15,0.0384
Base TLBO,20260753,39,20,56.0956,56.0956,56.0956,0,0,67.5,1.5,0.4,0.15,0.0421
Base TLBO,20260753,39,21,56.0956,56.0956,56.0956,0,0,67.5,1.5,0.4,0.15,0.0379
Base TLBO,20260753,39,22,56.0956,56.0956,56.0956,0,0,67.5,1.5,0.4,0.15,0.0396
Base TLBO,20260753,39,23,56.0956,56.0956,56.0956,0,0,67.5,1.5,0.4,0.15,0.038
Base TLBO,20260753,39,24,56.0956,56.0956,56.0956,0,0,67.5,1.5,0.4,0.15,0.0402
Base TLBO,20260753,39,25,56.0956,56.0956,56.0956,0,0,67.5,1.5,0.4,0.15,0.0395
Base TLBO,20260753,39,26,56.0956,56.0956,56.0956,0,0,67.5,1.5,0.4,0.15,0.0408
Base TLBO,20260753,39,27,56.0956,56.0956,56.0956,0,0,67.5,1.5,0.4,0.15,0.0391
Base TLBO,20260753,39,28,56.0956,56.0956,56.0956,0,0,67.5,1.5,0.4,0.15,0.0374
Base TLBO,20260753,39,29,56.0956,56.0956,56.0956,0,0,67.5,1.5,0.4,0.15,0.0389
Base TLBO,20260753,39,30,56.0956,56.0956,56.0956,0,0,67.5,1.5,0.4,0.15,0.0385
Base TLBO,20260753,39,31,56.0956,56.0956,56.0956,0,0,67.5,1.5,0.4,0.15,0.0388
Base TLBO,20260753,39,32,56.0956,56.0956,56.0956,0,0,67.5,1.5,0.4,0.15,0.0398
Base TLBO,20260753,39,33,56.0956,56.0956,56.0956,0,0,67.5,1.5,0.4,0.15,0.0446
Base TLBO,20260753,39,34,56.0956,56.0956,56.0956,0,0,67.5,1.5,0.4,0.15,0.0375
Base TLBO,20260753,39,35,56.0956,56.0956,56.0956,0,0,67.5,1.5,0.4,0.15,0.0388
Base TLBO,20260753,39,36,56.0956,56.0956,56.0956,0,0,67.5,1.5,0.4,0.15,0.0374
Base TLBO,20260753,39,37,56.0956,56.0956,56.0956,0,0,67.5,1.5,0.4,0.15,0.0369
Base TLBO,20260753,39,38,56.0956,56.0956,56.0956,0,0,67.5,1.5,0.4,0.15,0.0393
Base TLBO,20260753,39,39,56.0956,56.0956,56.0956,0,0,67.5,1.5,0.4,0.15,0.0383
Base TLBO,20260753,39,40,56.0956,56.0956,56.0956,0,0,67.5,1.5,0.4,0.15,0.0377
Base TLBO,20260753,39,41,56.0956,56.0956,56.0956,0,0,67.5,1.5,0.4,0.15,0.0378
Base TLBO,20260753,39,42,56.0956,56.0956,56.0956,0,0,67.5,1.5,0.4,0.15,0.0379
Base TLBO,20260753,39,43,56.0956,56.0956,56.0956,0,0,67.5,1.5,0.4,0.15,0.0432
Base TLBO,20260753,39,44,56.0956,56.0956,56.0956,0,0,67.5,1.5,0.4,0.15,0.0377
Base TLBO,20260753,39,45,56.0956,56.0956,56.0956,0,0,67.5,1.5,0.4,0.15,0.0377
Base TLBO,20260753,39,46,56.0956,56.0956,56.0956,0,0,67.5,1.5,0.4,0.15,0.042
Base TLBO,20260753,39,47,56.0956,56.0956,56.0956,0,0,67.5,1.5,0.4,0.15,0.0403
Base TLBO,20260753,39,48,56.0956,56.0956,56.0956,0,0,67.5,1.5,0.4,0.15,0.0404
Base TLBO,20260753,39,49,56.0956,56.0956,56.0956,0,0,67.5,1.5,0.4,0.15,0.037
Base TLBO,20260753,39,50,56.0956,56.0956,56.0956,0,0,67.5,1.5,0.4,0.15,0.037
Base TLBO,20260754,40,1,56.4892,35.0476,0.0,0,0,63.75,1.5,0.4,0.15,0.1563
Base TLBO,20260754,40,2,56.4892,42.1088,0.0,0,0,63.75,1.5,0.4,0.15,0.141
Base TLBO,20260754,40,3,56.4892,49.1699,0.0,0,0,63.75,1.5,0.4,0.15,0.1386
Base TLBO,20260754,40,4,56.4892,56.231,55.138,0,0,63.75,1.5,0.4,0.15,0.1225
Base TLBO,20260754,40,5,56.4892,56.3999,56.0956,0,0,63.75,1.5,0.4,0.15,0.1088
Base TLBO,20260754,40,6,56.4892,56.4491,56.236,0,0,63.75,1.5,0.4,0.15,0.082
Base TLBO,20260754,40,7,56.4892,56.4808,56.422,0,0,63.75,1.5,0.4,0.15,0.063
Base TLBO,20260754,40,8,56.4892,56.4892,56.4892,0,0,63.75,1.5,0.4,0.15,0.0369
Base TLBO,20260754,40,9,56.4892,56.4892,56.4892,0,0,63.75,1.5,0.4,0.15,0.0419
Base TLBO,20260754,40,10,56.4892,56.4892,56.4892,0,0,63.75,1.5,0.4,0.15,0.0401
Base TLBO,20260754,40,11,56.4892,56.4892,56.4892,0,0,63.75,1.5,0.4,0.15,0.0373
Base TLBO,20260754,40,12,56.4892,56.4892,56.4892,0,0,63.75,1.5,0.4,0.15,0.0399
Base TLBO,20260754,40,13,56.4892,56.4892,56.4892,0,0,63.75,1.5,0.4,0.15,0.0417
Base TLBO,20260754,40,14,56.4892,56.4892,56.4892,0,0,63.75,1.5,0.4,0.15,0.0373
Base TLBO,20260754,40,15,56.4892,56.4892,56.4892,0,0,63.75,1.5,0.4,0.15,0.0446
Base TLBO,20260754,40,16,56.4892,56.4892,56.4892,0,0,63.75,1.5,0.4,0.15,0.0397
Base TLBO,20260754,40,17,56.4892,56.4892,56.4892,0,0,63.75,1.5,0.4,0.15,0.0382
Base TLBO,20260754,40,18,56.4892,56.4892,56.4892,0,0,63.75,1.5,0.4,0.15,0.0371
Base TLBO,20260754,40,19,56.4892,56.4892,56.4892,0,0,63.75,1.5,0.4,0.15,0.0373
Base TLBO,20260754,40,20,56.4892,56.4892,56.4892,0,0,63.75,1.5,0.4,0.15,0.0368
Base TLBO,20260754,40,21,56.4892,56.4892,56.4892,0,0,63.75,1.5,0.4,0.15,0.0375
Base TLBO,20260754,40,22,56.4892,56.4892,56.4892,0,0,63.75,1.5,0.4,0.15,0.0415
Base TLBO,20260754,40,23,56.4892,56.4892,56.4892,0,0,63.75,1.5,0.4,0.15,0.0401
Base TLBO,20260754,40,24,56.4892,56.4892,56.4892,0,0,63.75,1.5,0.4,0.15,0.0388
Base TLBO,20260754,40,25,56.4892,56.4892,56.4892,0,0,63.75,1.5,0.4,0.15,0.0436
Base TLBO,20260754,40,26,56.4892,56.4892,56.4892,0,0,63.75,1.5,0.4,0.15,0.0438
Base TLBO,20260754,40,27,56.4892,56.4892,56.4892,0,0,63.75,1.5,0.4,0.15,0.0372
Base TLBO,20260754,40,28,56.4892,56.4892,56.4892,0,0,63.75,1.5,0.4,0.15,0.0396
Base TLBO,20260754,40,29,56.4892,56.4892,56.4892,0,0,63.75,1.5,0.4,0.15,0.0419
Base TLBO,20260754,40,30,56.4892,56.4892,56.4892,0,0,63.75,1.5,0.4,0.15,0.0417
Base TLBO,20260754,40,31,56.4892,56.4892,56.4892,0,0,63.75,1.5,0.4,0.15,0.0385
Base TLBO,20260754,40,32,56.4892,56.4892,56.4892,0,0,63.75,1.5,0.4,0.15,0.0415
Base TLBO,20260754,40,33,56.4892,56.4892,56.4892,0,0,63.75,1.5,0.4,0.15,0.0369
Base TLBO,20260754,40,34,56.4892,56.4892,56.4892,0,0,63.75,1.5,0.4,0.15,0.0373
Base TLBO,20260754,40,35,56.4892,56.4892,56.4892,0,0,63.75,1.5,0.4,0.15,0.0375
Base TLBO,20260754,40,36,56.4892,56.4892,56.4892,0,0,63.75,1.5,0.4,0.15,0.0404
Base TLBO,20260754,40,37,56.4892,56.4892,56.4892,0,0,63.75,1.5,0.4,0.15,0.0372
Base TLBO,20260754,40,38,56.4892,56.4892,56.4892,0,0,63.75,1.5,0.4,0.15,0.0374
Base TLBO,20260754,40,39,56.4892,56.4892,56.4892,0,0,63.75,1.5,0.4,0.15,0.0398
Base TLBO,20260754,40,40,56.4892,56.4892,56.4892,0,0,63.75,1.5,0.4,0.15,0.0456
Base TLBO,20260754,40,41,56.4892,56.4892,56.4892,0,0,63.75,1.5,0.4,0.15,0.0437
Base TLBO,20260754,40,42,56.4892,56.4892,56.4892,0,0,63.75,1.5,0.4,0.15,0.0371
Base TLBO,20260754,40,43,56.4892,56.4892,56.4892,0,0,63.75,1.5,0.4,0.15,0.0377
Base TLBO,20260754,40,44,56.4892,56.4892,56.4892,0,0,63.75,1.5,0.4,0.15,0.0383
Base TLBO,20260754,40,45,56.4892,56.4892,56.4892,0,0,63.75,1.5,0.4,0.15,0.0368
Base TLBO,20260754,40,46,56.4892,56.4892,56.4892,0,0,63.75,1.5,0.4,0.15,0.037
Base TLBO,20260754,40,47,56.4892,56.4892,56.4892,0,0,63.75,1.5,0.4,0.15,0.0379
Base TLBO,20260754,40,48,56.4892,56.4892,56.4892,0,0,63.75,1.5,0.4,0.15,0.0403
Base TLBO,20260754,40,49,56.4892,56.4892,56.4892,0,0,63.75,1.5,0.4,0.15,0.0384
Base TLBO,20260754,40,50,56.4892,56.4892,56.4892,0,0,63.75,1.5,0.4,0.15,0.0377
TLBO + Dynamic Priority,20260755,1,1,72.93,36.1903,0.0,0,0,61.25,1.5,0.4,0.15,0.1697
TLBO + Dynamic Priority,20260755,1,2,72.93,45.3065,0.0,0,0,61.25,1.5,0.4,0.15,0.164
TLBO + Dynamic Priority,20260755,1,3,72.93,54.4228,0.0,0,0,61.25,1.5,0.4,0.15,0.134
TLBO + Dynamic Priority,20260755,1,4,72.93,63.539,0.0,0,0,61.25,1.5,0.4,0.15,0.1283
TLBO + Dynamic Priority,20260755,1,5,72.93,72.6553,71.534,0,0,61.25,1.5,0.4,0.15,0.1244
TLBO + Dynamic Priority,20260755,1,6,72.93,72.8298,72.4368,0,0,61.25,1.5,0.4,0.15,0.0901
TLBO + Dynamic Priority,20260755,1,7,72.93,72.8914,72.6212,0,0,61.25,1.5,0.4,0.15,0.0763
TLBO + Dynamic Priority,20260755,1,8,72.93,72.93,72.93,0,0,61.25,1.5,0.4,0.15,0.0643
TLBO + Dynamic Priority,20260755,1,9,72.9684,72.9348,72.93,0,0,61.25,1.5,0.4,0.15,0.0589
TLBO + Dynamic Priority,20260755,1,10,72.9684,72.947,72.93,0,0,61.25,1.5,0.4,0.15,0.1014
TLBO + Dynamic Priority,20260755,1,11,73.0284,72.9711,72.93,0,0,62.5,1.5,0.4,0.15,0.0934
TLBO + Dynamic Priority,20260755,1,12,73.0284,72.9909,72.9684,0,0,62.5,1.5,0.4,0.15,0.0906
TLBO + Dynamic Priority,20260755,1,13,73.0284,72.9984,72.9684,0,0,62.5,1.5,0.4,0.15,0.0983
TLBO + Dynamic Priority,20260755,1,14,73.0692,73.0305,72.9684,0,0,62.5,1.5,0.4,0.15,0.1062
TLBO + Dynamic Priority,20260755,1,15,73.0692,73.0482,73.0284,0,0,62.5,1.5,0.4,0.15,0.1131
TLBO + Dynamic Priority,20260755,1,16,73.0692,73.0584,73.0284,0,0,62.5,1.5,0.4,0.15,0.1228
TLBO + Dynamic Priority,20260755,1,17,73.0692,73.0635,73.0464,0,0,62.5,1.5,0.4,0.15,0.1221
TLBO + Dynamic Priority,20260755,1,18,73.0692,73.0663,73.0464,0,0,62.5,1.5,0.4,0.15,0.081
TLBO + Dynamic Priority,20260755,1,19,73.0692,73.0692,73.0692,0,0,62.5,1.5,0.4,0.15,0.0646
TLBO + Dynamic Priority,20260755,1,20,73.0692,73.0692,73.0692,0,0,62.5,1.5,0.4,0.15,0.0543
TLBO + Dynamic Priority,20260755,1,21,73.0692,73.0692,73.0692,0,0,62.5,1.5,0.4,0.15,0.0581
TLBO + Dynamic Priority,20260755,1,22,73.0692,73.0692,73.0692,0,0,62.5,1.5,0.4,0.15,0.0453
TLBO + Dynamic Priority,20260755,1,23,73.0692,73.0692,73.0692,0,0,62.5,1.5,0.4,0.15,0.0496
TLBO + Dynamic Priority,20260755,1,24,73.0692,73.0692,73.0692,0,0,62.5,1.5,0.4,0.15,0.0458
TLBO + Dynamic Priority,20260755,1,25,73.0692,73.0692,73.0692,0,0,62.5,1.5,0.4,0.15,0.0509
TLBO + Dynamic Priority,20260755,1,26,73.0692,73.0692,73.0692,0,0,62.5,1.5,0.4,0.15,0.0513
TLBO + Dynamic Priority,20260755,1,27,73.0692,73.0692,73.0692,0,0,62.5,1.5,0.4,0.15,0.0406
TLBO + Dynamic Priority,20260755,1,28,73.0692,73.0692,73.0692,0,0,62.5,1.5,0.4,0.15,0.0583
TLBO + Dynamic Priority,20260755,1,29,73.0692,73.0692,73.0692,0,0,62.5,1.5,0.4,0.15,0.0486
TLBO + Dynamic Priority,20260755,1,30,73.0692,73.0692,73.0692,0,0,62.5,1.5,0.4,0.15,0.0634
TLBO + Dynamic Priority,20260755,1,31,73.0692,73.0692,73.0692,0,0,62.5,1.5,0.4,0.15,0.0621
TLBO + Dynamic Priority,20260755,1,32,73.0692,73.0692,73.0692,0,0,62.5,1.5,0.4,0.15,0.0604
TLBO + Dynamic Priority,20260755,1,33,73.0692,73.0692,73.0692,0,0,62.5,1.5,0.4,0.15,0.0632
TLBO + Dynamic Priority,20260755,1,34,73.0692,73.0692,73.0692,0,0,62.5,1.5,0.4,0.15,0.0526
TLBO + Dynamic Priority,20260755,1,35,73.0692,73.0692,73.0692,0,0,62.5,1.5,0.4,0.15,0.0486
TLBO + Dynamic Priority,20260755,1,36,73.0692,73.0692,73.0692,0,0,62.5,1.5,0.4,0.15,0.0509
TLBO + Dynamic Priority,20260755,1,37,73.0692,73.0692,73.0692,0,0,62.5,1.5,0.4,0.15,0.0555
TLBO + Dynamic Priority,20260755,1,38,73.0692,73.0692,73.0692,0,0,62.5,1.5,0.4,0.15,0.0582
TLBO + Dynamic Priority,20260755,1,39,73.0692,73.0692,73.0692,0,0,62.5,1.5,0.4,0.15,0.0599
TLBO + Dynamic Priority,20260755,1,40,73.0692,73.0692,73.0692,0,0,62.5,1.5,0.4,0.15,0.0492
TLBO + Dynamic Priority,20260755,1,41,73.0692,73.0692,73.0692,0,0,62.5,1.5,0.4,0.15,0.0441
TLBO + Dynamic Priority,20260755,1,42,73.0692,73.0692,73.0692,0,0,62.5,1.5,0.4,0.15,0.0504
TLBO + Dynamic Priority,20260755,1,43,73.0692,73.0692,73.0692,0,0,62.5,1.5,0.4,0.15,0.0634
TLBO + Dynamic Priority,20260755,1,44,73.0692,73.0692,73.0692,0,0,62.5,1.5,0.4,0.15,0.0592
TLBO + Dynamic Priority,20260755,1,45,73.0692,73.0692,73.0692,0,0,62.5,1.5,0.4,0.15,0.0562
TLBO + Dynamic Priority,20260755,1,46,73.0692,73.0692,73.0692,0,0,62.5,1.5,0.4,0.15,0.0512
TLBO + Dynamic Priority,20260755,1,47,73.0692,73.0692,73.0692,0,0,62.5,1.5,0.4,0.15,0.0501
TLBO + Dynamic Priority,20260755,1,48,73.0692,73.0692,73.0692,0,0,62.5,1.5,0.4,0.15,0.0421
TLBO + Dynamic Priority,20260755,1,49,73.0692,73.0692,73.0692,0,0,62.5,1.5,0.4,0.15,0.0506
TLBO + Dynamic Priority,20260755,1,50,73.0692,73.0692,73.0692,0,0,62.5,1.5,0.4,0.15,0.0374
TLBO + Dynamic Priority,20260756,2,1,72.838,63.2426,0.0,0,0,63.75,1.5,0.4,0.15,0.1878
TLBO + Dynamic Priority,20260756,2,2,72.838,72.3474,71.862,0,0,63.75,1.5,0.4,0.15,0.1582
TLBO + Dynamic Priority,20260756,2,3,72.86,72.4721,71.8996,0,0,63.75,1.5,0.4,0.15,0.156
TLBO + Dynamic Priority,20260756,2,4,72.9508,72.6063,72.0912,0,0,63.75,1.5,0.4,0.15,0.1388
TLBO + Dynamic Priority,20260756,2,5,73.0124,72.761,72.1332,0,0,63.75,1.5,0.4,0.15,0.1535
TLBO + Dynamic Priority,20260756,2,6,73.0124,72.8709,72.3956,0,0,63.75,1.5,0.4,0.15,0.1382
TLBO + Dynamic Priority,20260756,2,7,73.0124,72.9634,72.7212,0,0,63.75,1.5,0.4,0.15,0.1155
TLBO + Dynamic Priority,20260756,2,8,73.0124,73.0047,72.9728,0,0,63.75,1.5,0.4,0.15,0.0678
TLBO + Dynamic Priority,20260756,2,9,73.0124,73.0124,73.0124,0,0,63.75,1.5,0.4,0.15,0.0545
TLBO + Dynamic Priority,20260756,2,10,73.0124,73.0124,73.0124,0,0,63.75,1.5,0.4,0.15,0.0439
TLBO + Dynamic Priority,20260756,2,11,73.0124,73.0124,73.0124,0,0,63.75,1.5,0.4,0.15,0.0435
TLBO + Dynamic Priority,20260756,2,12,73.0124,73.0124,73.0124,0,0,63.75,1.5,0.4,0.15,0.0459
TLBO + Dynamic Priority,20260756,2,13,73.0124,73.0124,73.0124,0,0,63.75,1.5,0.4,0.15,0.0467
TLBO + Dynamic Priority,20260756,2,14,73.0124,73.0124,73.0124,0,0,63.75,1.5,0.4,0.15,0.0478
TLBO + Dynamic Priority,20260756,2,15,73.0124,73.0124,73.0124,0,0,63.75,1.5,0.4,0.15,0.057
TLBO + Dynamic Priority,20260756,2,16,73.0124,73.0124,73.0124,0,0,63.75,1.5,0.4,0.15,0.0641
TLBO + Dynamic Priority,20260756,2,17,73.0124,73.0124,73.0124,0,0,63.75,1.5,0.4,0.15,0.0525
TLBO + Dynamic Priority,20260756,2,18,73.0124,73.0124,73.0124,0,0,63.75,1.5,0.4,0.15,0.044
TLBO + Dynamic Priority,20260756,2,19,73.0124,73.0124,73.0124,0,0,63.75,1.5,0.4,0.15,0.0478
TLBO + Dynamic Priority,20260756,2,20,73.0124,73.0124,73.0124,0,0,63.75,1.5,0.4,0.15,0.0454
TLBO + Dynamic Priority,20260756,2,21,73.0124,73.0124,73.0124,0,0,63.75,1.5,0.4,0.15,0.0481
TLBO + Dynamic Priority,20260756,2,22,73.0124,73.0124,73.0124,0,0,63.75,1.5,0.4,0.15,0.063
TLBO + Dynamic Priority,20260756,2,23,73.0124,73.0124,73.0124,0,0,63.75,1.5,0.4,0.15,0.0493
TLBO + Dynamic Priority,20260756,2,24,73.0124,73.0124,73.0124,0,0,63.75,1.5,0.4,0.15,0.055
TLBO + Dynamic Priority,20260756,2,25,73.0124,73.0124,73.0124,0,0,63.75,1.5,0.4,0.15,0.0957
TLBO + Dynamic Priority,20260756,2,26,73.0124,73.0124,73.0124,0,0,63.75,1.5,0.4,0.15,0.0422
TLBO + Dynamic Priority,20260756,2,27,73.0124,73.0124,73.0124,0,0,63.75,1.5,0.4,0.15,0.0421
TLBO + Dynamic Priority,20260756,2,28,73.0124,73.0124,73.0124,0,0,63.75,1.5,0.4,0.15,0.0659
TLBO + Dynamic Priority,20260756,2,29,73.0124,73.0124,73.0124,0,0,63.75,1.5,0.4,0.15,0.041
TLBO + Dynamic Priority,20260756,2,30,73.0124,73.0124,73.0124,0,0,63.75,1.5,0.4,0.15,0.056
TLBO + Dynamic Priority,20260756,2,31,73.0124,73.0124,73.0124,0,0,63.75,1.5,0.4,0.15,0.0448
TLBO + Dynamic Priority,20260756,2,32,73.0124,73.0124,73.0124,0,0,63.75,1.5,0.4,0.15,0.048
TLBO + Dynamic Priority,20260756,2,33,73.0124,73.0124,73.0124,0,0,63.75,1.5,0.4,0.15,0.0443
TLBO + Dynamic Priority,20260756,2,34,73.0124,73.0124,73.0124,0,0,63.75,1.5,0.4,0.15,0.0516
TLBO + Dynamic Priority,20260756,2,35,73.0124,73.0124,73.0124,0,0,63.75,1.5,0.4,0.15,0.0541
TLBO + Dynamic Priority,20260756,2,36,73.0124,73.0124,73.0124,0,0,63.75,1.5,0.4,0.15,0.0707
TLBO + Dynamic Priority,20260756,2,37,73.0124,73.0124,73.0124,0,0,63.75,1.5,0.4,0.15,0.0526
TLBO + Dynamic Priority,20260756,2,38,73.0124,73.0124,73.0124,0,0,63.75,1.5,0.4,0.15,0.0417
TLBO + Dynamic Priority,20260756,2,39,73.0124,73.0124,73.0124,0,0,63.75,1.5,0.4,0.15,0.0533
TLBO + Dynamic Priority,20260756,2,40,73.0124,73.0124,73.0124,0,0,63.75,1.5,0.4,0.15,0.0465
TLBO + Dynamic Priority,20260756,2,41,73.0124,73.0124,73.0124,0,0,63.75,1.5,0.4,0.15,0.0436
TLBO + Dynamic Priority,20260756,2,42,73.0124,73.0124,73.0124,0,0,63.75,1.5,0.4,0.15,0.0587
TLBO + Dynamic Priority,20260756,2,43,73.0124,73.0124,73.0124,0,0,63.75,1.5,0.4,0.15,0.0467
TLBO + Dynamic Priority,20260756,2,44,73.0124,73.0124,73.0124,0,0,63.75,1.5,0.4,0.15,0.0375
TLBO + Dynamic Priority,20260756,2,45,73.0124,73.0124,73.0124,0,0,63.75,1.5,0.4,0.15,0.0438
TLBO + Dynamic Priority,20260756,2,46,73.0124,73.0124,73.0124,0,0,63.75,1.5,0.4,0.15,0.0618
TLBO + Dynamic Priority,20260756,2,47,73.0124,73.0124,73.0124,0,0,63.75,1.5,0.4,0.15,0.0439
TLBO + Dynamic Priority,20260756,2,48,73.0124,73.0124,73.0124,0,0,63.75,1.5,0.4,0.15,0.0515
TLBO + Dynamic Priority,20260756,2,49,73.0124,73.0124,73.0124,0,0,63.75,1.5,0.4,0.15,0.04
TLBO + Dynamic Priority,20260756,2,50,73.0124,73.0124,73.0124,0,0,63.75,1.5,0.4,0.15,0.049
TLBO + Dynamic Priority,20260757,3,1,72.4508,36.0117,0.0,0,0,63.75,1.5,0.4,0.15,0.1837
TLBO + Dynamic Priority,20260757,3,2,72.4508,45.1566,0.0,0,0,63.75,1.5,0.4,0.15,0.1441
TLBO + Dynamic Priority,20260757,3,3,72.4508,54.2129,0.0,0,0,63.75,1.5,0.4,0.15,0.1501
TLBO + Dynamic Priority,20260757,3,4,72.4508,63.2692,0.0,0,0,63.75,1.5,0.4,0.15,0.1258
TLBO + Dynamic Priority,20260757,3,5,72.518,72.334,71.9488,0,0,63.75,1.5,0.4,0.15,0.1306
TLBO + Dynamic Priority,20260757,3,6,72.6272,72.4356,72.194,0,0,63.75,1.5,0.4,0.15,0.1255
TLBO + Dynamic Priority,20260757,3,7,72.6596,72.5584,72.4508,0,0,57.5,1.5,0.4,0.15,0.1188
TLBO + Dynamic Priority,20260757,3,8,72.6596,72.5845,72.518,0,0,57.5,1.5,0.4,0.15,0.1474
TLBO + Dynamic Priority,20260757,3,9,72.6596,72.6021,72.518,0,0,57.5,1.5,0.4,0.15,0.1356
TLBO + Dynamic Priority,20260757,3,10,72.738,72.6458,72.536,0,0,61.25,1.5,0.4,0.15,0.1211
TLBO + Dynamic Priority,20260757,3,11,72.738,72.6731,72.6272,0,0,61.25,1.5,0.4,0.15,0.1102
TLBO + Dynamic Priority,20260757,3,12,72.738,72.6869,72.6432,0,0,61.25,1.5,0.4,0.15,0.1315
TLBO + Dynamic Priority,20260757,3,13,72.7832,72.7044,72.6596,0,0,61.25,1.5,0.4,0.15,0.1167
TLBO + Dynamic Priority,20260757,3,14,73.0024,72.7672,72.6596,0,0,58.75,1.5,0.4,0.15,0.1264
TLBO + Dynamic Priority,20260757,3,15,73.0024,72.81,72.6832,0,0,58.75,1.5,0.4,0.15,0.1455
TLBO + Dynamic Priority,20260757,3,16,73.0024,72.8499,72.738,0,0,58.75,1.5,0.4,0.15,0.1246
TLBO + Dynamic Priority,20260757,3,17,73.0024,72.8829,72.738,0,0,58.75,1.5,0.4,0.15,0.1059
TLBO + Dynamic Priority,20260757,3,18,73.0144,72.9175,72.7496,0,0,60.0,1.5,0.4,0.15,0.1089
TLBO + Dynamic Priority,20260757,3,19,73.0144,72.9506,72.7832,0,0,60.0,1.5,0.4,0.15,0.1224
TLBO + Dynamic Priority,20260757,3,20,73.0144,72.9795,72.7832,0,0,60.0,1.5,0.4,0.15,0.1018
TLBO + Dynamic Priority,20260757,3,21,73.0672,73.0165,73.0024,0,0,60.0,1.5,0.4,0.15,0.1059
TLBO + Dynamic Priority,20260757,3,22,73.1196,73.058,73.0024,0,0,60.0,1.5,0.4,0.15,0.1174
TLBO + Dynamic Priority,20260757,3,23,73.1196,73.0858,73.0144,0,0,60.0,1.5,0.4,0.15,0.1283
TLBO + Dynamic Priority,20260757,3,24,73.1196,73.1017,73.0672,0,0,60.0,1.5,0.4,0.15,0.1206
TLBO + Dynamic Priority,20260757,3,25,73.1196,73.1082,73.0672,0,0,60.0,1.5,0.4,0.15,0.1192
TLBO + Dynamic Priority,20260757,3,26,73.1196,73.1148,73.0896,0,0,60.0,1.5,0.4,0.15,0.1234
TLBO + Dynamic Priority,20260757,3,27,73.1196,73.1185,73.1116,0,0,60.0,1.5,0.4,0.15,0.0764
TLBO + Dynamic Priority,20260757,3,28,73.1196,73.1196,73.1192,0,0,60.0,1.5,0.4,0.15,0.0909
TLBO + Dynamic Priority,20260757,3,29,73.1196,73.1196,73.1196,0,0,60.0,1.5,0.4,0.15,0.0722
TLBO + Dynamic Priority,20260757,3,30,73.1196,73.1196,73.1196,0,0,60.0,1.5,0.4,0.15,0.0567
TLBO + Dynamic Priority,20260757,3,31,73.1196,73.1196,73.1196,0,0,60.0,1.5,0.4,0.15,0.062
TLBO + Dynamic Priority,20260757,3,32,73.1196,73.1196,73.1196,0,0,60.0,1.5,0.4,0.15,0.052
TLBO + Dynamic Priority,20260757,3,33,73.1196,73.1196,73.1196,0,0,60.0,1.5,0.4,0.15,0.0536
TLBO + Dynamic Priority,20260757,3,34,73.164,73.1252,73.1196,0,0,60.0,1.5,0.4,0.15,0.0704
TLBO + Dynamic Priority,20260757,3,35,73.2612,73.1711,73.1196,0,0,58.75,1.5,0.4,0.15,0.097
TLBO + Dynamic Priority,20260757,3,36,73.2612,73.2125,73.164,0,0,58.75,1.5,0.4,0.15,0.124
TLBO + Dynamic Priority,20260757,3,37,73.2612,73.2489,73.212,0,0,58.75,1.5,0.4,0.15,0.1166
TLBO + Dynamic Priority,20260757,3,38,73.314,73.2814,73.212,0,0,58.75,1.5,0.4,0.15,0.1073
TLBO + Dynamic Priority,20260757,3,39,73.314,73.3074,73.2612,0,0,58.75,1.5,0.4,0.15,0.0994
TLBO + Dynamic Priority,20260757,3,40,73.314,73.314,73.314,0,0,58.75,1.5,0.4,0.15,0.0937
TLBO + Dynamic Priority,20260757,3,41,73.314,73.314,73.314,0,0,58.75,1.5,0.4,0.15,0.0771
TLBO + Dynamic Priority,20260757,3,42,73.314,73.314,73.314,0,0,58.75,1.5,0.4,0.15,0.0745
TLBO + Dynamic Priority,20260757,3,43,73.314,73.314,73.314,0,0,58.75,1.5,0.4,0.15,0.0779
TLBO + Dynamic Priority,20260757,3,44,73.314,73.314,73.314,0,0,58.75,1.5,0.4,0.15,0.0863
TLBO + Dynamic Priority,20260757,3,45,73.314,73.314,73.314,0,0,58.75,1.5,0.4,0.15,0.1038
TLBO + Dynamic Priority,20260757,3,46,73.314,73.314,73.314,0,0,58.75,1.5,0.4,0.15,0.0908
TLBO + Dynamic Priority,20260757,3,47,73.314,73.314,73.314,0,0,58.75,1.5,0.4,0.15,0.0771
TLBO + Dynamic Priority,20260757,3,48,73.314,73.314,73.314,0,0,58.75,1.5,0.4,0.15,0.0708
TLBO + Dynamic Priority,20260757,3,49,73.314,73.314,73.314,0,0,58.75,1.5,0.4,0.15,0.065
TLBO + Dynamic Priority,20260757,3,50,73.314,73.314,73.314,0,0,58.75,1.5,0.4,0.15,0.0797
TLBO + Dynamic Priority,20260758,4,1,72.5992,36.1617,0.0,0,0,66.25,1.5,0.4,0.15,0.1718
TLBO + Dynamic Priority,20260758,4,2,72.7252,45.342,0.0,0,0,66.25,1.5,0.4,0.15,0.1652
TLBO + Dynamic Priority,20260758,4,3,72.7252,54.4326,0.0,0,0,66.25,1.5,0.4,0.15,0.1622
TLBO + Dynamic Priority,20260758,4,4,72.7252,63.5233,0.0,0,0,66.25,1.5,0.4,0.15,0.129
TLBO + Dynamic Priority,20260758,4,5,72.7252,72.614,72.3356,0,0,66.25,1.5,0.4,0.15,0.1159
TLBO + Dynamic Priority,20260758,4,6,72.7612,72.6671,72.4768,0,0,67.5,1.5,0.4,0.15,0.1175
TLBO + Dynamic Priority,20260758,4,7,72.7612,72.7072,72.5992,0,0,67.5,1.5,0.4,0.15,0.1005
TLBO + Dynamic Priority,20260758,4,8,72.7612,72.7322,72.5992,0,0,67.5,1.5,0.4,0.15,0.0949
TLBO + Dynamic Priority,20260758,4,9,72.7612,72.757,72.7276,0,0,67.5,1.5,0.4,0.15,0.056
TLBO + Dynamic Priority,20260758,4,10,72.7612,72.7612,72.7612,0,0,67.5,1.5,0.4,0.15,0.0417
TLBO + Dynamic Priority,20260758,4,11,72.7612,72.7612,72.7612,0,0,67.5,1.5,0.4,0.15,0.04
TLBO + Dynamic Priority,20260758,4,12,72.7612,72.7612,72.7612,0,0,67.5,1.5,0.4,0.15,0.0475
TLBO + Dynamic Priority,20260758,4,13,72.7612,72.7612,72.7612,0,0,67.5,1.5,0.4,0.15,0.0475
TLBO + Dynamic Priority,20260758,4,14,72.7612,72.7612,72.7612,0,0,67.5,1.5,0.4,0.15,0.0524
TLBO + Dynamic Priority,20260758,4,15,72.7612,72.7612,72.7612,0,0,67.5,1.5,0.4,0.15,0.0623
TLBO + Dynamic Priority,20260758,4,16,72.7612,72.7612,72.7612,0,0,67.5,1.5,0.4,0.15,0.0509
TLBO + Dynamic Priority,20260758,4,17,72.816,72.7749,72.7612,0,0,66.25,1.5,0.4,0.15,0.0621
TLBO + Dynamic Priority,20260758,4,18,72.868,72.7974,72.7612,0,0,67.5,1.5,0.4,0.15,0.0956
TLBO + Dynamic Priority,20260758,4,19,72.9064,72.8373,72.796,0,0,67.5,1.5,0.4,0.15,0.1358
TLBO + Dynamic Priority,20260758,4,20,72.9064,72.8556,72.796,0,0,67.5,1.5,0.4,0.15,0.1117
TLBO + Dynamic Priority,20260758,4,21,72.9064,72.8694,72.816,0,0,67.5,1.5,0.4,0.15,0.1262
TLBO + Dynamic Priority,20260758,4,22,72.9064,72.8807,72.816,0,0,67.5,1.5,0.4,0.15,0.1425
TLBO + Dynamic Priority,20260758,4,23,72.9064,72.892,72.868,0,0,67.5,1.5,0.4,0.15,0.1038
TLBO + Dynamic Priority,20260758,4,24,72.9064,72.9016,72.868,0,0,67.5,1.5,0.4,0.15,0.1044
TLBO + Dynamic Priority,20260758,4,25,72.9064,72.9064,72.9064,0,0,67.5,1.5,0.4,0.15,0.0515
TLBO + Dynamic Priority,20260758,4,26,72.9064,72.9064,72.9064,0,0,67.5,1.5,0.4,0.15,0.0632
TLBO + Dynamic Priority,20260758,4,27,72.9064,72.9064,72.9064,0,0,67.5,1.5,0.4,0.15,0.0705
TLBO + Dynamic Priority,20260758,4,28,73.0252,72.9213,72.9064,0,0,65.0,1.5,0.4,0.15,0.0954
TLBO + Dynamic Priority,20260758,4,29,73.0252,72.9444,72.9064,0,0,65.0,1.5,0.4,0.15,0.1157
TLBO + Dynamic Priority,20260758,4,30,73.242,73.0241,72.9064,0,0,66.25,1.5,0.4,0.15,0.1047
TLBO + Dynamic Priority,20260758,4,31,73.242,73.066,72.9064,0,0,66.25,1.5,0.4,0.15,0.1326
TLBO + Dynamic Priority,20260758,4,32,73.242,73.1544,73.0252,0,0,66.25,1.5,0.4,0.15,0.1154
TLBO + Dynamic Priority,20260758,4,33,73.242,73.193,73.0252,0,0,66.25,1.5,0.4,0.15,0.1231
TLBO + Dynamic Priority,20260758,4,34,73.242,73.2202,73.1756,0,0,66.25,1.5,0.4,0.15,0.1017
TLBO + Dynamic Priority,20260758,4,35,73.242,73.2285,73.182,0,0,66.25,1.5,0.4,0.15,0.073
TLBO + Dynamic Priority,20260758,4,36,73.242,73.236,73.1936,0,0,66.25,1.5,0.4,0.15,0.0677
TLBO + Dynamic Priority,20260758,4,37,73.242,73.242,73.242,0,0,66.25,1.5,0.4,0.15,0.0557
TLBO + Dynamic Priority,20260758,4,38,73.242,73.242,73.242,0,0,66.25,1.5,0.4,0.15,0.038
TLBO + Dynamic Priority,20260758,4,39,73.242,73.242,73.242,0,0,66.25,1.5,0.4,0.15,0.0424
TLBO + Dynamic Priority,20260758,4,40,73.242,73.242,73.242,0,0,66.25,1.5,0.4,0.15,0.047
TLBO + Dynamic Priority,20260758,4,41,73.242,73.242,73.242,0,0,66.25,1.5,0.4,0.15,0.0587
TLBO + Dynamic Priority,20260758,4,42,73.242,73.242,73.242,0,0,66.25,1.5,0.4,0.15,0.0553
TLBO + Dynamic Priority,20260758,4,43,73.242,73.242,73.242,0,0,66.25,1.5,0.4,0.15,0.0423
TLBO + Dynamic Priority,20260758,4,44,73.242,73.242,73.242,0,0,66.25,1.5,0.4,0.15,0.0464
TLBO + Dynamic Priority,20260758,4,45,73.242,73.242,73.242,0,0,66.25,1.5,0.4,0.15,0.0461
TLBO + Dynamic Priority,20260758,4,46,73.242,73.242,73.242,0,0,66.25,1.5,0.4,0.15,0.0453
TLBO + Dynamic Priority,20260758,4,47,73.242,73.242,73.242,0,0,66.25,1.5,0.4,0.15,0.0458
TLBO + Dynamic Priority,20260758,4,48,73.242,73.242,73.242,0,0,66.25,1.5,0.4,0.15,0.0541
TLBO + Dynamic Priority,20260758,4,49,73.2912,73.2482,73.242,0,0,66.25,1.5,0.4,0.15,0.054
TLBO + Dynamic Priority,20260758,4,50,73.2912,73.2666,73.242,0,0,66.25,1.5,0.4,0.15,0.0939
TLBO + Dynamic Priority,20260759,5,1,72.5812,36.1037,0.0,0,0,67.5,1.5,0.4,0.15,0.1836
TLBO + Dynamic Priority,20260759,5,2,72.5812,45.1763,0.0,0,0,67.5,1.5,0.4,0.15,0.1741
TLBO + Dynamic Priority,20260759,5,3,72.6736,54.2605,0.0,0,0,66.25,1.5,0.4,0.15,0.1578
TLBO + Dynamic Priority,20260759,5,4,72.9464,63.3903,0.0,0,0,67.5,1.5,0.4,0.15,0.1637
TLBO + Dynamic Priority,20260759,5,5,72.9464,72.5226,71.9224,0,0,67.5,1.5,0.4,0.15,0.1474
TLBO + Dynamic Priority,20260759,5,6,73.0244,72.7221,71.93,0,0,66.25,1.5,0.4,0.15,0.1641
TLBO + Dynamic Priority,20260759,5,7,73.0652,72.9236,72.3956,0,0,67.5,1.5,0.4,0.15,0.1422
TLBO + Dynamic Priority,20260759,5,8,73.0652,73.022,72.9628,0,0,67.5,1.5,0.4,0.15,0.1661
TLBO + Dynamic Priority,20260759,5,9,73.1072,73.0655,73.0244,0,0,66.25,1.5,0.4,0.15,0.1214
TLBO + Dynamic Priority,20260759,5,10,73.1072,73.0864,73.0244,0,0,66.25,1.5,0.4,0.15,0.137
TLBO + Dynamic Priority,20260759,5,11,73.1476,73.107,73.0652,0,0,67.5,1.5,0.4,0.15,0.141
TLBO + Dynamic Priority,20260759,5,12,73.1516,73.1228,73.1072,0,0,66.25,1.5,0.4,0.15,0.1242
TLBO + Dynamic Priority,20260759,5,13,73.1516,73.1339,73.1072,0,0,66.25,1.5,0.4,0.15,0.1331
TLBO + Dynamic Priority,20260759,5,14,73.196,73.145,73.1072,0,0,66.25,1.5,0.4,0.15,0.1401
TLBO + Dynamic Priority,20260759,5,15,73.244,73.1899,73.1476,0,0,66.25,1.5,0.4,0.15,0.1303
TLBO + Dynamic Priority,20260759,5,16,73.244,73.2079,73.1476,0,0,66.25,1.5,0.4,0.15,0.1246
TLBO + Dynamic Priority,20260759,5,17,73.244,73.244,73.244,0,0,66.25,1.5,0.4,0.15,0.0592
TLBO + Dynamic Priority,20260759,5,18,73.244,73.244,73.244,0,0,66.25,1.5,0.4,0.15,0.0524
TLBO + Dynamic Priority,20260759,5,19,73.244,73.244,73.244,0,0,66.25,1.5,0.4,0.15,0.0564
TLBO + Dynamic Priority,20260759,5,20,73.244,73.244,73.244,0,0,66.25,1.5,0.4,0.15,0.0519
TLBO + Dynamic Priority,20260759,5,21,73.244,73.244,73.244,0,0,66.25,1.5,0.4,0.15,0.0475
TLBO + Dynamic Priority,20260759,5,22,73.244,73.244,73.244,0,0,66.25,1.5,0.4,0.15,0.0592
TLBO + Dynamic Priority,20260759,5,23,73.244,73.244,73.244,0,0,66.25,1.5,0.4,0.15,0.0436
TLBO + Dynamic Priority,20260759,5,24,73.244,73.244,73.244,0,0,66.25,1.5,0.4,0.15,0.0601
TLBO + Dynamic Priority,20260759,5,25,73.244,73.244,73.244,0,0,66.25,1.5,0.4,0.15,0.0596
TLBO + Dynamic Priority,20260759,5,26,73.244,73.244,73.244,0,0,66.25,1.5,0.4,0.15,0.0438
TLBO + Dynamic Priority,20260759,5,27,73.244,73.244,73.244,0,0,66.25,1.5,0.4,0.15,0.0602
TLBO + Dynamic Priority,20260759,5,28,73.244,73.244,73.244,0,0,66.25,1.5,0.4,0.15,0.0593
TLBO + Dynamic Priority,20260759,5,29,73.244,73.244,73.244,0,0,66.25,1.5,0.4,0.15,0.0497
TLBO + Dynamic Priority,20260759,5,30,73.244,73.244,73.244,0,0,66.25,1.5,0.4,0.15,0.0432
TLBO + Dynamic Priority,20260759,5,31,73.244,73.244,73.244,0,0,66.25,1.5,0.4,0.15,0.0449
TLBO + Dynamic Priority,20260759,5,32,73.244,73.244,73.244,0,0,66.25,1.5,0.4,0.15,0.0516
TLBO + Dynamic Priority,20260759,5,33,73.244,73.244,73.244,0,0,66.25,1.5,0.4,0.15,0.0611
TLBO + Dynamic Priority,20260759,5,34,73.244,73.244,73.244,0,0,66.25,1.5,0.4,0.15,0.0426
TLBO + Dynamic Priority,20260759,5,35,73.244,73.244,73.244,0,0,66.25,1.5,0.4,0.15,0.0507
TLBO + Dynamic Priority,20260759,5,36,73.244,73.244,73.244,0,0,66.25,1.5,0.4,0.15,0.0627
TLBO + Dynamic Priority,20260759,5,37,73.244,73.244,73.244,0,0,66.25,1.5,0.4,0.15,0.0538
TLBO + Dynamic Priority,20260759,5,38,73.244,73.244,73.244,0,0,66.25,1.5,0.4,0.15,0.0568
TLBO + Dynamic Priority,20260759,5,39,73.244,73.244,73.244,0,0,66.25,1.5,0.4,0.15,0.0485
TLBO + Dynamic Priority,20260759,5,40,73.244,73.244,73.244,0,0,66.25,1.5,0.4,0.15,0.0622
TLBO + Dynamic Priority,20260759,5,41,73.244,73.244,73.244,0,0,66.25,1.5,0.4,0.15,0.062
TLBO + Dynamic Priority,20260759,5,42,73.244,73.244,73.244,0,0,66.25,1.5,0.4,0.15,0.0478
TLBO + Dynamic Priority,20260759,5,43,73.244,73.244,73.244,0,0,66.25,1.5,0.4,0.15,0.047
TLBO + Dynamic Priority,20260759,5,44,73.244,73.244,73.244,0,0,66.25,1.5,0.4,0.15,0.0494
TLBO + Dynamic Priority,20260759,5,45,73.244,73.244,73.244,0,0,66.25,1.5,0.4,0.15,0.052
TLBO + Dynamic Priority,20260759,5,46,73.244,73.244,73.244,0,0,66.25,1.5,0.4,0.15,0.0434
TLBO + Dynamic Priority,20260759,5,47,73.244,73.244,73.244,0,0,66.25,1.5,0.4,0.15,0.0525
TLBO + Dynamic Priority,20260759,5,48,73.244,73.244,73.244,0,0,66.25,1.5,0.4,0.15,0.0475
TLBO + Dynamic Priority,20260759,5,49,73.244,73.244,73.244,0,0,66.25,1.5,0.4,0.15,0.0469
TLBO + Dynamic Priority,20260759,5,50,73.244,73.244,73.244,0,0,66.25,1.5,0.4,0.15,0.051
TLBO + Dynamic Priority,20260760,6,1,72.4056,44.9449,0.0,0,0,65.0,1.5,0.4,0.15,0.1696
TLBO + Dynamic Priority,20260760,6,2,72.4056,53.9956,0.0,0,0,65.0,1.5,0.4,0.15,0.1691
TLBO + Dynamic Priority,20260760,6,3,72.4056,63.0463,0.0,0,0,65.0,1.5,0.4,0.15,0.1599
TLBO + Dynamic Priority,20260760,6,4,72.4056,72.097,70.9612,0,0,65.0,1.5,0.4,0.15,0.1618
TLBO + Dynamic Priority,20260760,6,5,72.4056,72.2776,71.7804,0,0,65.0,1.5,0.4,0.15,0.135
TLBO + Dynamic Priority,20260760,6,6,72.4056,72.3557,72.0512,0,0,65.0,1.5,0.4,0.15,0.1032
TLBO + Dynamic Priority,20260760,6,7,72.4056,72.4,72.3608,0,0,65.0,1.5,0.4,0.15,0.0765
TLBO + Dynamic Priority,20260760,6,8,72.4884,72.416,72.4056,0,0,65.0,1.5,0.4,0.15,0.0711
TLBO + Dynamic Priority,20260760,6,9,72.546,72.4438,72.4056,0,0,66.25,1.5,0.4,0.15,0.1144
TLBO + Dynamic Priority,20260760,6,10,72.7772,72.5446,72.4056,0,0,65.0,1.5,0.4,0.15,0.1232
TLBO + Dynamic Priority,20260760,6,11,72.7772,72.591,72.4056,0,0,65.0,1.5,0.4,0.15,0.1408
TLBO + Dynamic Priority,20260760,6,12,72.7772,72.658,72.4884,0,0,65.0,1.5,0.4,0.15,0.1143
TLBO + Dynamic Priority,20260760,6,13,72.888,72.7607,72.546,0,0,63.75,1.5,0.4,0.15,0.108
TLBO + Dynamic Priority,20260760,6,14,73.0412,72.8752,72.7772,0,0,65.0,1.5,0.4,0.15,0.11
TLBO + Dynamic Priority,20260760,6,15,73.0412,72.922,72.7772,0,0,65.0,1.5,0.4,0.15,0.1183
TLBO + Dynamic Priority,20260760,6,16,73.0412,72.9599,72.7772,0,0,65.0,1.5,0.4,0.15,0.1078
TLBO + Dynamic Priority,20260760,6,17,73.0412,73.007,72.888,0,0,65.0,1.5,0.4,0.15,0.1025
TLBO + Dynamic Priority,20260760,6,18,73.0812,73.0362,72.9608,0,0,67.5,1.5,0.4,0.15,0.0991
TLBO + Dynamic Priority,20260760,6,19,73.1276,73.0855,73.0412,0,0,65.0,1.5,0.4,0.15,0.1108
TLBO + Dynamic Priority,20260760,6,20,73.1676,73.1287,73.0812,0,0,67.5,1.5,0.4,0.15,0.1402
TLBO + Dynamic Priority,20260760,6,21,73.212,73.1584,73.0812,0,0,67.5,1.5,0.4,0.15,0.1239
TLBO + Dynamic Priority,20260760,6,22,73.26,73.1991,73.1496,0,0,66.25,1.5,0.4,0.15,0.124
TLBO + Dynamic Priority,20260760,6,23,73.26,73.2305,73.1676,0,0,66.25,1.5,0.4,0.15,0.1275
TLBO + Dynamic Priority,20260760,6,24,73.3092,73.2602,73.212,0,0,66.25,1.5,0.4,0.15,0.1151
TLBO + Dynamic Priority,20260760,6,25,73.3092,73.2846,73.26,0,0,66.25,1.5,0.4,0.15,0.1082
TLBO + Dynamic Priority,20260760,6,26,73.3092,73.2969,73.26,0,0,66.25,1.5,0.4,0.15,0.1083
TLBO + Dynamic Priority,20260760,6,27,73.3092,73.3092,73.3092,0,0,66.25,1.5,0.4,0.15,0.0941
TLBO + Dynamic Priority,20260760,6,28,73.3092,73.3092,73.3092,0,0,66.25,1.5,0.4,0.15,0.0705
TLBO + Dynamic Priority,20260760,6,29,73.3092,73.3092,73.3092,0,0,66.25,1.5,0.4,0.15,0.0701
TLBO + Dynamic Priority,20260760,6,30,73.3092,73.3092,73.3092,0,0,66.25,1.5,0.4,0.15,0.0747
TLBO + Dynamic Priority,20260760,6,31,73.3092,73.3092,73.3092,0,0,66.25,1.5,0.4,0.15,0.055
TLBO + Dynamic Priority,20260760,6,32,73.3092,73.3092,73.3092,0,0,66.25,1.5,0.4,0.15,0.0906
TLBO + Dynamic Priority,20260760,6,33,73.3092,73.3092,73.3092,0,0,66.25,1.5,0.4,0.15,0.0649
TLBO + Dynamic Priority,20260760,6,34,73.3092,73.3092,73.3092,0,0,66.25,1.5,0.4,0.15,0.0535
TLBO + Dynamic Priority,20260760,6,35,73.3092,73.3092,73.3092,0,0,66.25,1.5,0.4,0.15,0.054
TLBO + Dynamic Priority,20260760,6,36,73.3092,73.3092,73.3092,0,0,66.25,1.5,0.4,0.15,0.0463
TLBO + Dynamic Priority,20260760,6,37,73.3092,73.3092,73.3092,0,0,66.25,1.5,0.4,0.15,0.0611
TLBO + Dynamic Priority,20260760,6,38,73.3092,73.3092,73.3092,0,0,66.25,1.5,0.4,0.15,0.0419
TLBO + Dynamic Priority,20260760,6,39,73.3092,73.3092,73.3092,0,0,66.25,1.5,0.4,0.15,0.043
TLBO + Dynamic Priority,20260760,6,40,73.3092,73.3092,73.3092,0,0,66.25,1.5,0.4,0.15,0.0451
TLBO + Dynamic Priority,20260760,6,41,73.3092,73.3092,73.3092,0,0,66.25,1.5,0.4,0.15,0.0563
TLBO + Dynamic Priority,20260760,6,42,73.3092,73.3092,73.3092,0,0,66.25,1.5,0.4,0.15,0.038
TLBO + Dynamic Priority,20260760,6,43,73.3092,73.3092,73.3092,0,0,66.25,1.5,0.4,0.15,0.0529
TLBO + Dynamic Priority,20260760,6,44,73.3092,73.3092,73.3092,0,0,66.25,1.5,0.4,0.15,0.0518
TLBO + Dynamic Priority,20260760,6,45,73.3092,73.3092,73.3092,0,0,66.25,1.5,0.4,0.15,0.0453
TLBO + Dynamic Priority,20260760,6,46,73.3092,73.3092,73.3092,0,0,66.25,1.5,0.4,0.15,0.0588
TLBO + Dynamic Priority,20260760,6,47,73.3092,73.3092,73.3092,0,0,66.25,1.5,0.4,0.15,0.046
TLBO + Dynamic Priority,20260760,6,48,73.3092,73.3092,73.3092,0,0,66.25,1.5,0.4,0.15,0.0404
TLBO + Dynamic Priority,20260760,6,49,73.3092,73.3092,73.3092,0,0,66.25,1.5,0.4,0.15,0.0495
TLBO + Dynamic Priority,20260760,6,50,73.3092,73.3092,73.3092,0,0,66.25,1.5,0.4,0.15,0.0545
TLBO + Dynamic Priority,20260761,7,1,72.8476,54.1825,0.0,0,0,52.5,1.5,0.4,0.15,0.1859
TLBO + Dynamic Priority,20260761,7,2,72.8476,72.3634,71.8648,0,0,52.5,1.5,0.4,0.15,0.1685
TLBO + Dynamic Priority,20260761,7,3,72.8476,72.4862,71.8944,0,0,52.5,1.5,0.4,0.15,0.1732
TLBO + Dynamic Priority,20260761,7,4,72.8672,72.6078,72.192,0,0,52.5,1.5,0.4,0.15,0.1486
TLBO + Dynamic Priority,20260761,7,5,72.8672,72.6923,72.3076,0,0,52.5,1.5,0.4,0.15,0.1372
TLBO + Dynamic Priority,20260761,7,6,73.0124,72.7828,72.354,0,0,53.75,1.5,0.4,0.15,0.152
TLBO + Dynamic Priority,20260761,7,7,73.0648,72.9039,72.5992,0,0,55.0,1.5,0.4,0.15,0.1408
TLBO + Dynamic Priority,20260761,7,8,73.1044,73.0078,72.8672,0,0,55.0,1.5,0.4,0.15,0.1469
TLBO + Dynamic Priority,20260761,7,9,73.1732,73.0784,72.924,0,0,52.5,1.5,0.4,0.15,0.1454
TLBO + Dynamic Priority,20260761,7,10,73.1732,73.1095,73.0648,0,0,52.5,1.5,0.4,0.15,0.1291
TLBO + Dynamic Priority,20260761,7,11,73.1732,73.1262,73.0648,0,0,52.5,1.5,0.4,0.15,0.1224
TLBO + Dynamic Priority,20260761,7,12,73.1872,73.1689,73.1312,0,0,55.0,1.5,0.4,0.15,0.1081
TLBO + Dynamic Priority,20260761,7,13,73.1872,73.1777,73.1672,0,0,55.0,1.5,0.4,0.15,0.1332
TLBO + Dynamic Priority,20260761,7,14,73.1872,73.1802,73.1732,0,0,55.0,1.5,0.4,0.15,0.1091
TLBO + Dynamic Priority,20260761,7,15,73.1952,73.1874,73.1732,0,0,55.0,1.5,0.4,0.15,0.11
TLBO + Dynamic Priority,20260761,7,16,73.284,73.2189,73.1872,0,0,55.0,1.5,0.4,0.15,0.1224
TLBO + Dynamic Priority,20260761,7,17,73.284,73.2404,73.1952,0,0,55.0,1.5,0.4,0.15,0.1256
TLBO + Dynamic Priority,20260761,7,18,73.284,73.2646,73.1952,0,0,55.0,1.5,0.4,0.15,0.1389
TLBO + Dynamic Priority,20260761,7,19,73.284,73.2757,73.2396,0,0,55.0,1.5,0.4,0.15,0.0916
TLBO + Dynamic Priority,20260761,7,20,73.284,73.284,73.284,0,0,55.0,1.5,0.4,0.15,0.0655
TLBO + Dynamic Priority,20260761,7,21,73.284,73.284,73.284,0,0,55.0,1.5,0.4,0.15,0.0484
TLBO + Dynamic Priority,20260761,7,22,73.284,73.284,73.284,0,0,55.0,1.5,0.4,0.15,0.05
TLBO + Dynamic Priority,20260761,7,23,73.284,73.284,73.284,0,0,55.0,1.5,0.4,0.15,0.0564
TLBO + Dynamic Priority,20260761,7,24,73.284,73.284,73.284,0,0,55.0,1.5,0.4,0.15,0.0686
TLBO + Dynamic Priority,20260761,7,25,73.284,73.284,73.284,0,0,55.0,1.5,0.4,0.15,0.0535
TLBO + Dynamic Priority,20260761,7,26,73.332,73.29,73.284,0,0,55.0,1.5,0.4,0.15,0.0504
TLBO + Dynamic Priority,20260761,7,27,73.332,73.296,73.284,0,0,55.0,1.5,0.4,0.15,0.0876
TLBO + Dynamic Priority,20260761,7,28,73.332,73.3058,73.284,0,0,55.0,1.5,0.4,0.15,0.1015
TLBO + Dynamic Priority,20260761,7,29,73.332,73.3118,73.284,0,0,55.0,1.5,0.4,0.15,0.1033
TLBO + Dynamic Priority,20260761,7,30,73.332,73.3177,73.284,0,0,55.0,1.5,0.4,0.15,0.087
TLBO + Dynamic Priority,20260761,7,31,73.332,73.3297,73.314,0,0,55.0,1.5,0.4,0.15,0.0686
TLBO + Dynamic Priority,20260761,7,32,73.332,73.332,73.332,0,0,55.0,1.5,0.4,0.15,0.049
TLBO + Dynamic Priority,20260761,7,33,73.332,73.332,73.332,0,0,55.0,1.5,0.4,0.15,0.0383
TLBO + Dynamic Priority,20260761,7,34,73.332,73.332,73.332,0,0,55.0,1.5,0.4,0.15,0.0514
TLBO + Dynamic Priority,20260761,7,35,73.332,73.332,73.332,0,0,55.0,1.5,0.4,0.15,0.0498
TLBO + Dynamic Priority,20260761,7,36,73.332,73.332,73.332,0,0,55.0,1.5,0.4,0.15,0.0449
TLBO + Dynamic Priority,20260761,7,37,73.332,73.332,73.332,0,0,55.0,1.5,0.4,0.15,0.0543
TLBO + Dynamic Priority,20260761,7,38,73.332,73.332,73.332,0,0,55.0,1.5,0.4,0.15,0.0602
TLBO + Dynamic Priority,20260761,7,39,73.332,73.332,73.332,0,0,55.0,1.5,0.4,0.15,0.0476
TLBO + Dynamic Priority,20260761,7,40,73.332,73.332,73.332,0,0,55.0,1.5,0.4,0.15,0.0546
TLBO + Dynamic Priority,20260761,7,41,73.332,73.332,73.332,0,0,55.0,1.5,0.4,0.15,0.0438
TLBO + Dynamic Priority,20260761,7,42,73.332,73.332,73.332,0,0,55.0,1.5,0.4,0.15,0.0546
TLBO + Dynamic Priority,20260761,7,43,73.332,73.332,73.332,0,0,55.0,1.5,0.4,0.15,0.0475
TLBO + Dynamic Priority,20260761,7,44,73.332,73.332,73.332,0,0,55.0,1.5,0.4,0.15,0.0467
TLBO + Dynamic Priority,20260761,7,45,73.332,73.332,73.332,0,0,55.0,1.5,0.4,0.15,0.0567
TLBO + Dynamic Priority,20260761,7,46,73.332,73.332,73.332,0,0,55.0,1.5,0.4,0.15,0.0499
TLBO + Dynamic Priority,20260761,7,47,73.332,73.332,73.332,0,0,55.0,1.5,0.4,0.15,0.0409
TLBO + Dynamic Priority,20260761,7,48,73.332,73.332,73.332,0,0,55.0,1.5,0.4,0.15,0.0452
TLBO + Dynamic Priority,20260761,7,49,73.332,73.332,73.332,0,0,55.0,1.5,0.4,0.15,0.0471
TLBO + Dynamic Priority,20260761,7,50,73.332,73.332,73.332,0,0,55.0,1.5,0.4,0.15,0.049
TLBO + Dynamic Priority,20260762,8,1,72.6132,54.1622,0.0,0,0,60.0,1.5,0.4,0.15,0.1749
TLBO + Dynamic Priority,20260762,8,2,72.784,63.3448,0.0,0,0,60.0,1.5,0.4,0.15,0.1775
TLBO + Dynamic Priority,20260762,8,3,72.784,72.4428,72.0464,0,0,60.0,1.5,0.4,0.15,0.1514
TLBO + Dynamic Priority,20260762,8,4,72.784,72.535,72.084,0,0,60.0,1.5,0.4,0.15,0.1465
TLBO + Dynamic Priority,20260762,8,5,72.784,72.6225,72.22,0,0,60.0,1.5,0.4,0.15,0.1256
TLBO + Dynamic Priority,20260762,8,6,72.784,72.693,72.3972,0,0,60.0,1.5,0.4,0.15,0.1182
TLBO + Dynamic Priority,20260762,8,7,72.784,72.7413,72.6132,0,0,60.0,1.5,0.4,0.15,0.0776
TLBO + Dynamic Priority,20260762,8,8,72.784,72.7627,72.6132,0,0,60.0,1.5,0.4,0.15,0.0699
TLBO + Dynamic Priority,20260762,8,9,72.784,72.784,72.784,0,0,60.0,1.5,0.4,0.15,0.0557
TLBO + Dynamic Priority,20260762,8,10,72.784,72.784,72.784,0,0,60.0,1.5,0.4,0.15,0.0588
TLBO + Dynamic Priority,20260762,8,11,72.784,72.784,72.784,0,0,60.0,1.5,0.4,0.15,0.0406
TLBO + Dynamic Priority,20260762,8,12,72.784,72.784,72.784,0,0,60.0,1.5,0.4,0.15,0.0458
TLBO + Dynamic Priority,20260762,8,13,72.784,72.784,72.784,0,0,60.0,1.5,0.4,0.15,0.0611
TLBO + Dynamic Priority,20260762,8,14,72.784,72.784,72.784,0,0,60.0,1.5,0.4,0.15,0.0658
TLBO + Dynamic Priority,20260762,8,15,72.784,72.784,72.784,0,0,60.0,1.5,0.4,0.15,0.0479
TLBO + Dynamic Priority,20260762,8,16,72.784,72.784,72.784,0,0,60.0,1.5,0.4,0.15,0.0519
TLBO + Dynamic Priority,20260762,8,17,72.784,72.784,72.784,0,0,60.0,1.5,0.4,0.15,0.0572
TLBO + Dynamic Priority,20260762,8,18,72.784,72.784,72.784,0,0,60.0,1.5,0.4,0.15,0.0527
TLBO + Dynamic Priority,20260762,8,19,72.784,72.784,72.784,0,0,60.0,1.5,0.4,0.15,0.0494
TLBO + Dynamic Priority,20260762,8,20,72.784,72.784,72.784,0,0,60.0,1.5,0.4,0.15,0.0481
TLBO + Dynamic Priority,20260762,8,21,72.784,72.784,72.784,0,0,60.0,1.5,0.4,0.15,0.0539
TLBO + Dynamic Priority,20260762,8,22,72.784,72.784,72.784,0,0,60.0,1.5,0.4,0.15,0.0518
TLBO + Dynamic Priority,20260762,8,23,72.784,72.784,72.784,0,0,60.0,1.5,0.4,0.15,0.0457
TLBO + Dynamic Priority,20260762,8,24,72.784,72.784,72.784,0,0,60.0,1.5,0.4,0.15,0.0507
TLBO + Dynamic Priority,20260762,8,25,72.784,72.784,72.784,0,0,60.0,1.5,0.4,0.15,0.0587
TLBO + Dynamic Priority,20260762,8,26,72.9144,72.8003,72.784,0,0,60.0,1.5,0.4,0.15,0.0566
TLBO + Dynamic Priority,20260762,8,27,72.9144,72.8166,72.784,0,0,60.0,1.5,0.4,0.15,0.097
TLBO + Dynamic Priority,20260762,8,28,72.9144,72.8329,72.784,0,0,60.0,1.5,0.4,0.15,0.0993
TLBO + Dynamic Priority,20260762,8,29,72.9144,72.8492,72.784,0,0,60.0,1.5,0.4,0.15,0.1025
TLBO + Dynamic Priority,20260762,8,30,72.9144,72.8655,72.784,0,0,60.0,1.5,0.4,0.15,0.0836
TLBO + Dynamic Priority,20260762,8,31,72.9144,72.8818,72.784,0,0,60.0,1.5,0.4,0.15,0.0932
TLBO + Dynamic Priority,20260762,8,32,72.9144,72.8981,72.784,0,0,60.0,1.5,0.4,0.15,0.0758
TLBO + Dynamic Priority,20260762,8,33,72.9144,72.9144,72.9144,0,0,60.0,1.5,0.4,0.15,0.07
TLBO + Dynamic Priority,20260762,8,34,72.9144,72.9144,72.9144,0,0,60.0,1.5,0.4,0.15,0.063
TLBO + Dynamic Priority,20260762,8,35,72.9144,72.9144,72.9144,0,0,60.0,1.5,0.4,0.15,0.0438
TLBO + Dynamic Priority,20260762,8,36,72.9144,72.9144,72.9144,0,0,60.0,1.5,0.4,0.15,0.0625
TLBO + Dynamic Priority,20260762,8,37,72.9144,72.9144,72.9144,0,0,60.0,1.5,0.4,0.15,0.0405
TLBO + Dynamic Priority,20260762,8,38,72.9144,72.9144,72.9144,0,0,60.0,1.5,0.4,0.15,0.0463
TLBO + Dynamic Priority,20260762,8,39,72.9364,72.9177,72.9144,0,0,60.0,1.5,0.4,0.15,0.08
TLBO + Dynamic Priority,20260762,8,40,72.9364,72.9287,72.9144,0,0,60.0,1.5,0.4,0.15,0.0976
TLBO + Dynamic Priority,20260762,8,41,72.9364,72.9342,72.9184,0,0,60.0,1.5,0.4,0.15,0.0835
TLBO + Dynamic Priority,20260762,8,42,72.9364,72.9364,72.9364,0,0,60.0,1.5,0.4,0.15,0.0502
TLBO + Dynamic Priority,20260762,8,43,72.9364,72.9364,72.9364,0,0,60.0,1.5,0.4,0.15,0.0619
TLBO + Dynamic Priority,20260762,8,44,72.9364,72.9364,72.9364,0,0,60.0,1.5,0.4,0.15,0.0692
TLBO + Dynamic Priority,20260762,8,45,72.9364,72.9364,72.9364,0,0,60.0,1.5,0.4,0.15,0.0635
TLBO + Dynamic Priority,20260762,8,46,72.9364,72.9364,72.9364,0,0,60.0,1.5,0.4,0.15,0.047
TLBO + Dynamic Priority,20260762,8,47,72.9364,72.9364,72.9364,0,0,60.0,1.5,0.4,0.15,0.043
TLBO + Dynamic Priority,20260762,8,48,72.9364,72.9364,72.9364,0,0,60.0,1.5,0.4,0.15,0.0539
TLBO + Dynamic Priority,20260762,8,49,72.9364,72.9364,72.9364,0,0,60.0,1.5,0.4,0.15,0.049
TLBO + Dynamic Priority,20260762,8,50,72.9364,72.9364,72.9364,0,0,60.0,1.5,0.4,0.15,0.0544
TLBO + Dynamic Priority,20260763,9,1,72.5636,54.0756,0.0,0,0,58.75,1.5,0.4,0.15,0.174
TLBO + Dynamic Priority,20260763,9,2,72.5636,63.1461,0.0,0,0,58.75,1.5,0.4,0.15,0.1705
TLBO + Dynamic Priority,20260763,9,3,72.5636,72.2165,71.1848,0,0,58.75,1.5,0.4,0.15,0.1634
TLBO + Dynamic Priority,20260763,9,4,72.5636,72.3889,71.4768,0,0,58.75,1.5,0.4,0.15,0.1428
TLBO + Dynamic Priority,20260763,9,5,72.5636,72.5247,72.4076,0,0,58.75,1.5,0.4,0.15,0.1296
TLBO + Dynamic Priority,20260763,9,6,72.5696,72.545,72.4252,0,0,60.0,1.5,0.4,0.15,0.1196
TLBO + Dynamic Priority,20260763,9,7,72.5696,72.5645,72.5472,0,0,60.0,1.5,0.4,0.15,0.0954
TLBO + Dynamic Priority,20260763,9,8,72.5696,72.5673,72.5636,0,0,60.0,1.5,0.4,0.15,0.1146
TLBO + Dynamic Priority,20260763,9,9,72.77,72.6116,72.5636,0,0,60.0,1.5,0.4,0.15,0.0758
TLBO + Dynamic Priority,20260763,9,10,72.77,72.677,72.5696,0,0,60.0,1.5,0.4,0.15,0.0904
TLBO + Dynamic Priority,20260763,9,11,72.77,72.7301,72.6236,0,0,60.0,1.5,0.4,0.15,0.1191
TLBO + Dynamic Priority,20260763,9,12,72.8584,72.7745,72.6864,0,0,60.0,1.5,0.4,0.15,0.1217
TLBO + Dynamic Priority,20260763,9,13,72.9116,72.8247,72.74,0,0,61.25,1.5,0.4,0.15,0.1137
TLBO + Dynamic Priority,20260763,9,14,72.9116,72.8573,72.77,0,0,61.25,1.5,0.4,0.15,0.1039
TLBO + Dynamic Priority,20260763,9,15,72.9556,72.8871,72.8312,0,0,61.25,1.5,0.4,0.15,0.1201
TLBO + Dynamic Priority,20260763,9,16,72.9556,72.9132,72.8584,0,0,61.25,1.5,0.4,0.15,0.0863
TLBO + Dynamic Priority,20260763,9,17,72.9556,72.9446,72.9116,0,0,61.25,1.5,0.4,0.15,0.0749
TLBO + Dynamic Priority,20260763,9,18,72.9776,72.9583,72.9556,0,0,61.25,1.5,0.4,0.15,0.0589
TLBO + Dynamic Priority,20260763,9,19,72.9776,72.9666,72.9556,0,0,61.25,1.5,0.4,0.15,0.0903
TLBO + Dynamic Priority,20260763,9,20,72.9776,72.9749,72.9556,0,0,61.25,1.5,0.4,0.15,0.0801
TLBO + Dynamic Priority,20260763,9,21,72.9776,72.9776,72.9776,0,0,61.25,1.5,0.4,0.15,0.06
TLBO + Dynamic Priority,20260763,9,22,73.046,72.9861,72.9776,0,0,61.25,1.5,0.4,0.15,0.0649
TLBO + Dynamic Priority,20260763,9,23,73.046,73.0032,72.9776,0,0,61.25,1.5,0.4,0.15,0.0811
TLBO + Dynamic Priority,20260763,9,24,73.046,73.0375,72.9776,0,0,61.25,1.5,0.4,0.15,0.069
TLBO + Dynamic Priority,20260763,9,25,73.046,73.046,73.046,0,0,61.25,1.5,0.4,0.15,0.0404
TLBO + Dynamic Priority,20260763,9,26,73.046,73.046,73.046,0,0,61.25,1.5,0.4,0.15,0.0381
TLBO + Dynamic Priority,20260763,9,27,73.046,73.046,73.046,0,0,61.25,1.5,0.4,0.15,0.059
TLBO + Dynamic Priority,20260763,9,28,73.046,73.046,73.046,0,0,61.25,1.5,0.4,0.15,0.0454
TLBO + Dynamic Priority,20260763,9,29,73.046,73.046,73.046,0,0,61.25,1.5,0.4,0.15,0.0401
TLBO + Dynamic Priority,20260763,9,30,73.046,73.046,73.046,0,0,61.25,1.5,0.4,0.15,0.0549
TLBO + Dynamic Priority,20260763,9,31,73.046,73.046,73.046,0,0,61.25,1.5,0.4,0.15,0.0432
TLBO + Dynamic Priority,20260763,9,32,73.046,73.046,73.046,0,0,61.25,1.5,0.4,0.15,0.0479
TLBO + Dynamic Priority,20260763,9,33,73.046,73.046,73.046,0,0,61.25,1.5,0.4,0.15,0.0502
TLBO + Dynamic Priority,20260763,9,34,73.046,73.046,73.046,0,0,61.25,1.5,0.4,0.15,0.0498
TLBO + Dynamic Priority,20260763,9,35,73.046,73.046,73.046,0,0,61.25,1.5,0.4,0.15,0.062
TLBO + Dynamic Priority,20260763,9,36,73.046,73.046,73.046,0,0,61.25,1.5,0.4,0.15,0.0617
TLBO + Dynamic Priority,20260763,9,37,73.046,73.046,73.046,0,0,61.25,1.5,0.4,0.15,0.0659
TLBO + Dynamic Priority,20260763,9,38,73.046,73.046,73.046,0,0,61.25,1.5,0.4,0.15,0.0596
TLBO + Dynamic Priority,20260763,9,39,73.046,73.046,73.046,0,0,61.25,1.5,0.4,0.15,0.0527
TLBO + Dynamic Priority,20260763,9,40,73.046,73.046,73.046,0,0,61.25,1.5,0.4,0.15,0.0425
TLBO + Dynamic Priority,20260763,9,41,73.046,73.046,73.046,0,0,61.25,1.5,0.4,0.15,0.0421
TLBO + Dynamic Priority,20260763,9,42,73.046,73.046,73.046,0,0,61.25,1.5,0.4,0.15,0.0617
TLBO + Dynamic Priority,20260763,9,43,73.046,73.046,73.046,0,0,61.25,1.5,0.4,0.15,0.043
TLBO + Dynamic Priority,20260763,9,44,73.046,73.046,73.046,0,0,61.25,1.5,0.4,0.15,0.0517
TLBO + Dynamic Priority,20260763,9,45,73.046,73.046,73.046,0,0,61.25,1.5,0.4,0.15,0.0538
TLBO + Dynamic Priority,20260763,9,46,73.046,73.046,73.046,0,0,61.25,1.5,0.4,0.15,0.045
TLBO + Dynamic Priority,20260763,9,47,73.046,73.046,73.046,0,0,61.25,1.5,0.4,0.15,0.0713
TLBO + Dynamic Priority,20260763,9,48,73.046,73.046,73.046,0,0,61.25,1.5,0.4,0.15,0.0687
TLBO + Dynamic Priority,20260763,9,49,73.046,73.046,73.046,0,0,61.25,1.5,0.4,0.15,0.0586
TLBO + Dynamic Priority,20260763,9,50,73.046,73.046,73.046,0,0,61.25,1.5,0.4,0.15,0.0539
TLBO + Dynamic Priority,20260764,10,1,72.766,63.204,0.0,0,0,63.75,1.5,0.4,0.15,0.1718
TLBO + Dynamic Priority,20260764,10,2,72.766,72.2998,71.5288,0,0,63.75,1.5,0.4,0.15,0.1582
TLBO + Dynamic Priority,20260764,10,3,72.766,72.4544,71.9104,0,0,63.75,1.5,0.4,0.15,0.1477
TLBO + Dynamic Priority,20260764,10,4,72.8056,72.5663,72.0068,0,0,63.75,1.5,0.4,0.15,0.1452
TLBO + Dynamic Priority,20260764,10,5,72.9844,72.7202,72.302,0,0,63.75,1.5,0.4,0.15,0.1549
TLBO + Dynamic Priority,20260764,10,6,72.9844,72.8519,72.532,0,0,63.75,1.5,0.4,0.15,0.1707
TLBO + Dynamic Priority,20260764,10,7,72.9844,72.9214,72.586,0,0,63.75,1.5,0.4,0.15,0.1415
TLBO + Dynamic Priority,20260764,10,8,73.0388,72.9884,72.962,0,0,63.75,1.5,0.4,0.15,0.1276
TLBO + Dynamic Priority,20260764,10,9,73.0388,73.0,72.9844,0,0,63.75,1.5,0.4,0.15,0.1243
TLBO + Dynamic Priority,20260764,10,10,73.2056,73.0365,72.9844,0,0,63.75,1.5,0.4,0.15,0.1195
TLBO + Dynamic Priority,20260764,10,11,73.2056,73.11,72.9844,0,0,63.75,1.5,0.4,0.15,0.1145
TLBO + Dynamic Priority,20260764,10,12,73.25,73.1591,73.0004,0,0,63.75,1.5,0.4,0.15,0.1321
TLBO + Dynamic Priority,20260764,10,13,73.25,73.1959,73.0388,0,0,63.75,1.5,0.4,0.15,0.1232
TLBO + Dynamic Priority,20260764,10,14,73.298,73.2509,73.1612,0,0,63.75,1.5,0.4,0.15,0.1324
TLBO + Dynamic Priority,20260764,10,15,73.3472,73.2922,73.25,0,0,63.75,1.5,0.4,0.15,0.1381
TLBO + Dynamic Priority,20260764,10,16,73.3472,73.3287,73.298,0,0,63.75,1.5,0.4,0.15,0.0932
TLBO + Dynamic Priority,20260764,10,17,73.3472,73.341,73.298,0,0,63.75,1.5,0.4,0.15,0.0923
TLBO + Dynamic Priority,20260764,10,18,73.3472,73.3472,73.3472,0,0,63.75,1.5,0.4,0.15,0.0575
TLBO + Dynamic Priority,20260764,10,19,73.3472,73.3472,73.3472,0,0,63.75,1.5,0.4,0.15,0.0621
TLBO + Dynamic Priority,20260764,10,20,73.3472,73.3472,73.3472,0,0,63.75,1.5,0.4,0.15,0.0633
TLBO + Dynamic Priority,20260764,10,21,73.3472,73.3472,73.3472,0,0,63.75,1.5,0.4,0.15,0.0501
TLBO + Dynamic Priority,20260764,10,22,73.3472,73.3472,73.3472,0,0,63.75,1.5,0.4,0.15,0.0509
TLBO + Dynamic Priority,20260764,10,23,73.3472,73.3472,73.3472,0,0,63.75,1.5,0.4,0.15,0.0626
TLBO + Dynamic Priority,20260764,10,24,73.3472,73.3472,73.3472,0,0,63.75,1.5,0.4,0.15,0.066
TLBO + Dynamic Priority,20260764,10,25,73.3472,73.3472,73.3472,0,0,63.75,1.5,0.4,0.15,0.0437
TLBO + Dynamic Priority,20260764,10,26,73.3472,73.3472,73.3472,0,0,63.75,1.5,0.4,0.15,0.0513
TLBO + Dynamic Priority,20260764,10,27,73.3472,73.3472,73.3472,0,0,63.75,1.5,0.4,0.15,0.0493
TLBO + Dynamic Priority,20260764,10,28,73.3472,73.3472,73.3472,0,0,63.75,1.5,0.4,0.15,0.0516
TLBO + Dynamic Priority,20260764,10,29,73.3472,73.3472,73.3472,0,0,63.75,1.5,0.4,0.15,0.0469
TLBO + Dynamic Priority,20260764,10,30,73.3472,73.3472,73.3472,0,0,63.75,1.5,0.4,0.15,0.0607
TLBO + Dynamic Priority,20260764,10,31,73.3472,73.3472,73.3472,0,0,63.75,1.5,0.4,0.15,0.0535
TLBO + Dynamic Priority,20260764,10,32,73.3472,73.3472,73.3472,0,0,63.75,1.5,0.4,0.15,0.0478
TLBO + Dynamic Priority,20260764,10,33,73.3472,73.3472,73.3472,0,0,63.75,1.5,0.4,0.15,0.0535
TLBO + Dynamic Priority,20260764,10,34,73.3472,73.3472,73.3472,0,0,63.75,1.5,0.4,0.15,0.0619
TLBO + Dynamic Priority,20260764,10,35,73.3472,73.3472,73.3472,0,0,63.75,1.5,0.4,0.15,0.0569
TLBO + Dynamic Priority,20260764,10,36,73.3472,73.3472,73.3472,0,0,63.75,1.5,0.4,0.15,0.0627
TLBO + Dynamic Priority,20260764,10,37,73.3472,73.3472,73.3472,0,0,63.75,1.5,0.4,0.15,0.0528
TLBO + Dynamic Priority,20260764,10,38,73.3472,73.3472,73.3472,0,0,63.75,1.5,0.4,0.15,0.0654
TLBO + Dynamic Priority,20260764,10,39,73.3472,73.3472,73.3472,0,0,63.75,1.5,0.4,0.15,0.0563
TLBO + Dynamic Priority,20260764,10,40,73.3472,73.3472,73.3472,0,0,63.75,1.5,0.4,0.15,0.0557
TLBO + Dynamic Priority,20260764,10,41,73.3472,73.3472,73.3472,0,0,63.75,1.5,0.4,0.15,0.0441
TLBO + Dynamic Priority,20260764,10,42,73.3472,73.3472,73.3472,0,0,63.75,1.5,0.4,0.15,0.0551
TLBO + Dynamic Priority,20260764,10,43,73.3472,73.3472,73.3472,0,0,63.75,1.5,0.4,0.15,0.0515
TLBO + Dynamic Priority,20260764,10,44,73.3472,73.3472,73.3472,0,0,63.75,1.5,0.4,0.15,0.0527
TLBO + Dynamic Priority,20260764,10,45,73.3472,73.3472,73.3472,0,0,63.75,1.5,0.4,0.15,0.0471
TLBO + Dynamic Priority,20260764,10,46,73.3472,73.3472,73.3472,0,0,63.75,1.5,0.4,0.15,0.0468
TLBO + Dynamic Priority,20260764,10,47,73.3472,73.3472,73.3472,0,0,63.75,1.5,0.4,0.15,0.0586
TLBO + Dynamic Priority,20260764,10,48,73.3472,73.3472,73.3472,0,0,63.75,1.5,0.4,0.15,0.0559
TLBO + Dynamic Priority,20260764,10,49,73.3472,73.3472,73.3472,0,0,63.75,1.5,0.4,0.15,0.0524
TLBO + Dynamic Priority,20260764,10,50,73.3472,73.3472,73.3472,0,0,63.75,1.5,0.4,0.15,0.0568
TLBO + Dynamic Priority,20260765,11,1,72.8732,54.0585,0.0,0,0,68.75,1.5,0.4,0.15,0.1813
TLBO + Dynamic Priority,20260765,11,2,72.8732,63.1677,0.0,0,0,68.75,1.5,0.4,0.15,0.1654
TLBO + Dynamic Priority,20260765,11,3,72.8732,72.2768,71.298,0,0,68.75,1.5,0.4,0.15,0.1672
TLBO + Dynamic Priority,20260765,11,4,72.8732,72.4796,71.5264,0,0,68.75,1.5,0.4,0.15,0.1523
TLBO + Dynamic Priority,20260765,11,5,73.0184,72.6662,71.9348,0,0,68.75,1.5,0.4,0.15,0.141
TLBO + Dynamic Priority,20260765,11,6,73.0184,72.8193,72.3112,0,0,68.75,1.5,0.4,0.15,0.1324
TLBO + Dynamic Priority,20260765,11,7,73.0184,72.9304,72.572,0,0,68.75,1.5,0.4,0.15,0.1336
TLBO + Dynamic Priority,20260765,11,8,73.0184,72.9944,72.8732,0,0,68.75,1.5,0.4,0.15,0.1163
TLBO + Dynamic Priority,20260765,11,9,73.0184,73.0126,72.98,0,0,68.75,1.5,0.4,0.15,0.1173
TLBO + Dynamic Priority,20260765,11,10,73.0184,73.0173,73.01,0,0,68.75,1.5,0.4,0.15,0.08
TLBO + Dynamic Priority,20260765,11,11,73.0568,73.0232,73.0184,0,0,67.5,1.5,0.4,0.15,0.0688
TLBO + Dynamic Priority,20260765,11,12,73.0568,73.0424,73.0184,0,0,67.5,1.5,0.4,0.15,0.1142
TLBO + Dynamic Priority,20260765,11,13,73.0568,73.0472,73.0184,0,0,67.5,1.5,0.4,0.15,0.1017
TLBO + Dynamic Priority,20260765,11,14,73.0568,73.052,73.0184,0,0,67.5,1.5,0.4,0.15,0.0943
TLBO + Dynamic Priority,20260765,11,15,73.0568,73.0568,73.0568,0,0,67.5,1.5,0.4,0.15,0.0725
TLBO + Dynamic Priority,20260765,11,16,73.1372,73.0817,73.0568,0,0,67.5,1.5,0.4,0.15,0.0987
TLBO + Dynamic Priority,20260765,11,17,73.1372,73.102,73.0568,0,0,67.5,1.5,0.4,0.15,0.1246
TLBO + Dynamic Priority,20260765,11,18,73.1372,73.1221,73.0568,0,0,67.5,1.5,0.4,0.15,0.102
TLBO + Dynamic Priority,20260765,11,19,73.1372,73.1372,73.1372,0,0,67.5,1.5,0.4,0.15,0.0835
TLBO + Dynamic Priority,20260765,11,20,73.1372,73.1372,73.1372,0,0,67.5,1.5,0.4,0.15,0.076
TLBO + Dynamic Priority,20260765,11,21,73.1372,73.1372,73.1372,0,0,67.5,1.5,0.4,0.15,0.0901
TLBO + Dynamic Priority,20260765,11,22,73.1792,73.1425,73.1372,0,0,67.5,1.5,0.4,0.15,0.0882
TLBO + Dynamic Priority,20260765,11,23,73.316,73.1858,73.1372,0,0,66.25,1.5,0.4,0.15,0.1334
TLBO + Dynamic Priority,20260765,11,24,73.316,73.259,73.1372,0,0,66.25,1.5,0.4,0.15,0.1212
TLBO + Dynamic Priority,20260765,11,25,73.316,73.2985,73.2236,0,0,66.25,1.5,0.4,0.15,0.106
TLBO + Dynamic Priority,20260765,11,26,73.316,73.316,73.316,0,0,66.25,1.5,0.4,0.15,0.0806
TLBO + Dynamic Priority,20260765,11,27,73.316,73.316,73.316,0,0,66.25,1.5,0.4,0.15,0.0494
TLBO + Dynamic Priority,20260765,11,28,73.316,73.316,73.316,0,0,66.25,1.5,0.4,0.15,0.0506
TLBO + Dynamic Priority,20260765,11,29,73.316,73.316,73.316,0,0,66.25,1.5,0.4,0.15,0.0436
TLBO + Dynamic Priority,20260765,11,30,73.316,73.316,73.316,0,0,66.25,1.5,0.4,0.15,0.0491
TLBO + Dynamic Priority,20260765,11,31,73.316,73.316,73.316,0,0,66.25,1.5,0.4,0.15,0.0547
TLBO + Dynamic Priority,20260765,11,32,73.316,73.316,73.316,0,0,66.25,1.5,0.4,0.15,0.0538
TLBO + Dynamic Priority,20260765,11,33,73.316,73.316,73.316,0,0,66.25,1.5,0.4,0.15,0.0502
TLBO + Dynamic Priority,20260765,11,34,73.316,73.316,73.316,0,0,66.25,1.5,0.4,0.15,0.0535
TLBO + Dynamic Priority,20260765,11,35,73.316,73.316,73.316,0,0,66.25,1.5,0.4,0.15,0.0487
TLBO + Dynamic Priority,20260765,11,36,73.316,73.316,73.316,0,0,66.25,1.5,0.4,0.15,0.0577
TLBO + Dynamic Priority,20260765,11,37,73.316,73.316,73.316,0,0,66.25,1.5,0.4,0.15,0.0576
TLBO + Dynamic Priority,20260765,11,38,73.316,73.316,73.316,0,0,66.25,1.5,0.4,0.15,0.0436
TLBO + Dynamic Priority,20260765,11,39,73.316,73.316,73.316,0,0,66.25,1.5,0.4,0.15,0.0716
TLBO + Dynamic Priority,20260765,11,40,73.316,73.316,73.316,0,0,66.25,1.5,0.4,0.15,0.0459
TLBO + Dynamic Priority,20260765,11,41,73.316,73.316,73.316,0,0,66.25,1.5,0.4,0.15,0.0582
TLBO + Dynamic Priority,20260765,11,42,73.316,73.316,73.316,0,0,66.25,1.5,0.4,0.15,0.0725
TLBO + Dynamic Priority,20260765,11,43,73.316,73.316,73.316,0,0,66.25,1.5,0.4,0.15,0.0653
TLBO + Dynamic Priority,20260765,11,44,73.316,73.316,73.316,0,0,66.25,1.5,0.4,0.15,0.0508
TLBO + Dynamic Priority,20260765,11,45,73.316,73.316,73.316,0,0,66.25,1.5,0.4,0.15,0.0741
TLBO + Dynamic Priority,20260765,11,46,73.316,73.316,73.316,0,0,66.25,1.5,0.4,0.15,0.0668
TLBO + Dynamic Priority,20260765,11,47,73.316,73.316,73.316,0,0,66.25,1.5,0.4,0.15,0.0827
TLBO + Dynamic Priority,20260765,11,48,73.334,73.3183,73.316,0,0,66.25,1.5,0.4,0.15,0.0602
TLBO + Dynamic Priority,20260765,11,49,73.334,73.3227,73.316,0,0,66.25,1.5,0.4,0.15,0.0979
TLBO + Dynamic Priority,20260765,11,50,73.334,73.3317,73.316,0,0,66.25,1.5,0.4,0.15,0.1057
TLBO + Dynamic Priority,20260766,12,1,72.9912,45.3537,0.0,0,0,63.75,1.5,0.4,0.15,0.1832
TLBO + Dynamic Priority,20260766,12,2,72.9912,54.4776,0.0,0,0,63.75,1.5,0.4,0.15,0.1742
TLBO + Dynamic Priority,20260766,12,3,72.9912,63.6015,0.0,0,0,63.75,1.5,0.4,0.15,0.1686
TLBO + Dynamic Priority,20260766,12,4,72.9912,72.7254,72.3348,0,0,63.75,1.5,0.4,0.15,0.149
TLBO + Dynamic Priority,20260766,12,5,73.0332,72.8127,72.376,0,0,63.75,1.5,0.4,0.15,0.1254
TLBO + Dynamic Priority,20260766,12,6,73.0332,72.8949,72.428,0,0,63.75,1.5,0.4,0.15,0.1135
TLBO + Dynamic Priority,20260766,12,7,73.122,73.0123,72.6996,0,0,63.75,1.5,0.4,0.15,0.1435
TLBO + Dynamic Priority,20260766,12,8,73.122,73.0817,73.022,0,0,63.75,1.5,0.4,0.15,0.1457
TLBO + Dynamic Priority,20260766,12,9,73.122,73.0998,73.0332,0,0,63.75,1.5,0.4,0.15,0.1113
TLBO + Dynamic Priority,20260766,12,10,73.122,73.1165,73.0776,0,0,63.75,1.5,0.4,0.15,0.1078
TLBO + Dynamic Priority,20260766,12,11,73.122,73.122,73.122,0,0,63.75,1.5,0.4,0.15,0.0655
TLBO + Dynamic Priority,20260766,12,12,73.2192,73.1342,73.122,0,0,63.75,1.5,0.4,0.15,0.0585
TLBO + Dynamic Priority,20260766,12,13,73.2192,73.1886,73.122,0,0,63.75,1.5,0.4,0.15,0.0922
TLBO + Dynamic Priority,20260766,12,14,73.2192,73.213,73.17,0,0,63.75,1.5,0.4,0.15,0.0707
TLBO + Dynamic Priority,20260766,12,15,73.2192,73.2192,73.2192,0,0,63.75,1.5,0.4,0.15,0.0559
TLBO + Dynamic Priority,20260766,12,16,73.2192,73.2192,73.2192,0,0,63.75,1.5,0.4,0.15,0.0613
TLBO + Dynamic Priority,20260766,12,17,73.2192,73.2192,73.2192,0,0,63.75,1.5,0.4,0.15,0.0615
TLBO + Dynamic Priority,20260766,12,18,73.2192,73.2192,73.2192,0,0,63.75,1.5,0.4,0.15,0.0503
TLBO + Dynamic Priority,20260766,12,19,73.2192,73.2192,73.2192,0,0,63.75,1.5,0.4,0.15,0.0509
TLBO + Dynamic Priority,20260766,12,20,73.2192,73.2192,73.2192,0,0,63.75,1.5,0.4,0.15,0.0468
TLBO + Dynamic Priority,20260766,12,21,73.2192,73.2192,73.2192,0,0,63.75,1.5,0.4,0.15,0.0522
TLBO + Dynamic Priority,20260766,12,22,73.2192,73.2192,73.2192,0,0,63.75,1.5,0.4,0.15,0.046
TLBO + Dynamic Priority,20260766,12,23,73.2192,73.2192,73.2192,0,0,63.75,1.5,0.4,0.15,0.0543
TLBO + Dynamic Priority,20260766,12,24,73.2192,73.2192,73.2192,0,0,63.75,1.5,0.4,0.15,0.0373
TLBO + Dynamic Priority,20260766,12,25,73.2192,73.2192,73.2192,0,0,63.75,1.5,0.4,0.15,0.0417
TLBO + Dynamic Priority,20260766,12,26,73.2192,73.2192,73.2192,0,0,63.75,1.5,0.4,0.15,0.0506
TLBO + Dynamic Priority,20260766,12,27,73.2192,73.2192,73.2192,0,0,63.75,1.5,0.4,0.15,0.0481
TLBO + Dynamic Priority,20260766,12,28,73.2192,73.2192,73.2192,0,0,63.75,1.5,0.4,0.15,0.0544
TLBO + Dynamic Priority,20260766,12,29,73.2192,73.2192,73.2192,0,0,63.75,1.5,0.4,0.15,0.0483
TLBO + Dynamic Priority,20260766,12,30,73.2192,73.2192,73.2192,0,0,63.75,1.5,0.4,0.15,0.0554
TLBO + Dynamic Priority,20260766,12,31,73.2192,73.2192,73.2192,0,0,63.75,1.5,0.4,0.15,0.0433
TLBO + Dynamic Priority,20260766,12,32,73.2192,73.2192,73.2192,0,0,63.75,1.5,0.4,0.15,0.0444
TLBO + Dynamic Priority,20260766,12,33,73.2192,73.2192,73.2192,0,0,63.75,1.5,0.4,0.15,0.0506
TLBO + Dynamic Priority,20260766,12,34,73.2192,73.2192,73.2192,0,0,63.75,1.5,0.4,0.15,0.0541
TLBO + Dynamic Priority,20260766,12,35,73.2192,73.2192,73.2192,0,0,63.75,1.5,0.4,0.15,0.0402
TLBO + Dynamic Priority,20260766,12,36,73.2192,73.2192,73.2192,0,0,63.75,1.5,0.4,0.15,0.0565
TLBO + Dynamic Priority,20260766,12,37,73.2192,73.2192,73.2192,0,0,63.75,1.5,0.4,0.15,0.0532
TLBO + Dynamic Priority,20260766,12,38,73.2192,73.2192,73.2192,0,0,63.75,1.5,0.4,0.15,0.0579
TLBO + Dynamic Priority,20260766,12,39,73.2192,73.2192,73.2192,0,0,63.75,1.5,0.4,0.15,0.052
TLBO + Dynamic Priority,20260766,12,40,73.2192,73.2192,73.2192,0,0,63.75,1.5,0.4,0.15,0.0453
TLBO + Dynamic Priority,20260766,12,41,73.2192,73.2192,73.2192,0,0,63.75,1.5,0.4,0.15,0.0535
TLBO + Dynamic Priority,20260766,12,42,73.2192,73.2192,73.2192,0,0,63.75,1.5,0.4,0.15,0.0535
TLBO + Dynamic Priority,20260766,12,43,73.2192,73.2192,73.2192,0,0,63.75,1.5,0.4,0.15,0.0609
TLBO + Dynamic Priority,20260766,12,44,73.2192,73.2192,73.2192,0,0,63.75,1.5,0.4,0.15,0.0655
TLBO + Dynamic Priority,20260766,12,45,73.2192,73.2192,73.2192,0,0,63.75,1.5,0.4,0.15,0.056
TLBO + Dynamic Priority,20260766,12,46,73.2192,73.2192,73.2192,0,0,63.75,1.5,0.4,0.15,0.0711
TLBO + Dynamic Priority,20260766,12,47,73.2192,73.2192,73.2192,0,0,63.75,1.5,0.4,0.15,0.0503
TLBO + Dynamic Priority,20260766,12,48,73.2192,73.2192,73.2192,0,0,63.75,1.5,0.4,0.15,0.0488
TLBO + Dynamic Priority,20260766,12,49,73.2192,73.2192,73.2192,0,0,63.75,1.5,0.4,0.15,0.0559
TLBO + Dynamic Priority,20260766,12,50,73.2192,73.2192,73.2192,0,0,63.75,1.5,0.4,0.15,0.07
TLBO + Dynamic Priority,20260767,13,1,72.722,54.1394,0.0,0,0,58.75,1.5,0.4,0.15,0.1804
TLBO + Dynamic Priority,20260767,13,2,72.722,63.2296,0.0,0,0,58.75,1.5,0.4,0.15,0.1564
TLBO + Dynamic Priority,20260767,13,3,72.7672,72.3255,71.7972,0,0,58.75,1.5,0.4,0.15,0.1716
TLBO + Dynamic Priority,20260767,13,4,72.7672,72.451,71.848,0,0,58.75,1.5,0.4,0.15,0.1614
TLBO + Dynamic Priority,20260767,13,5,72.824,72.5744,72.072,0,0,57.5,1.5,0.4,0.15,0.1452
TLBO + Dynamic Priority,20260767,13,6,73.0124,72.7257,72.2968,0,0,58.75,1.5,0.4,0.15,0.1359
TLBO + Dynamic Priority,20260767,13,7,73.0124,72.8151,72.3792,0,0,58.75,1.5,0.4,0.15,0.1864
TLBO + Dynamic Priority,20260767,13,8,73.0124,72.9217,72.7672,0,0,58.75,1.5,0.4,0.15,0.1089
TLBO + Dynamic Priority,20260767,13,9,73.0952,73.008,72.9344,0,0,57.5,1.5,0.4,0.15,0.116
TLBO + Dynamic Priority,20260767,13,10,73.0952,73.0436,72.9728,0,0,57.5,1.5,0.4,0.15,0.124
TLBO + Dynamic Priority,20260767,13,11,73.0952,73.0589,73.0124,0,0,57.5,1.5,0.4,0.15,0.1087
TLBO + Dynamic Priority,20260767,13,12,73.0952,73.0796,73.0124,0,0,57.5,1.5,0.4,0.15,0.0846
TLBO + Dynamic Priority,20260767,13,13,73.0952,73.09,73.0532,0,0,57.5,1.5,0.4,0.15,0.0625
TLBO + Dynamic Priority,20260767,13,14,73.0952,73.0952,73.0952,0,0,57.5,1.5,0.4,0.15,0.0543
TLBO + Dynamic Priority,20260767,13,15,73.0952,73.0952,73.0952,0,0,57.5,1.5,0.4,0.15,0.0479
TLBO + Dynamic Priority,20260767,13,16,73.0952,73.0952,73.0952,0,0,57.5,1.5,0.4,0.15,0.0493
TLBO + Dynamic Priority,20260767,13,17,73.0952,73.0952,73.0952,0,0,57.5,1.5,0.4,0.15,0.0719
TLBO + Dynamic Priority,20260767,13,18,73.0952,73.0952,73.0952,0,0,57.5,1.5,0.4,0.15,0.0555
TLBO + Dynamic Priority,20260767,13,19,73.0952,73.0952,73.0952,0,0,57.5,1.5,0.4,0.15,0.0516
TLBO + Dynamic Priority,20260767,13,20,73.0952,73.0952,73.0952,0,0,57.5,1.5,0.4,0.15,0.0535
TLBO + Dynamic Priority,20260767,13,21,73.0952,73.0952,73.0952,0,0,57.5,1.5,0.4,0.15,0.0437
TLBO + Dynamic Priority,20260767,13,22,73.0952,73.0952,73.0952,0,0,57.5,1.5,0.4,0.15,0.0551
TLBO + Dynamic Priority,20260767,13,23,73.0952,73.0952,73.0952,0,0,57.5,1.5,0.4,0.15,0.0553
TLBO + Dynamic Priority,20260767,13,24,73.0952,73.0952,73.0952,0,0,57.5,1.5,0.4,0.15,0.054
TLBO + Dynamic Priority,20260767,13,25,73.0952,73.0952,73.0952,0,0,57.5,1.5,0.4,0.15,0.0551
TLBO + Dynamic Priority,20260767,13,26,73.0952,73.0952,73.0952,0,0,57.5,1.5,0.4,0.15,0.0573
TLBO + Dynamic Priority,20260767,13,27,73.0952,73.0952,73.0952,0,0,57.5,1.5,0.4,0.15,0.0565
TLBO + Dynamic Priority,20260767,13,28,73.0952,73.0952,73.0952,0,0,57.5,1.5,0.4,0.15,0.058
TLBO + Dynamic Priority,20260767,13,29,73.0952,73.0952,73.0952,0,0,57.5,1.5,0.4,0.15,0.0523
TLBO + Dynamic Priority,20260767,13,30,73.0952,73.0952,73.0952,0,0,57.5,1.5,0.4,0.15,0.0448
TLBO + Dynamic Priority,20260767,13,31,73.0952,73.0952,73.0952,0,0,57.5,1.5,0.4,0.15,0.0551
TLBO + Dynamic Priority,20260767,13,32,73.0952,73.0952,73.0952,0,0,57.5,1.5,0.4,0.15,0.0493
TLBO + Dynamic Priority,20260767,13,33,73.0952,73.0952,73.0952,0,0,57.5,1.5,0.4,0.15,0.0576
TLBO + Dynamic Priority,20260767,13,34,73.0952,73.0952,73.0952,0,0,57.5,1.5,0.4,0.15,0.0543
TLBO + Dynamic Priority,20260767,13,35,73.0952,73.0952,73.0952,0,0,57.5,1.5,0.4,0.15,0.0436
TLBO + Dynamic Priority,20260767,13,36,73.0952,73.0952,73.0952,0,0,57.5,1.5,0.4,0.15,0.0518
TLBO + Dynamic Priority,20260767,13,37,73.0952,73.0952,73.0952,0,0,57.5,1.5,0.4,0.15,0.0499
TLBO + Dynamic Priority,20260767,13,38,73.0952,73.0952,73.0952,0,0,57.5,1.5,0.4,0.15,0.0565
TLBO + Dynamic Priority,20260767,13,39,73.0952,73.0952,73.0952,0,0,57.5,1.5,0.4,0.15,0.0515
TLBO + Dynamic Priority,20260767,13,40,73.0952,73.0952,73.0952,0,0,57.5,1.5,0.4,0.15,0.056
TLBO + Dynamic Priority,20260767,13,41,73.0952,73.0952,73.0952,0,0,57.5,1.5,0.4,0.15,0.0482
TLBO + Dynamic Priority,20260767,13,42,73.0952,73.0952,73.0952,0,0,57.5,1.5,0.4,0.15,0.0408
TLBO + Dynamic Priority,20260767,13,43,73.0952,73.0952,73.0952,0,0,57.5,1.5,0.4,0.15,0.0584
TLBO + Dynamic Priority,20260767,13,44,73.0952,73.0952,73.0952,0,0,57.5,1.5,0.4,0.15,0.0433
TLBO + Dynamic Priority,20260767,13,45,73.0952,73.0952,73.0952,0,0,57.5,1.5,0.4,0.15,0.0495
TLBO + Dynamic Priority,20260767,13,46,73.0952,73.0952,73.0952,0,0,57.5,1.5,0.4,0.15,0.0521
TLBO + Dynamic Priority,20260767,13,47,73.1396,73.1008,73.0952,0,0,56.25,1.5,0.4,0.15,0.0916
TLBO + Dynamic Priority,20260767,13,48,73.1396,73.1063,73.0952,0,0,56.25,1.5,0.4,0.15,0.0857
TLBO + Dynamic Priority,20260767,13,49,73.1396,73.1119,73.0952,0,0,56.25,1.5,0.4,0.15,0.0899
TLBO + Dynamic Priority,20260767,13,50,73.1396,73.1174,73.0952,0,0,56.25,1.5,0.4,0.15,0.1061
TLBO + Dynamic Priority,20260768,14,1,72.5996,36.1256,0.0,0,0,65.0,1.5,0.4,0.15,0.18
TLBO + Dynamic Priority,20260768,14,2,72.5996,45.2005,0.0,0,0,65.0,1.5,0.4,0.15,0.1649
TLBO + Dynamic Priority,20260768,14,3,72.5996,54.2754,0.0,0,0,65.0,1.5,0.4,0.15,0.1628
TLBO + Dynamic Priority,20260768,14,4,72.5996,63.3504,0.0,0,0,65.0,1.5,0.4,0.15,0.1305
TLBO + Dynamic Priority,20260768,14,5,72.5996,72.4253,71.7504,0,0,65.0,1.5,0.4,0.15,0.1284
TLBO + Dynamic Priority,20260768,14,6,72.5996,72.5315,72.2716,0,0,65.0,1.5,0.4,0.15,0.0824
TLBO + Dynamic Priority,20260768,14,7,72.5996,72.5725,72.3828,0,0,65.0,1.5,0.4,0.15,0.0716
TLBO + Dynamic Priority,20260768,14,8,72.632,72.6037,72.5996,0,0,65.0,1.5,0.4,0.15,0.0742
TLBO + Dynamic Priority,20260768,14,9,72.7964,72.6473,72.5996,0,0,65.0,1.5,0.4,0.15,0.1181
TLBO + Dynamic Priority,20260768,14,10,72.8744,72.7493,72.6316,0,0,63.75,1.5,0.4,0.15,0.1415
TLBO + Dynamic Priority,20260768,14,11,72.9572,72.8628,72.716,0,0,65.0,1.5,0.4,0.15,0.1377
TLBO + Dynamic Priority,20260768,14,12,72.9912,72.9139,72.8264,0,0,67.5,1.5,0.4,0.15,0.1423
TLBO + Dynamic Priority,20260768,14,13,72.9912,72.9562,72.9152,0,0,67.5,1.5,0.4,0.15,0.1542
TLBO + Dynamic Priority,20260768,14,14,73.094,72.9828,72.9152,0,0,65.0,1.5,0.4,0.15,0.1316
TLBO + Dynamic Priority,20260768,14,15,73.094,73.0223,72.9912,0,0,65.0,1.5,0.4,0.15,0.1252
TLBO + Dynamic Priority,20260768,14,16,73.094,73.0467,72.9912,0,0,65.0,1.5,0.4,0.15,0.1175
TLBO + Dynamic Priority,20260768,14,17,73.094,73.0596,72.9912,0,0,65.0,1.5,0.4,0.15,0.1218
TLBO + Dynamic Priority,20260768,14,18,73.094,73.0724,73.0016,0,0,65.0,1.5,0.4,0.15,0.0817
TLBO + Dynamic Priority,20260768,14,19,73.094,73.0839,73.0136,0,0,65.0,1.5,0.4,0.15,0.0643
TLBO + Dynamic Priority,20260768,14,20,73.094,73.094,73.094,0,0,65.0,1.5,0.4,0.15,0.0538
TLBO + Dynamic Priority,20260768,14,21,73.094,73.094,73.094,0,0,65.0,1.5,0.4,0.15,0.0475
TLBO + Dynamic Priority,20260768,14,22,73.094,73.094,73.094,0,0,65.0,1.5,0.4,0.15,0.0489
TLBO + Dynamic Priority,20260768,14,23,73.094,73.094,73.094,0,0,65.0,1.5,0.4,0.15,0.0484
TLBO + Dynamic Priority,20260768,14,24,73.094,73.094,73.094,0,0,65.0,1.5,0.4,0.15,0.0505
TLBO + Dynamic Priority,20260768,14,25,73.094,73.094,73.094,0,0,65.0,1.5,0.4,0.15,0.0536
TLBO + Dynamic Priority,20260768,14,26,73.094,73.094,73.094,0,0,65.0,1.5,0.4,0.15,0.0551
TLBO + Dynamic Priority,20260768,14,27,73.094,73.094,73.094,0,0,65.0,1.5,0.4,0.15,0.0538
TLBO + Dynamic Priority,20260768,14,28,73.094,73.094,73.094,0,0,65.0,1.5,0.4,0.15,0.0485
TLBO + Dynamic Priority,20260768,14,29,73.094,73.094,73.094,0,0,65.0,1.5,0.4,0.15,0.0425
TLBO + Dynamic Priority,20260768,14,30,73.098,73.0945,73.094,0,0,65.0,1.5,0.4,0.15,0.0809
TLBO + Dynamic Priority,20260768,14,31,73.1432,73.1026,73.094,0,0,63.75,1.5,0.4,0.15,0.0769
TLBO + Dynamic Priority,20260768,14,32,73.1472,73.1268,73.098,0,0,63.75,1.5,0.4,0.15,0.1055
TLBO + Dynamic Priority,20260768,14,33,73.196,73.1395,73.098,0,0,63.75,1.5,0.4,0.15,0.1226
TLBO + Dynamic Priority,20260768,14,34,73.196,73.165,73.098,0,0,63.75,1.5,0.4,0.15,0.0972
TLBO + Dynamic Priority,20260768,14,35,73.196,73.1772,73.1432,0,0,63.75,1.5,0.4,0.15,0.0676
TLBO + Dynamic Priority,20260768,14,36,73.196,73.1838,73.1472,0,0,63.75,1.5,0.4,0.15,0.0819
TLBO + Dynamic Priority,20260768,14,37,73.196,73.196,73.196,0,0,63.75,1.5,0.4,0.15,0.0547
TLBO + Dynamic Priority,20260768,14,38,73.196,73.196,73.196,0,0,63.75,1.5,0.4,0.15,0.0379
TLBO + Dynamic Priority,20260768,14,39,73.196,73.196,73.196,0,0,63.75,1.5,0.4,0.15,0.0447
TLBO + Dynamic Priority,20260768,14,40,73.196,73.196,73.196,0,0,63.75,1.5,0.4,0.15,0.0587
TLBO + Dynamic Priority,20260768,14,41,73.196,73.196,73.196,0,0,63.75,1.5,0.4,0.15,0.0546
TLBO + Dynamic Priority,20260768,14,42,73.196,73.196,73.196,0,0,63.75,1.5,0.4,0.15,0.0438
TLBO + Dynamic Priority,20260768,14,43,73.196,73.196,73.196,0,0,63.75,1.5,0.4,0.15,0.0505
TLBO + Dynamic Priority,20260768,14,44,73.196,73.196,73.196,0,0,63.75,1.5,0.4,0.15,0.0509
TLBO + Dynamic Priority,20260768,14,45,73.196,73.196,73.196,0,0,63.75,1.5,0.4,0.15,0.0489
TLBO + Dynamic Priority,20260768,14,46,73.196,73.196,73.196,0,0,63.75,1.5,0.4,0.15,0.0465
TLBO + Dynamic Priority,20260768,14,47,73.196,73.196,73.196,0,0,63.75,1.5,0.4,0.15,0.0532
TLBO + Dynamic Priority,20260768,14,48,73.196,73.196,73.196,0,0,63.75,1.5,0.4,0.15,0.0398
TLBO + Dynamic Priority,20260768,14,49,73.196,73.196,73.196,0,0,63.75,1.5,0.4,0.15,0.0468
TLBO + Dynamic Priority,20260768,14,50,73.196,73.196,73.196,0,0,63.75,1.5,0.4,0.15,0.0532
TLBO + Dynamic Priority,20260769,15,1,72.9544,45.2657,0.0,0,0,66.25,1.5,0.4,0.15,0.1822
TLBO + Dynamic Priority,20260769,15,2,72.9544,54.385,0.0,0,0,66.25,1.5,0.4,0.15,0.1648
TLBO + Dynamic Priority,20260769,15,3,72.9544,63.5043,0.0,0,0,66.25,1.5,0.4,0.15,0.1427
TLBO + Dynamic Priority,20260769,15,4,72.9544,72.6236,71.7128,0,0,66.25,1.5,0.4,0.15,0.1531
TLBO + Dynamic Priority,20260769,15,5,72.9544,72.7788,72.196,0,0,66.25,1.5,0.4,0.15,0.113
TLBO + Dynamic Priority,20260769,15,6,73.1036,72.8923,72.5008,0,0,66.25,1.5,0.4,0.15,0.1119
TLBO + Dynamic Priority,20260769,15,7,73.1036,72.9924,72.7616,0,0,66.25,1.5,0.4,0.15,0.1253
TLBO + Dynamic Priority,20260769,15,8,73.1036,73.0538,72.9544,0,0,66.25,1.5,0.4,0.15,0.1116
TLBO + Dynamic Priority,20260769,15,9,73.1036,73.0845,73.0172,0,0,66.25,1.5,0.4,0.15,0.1042
TLBO + Dynamic Priority,20260769,15,10,73.1036,73.0953,73.0372,0,0,66.25,1.5,0.4,0.15,0.0649
TLBO + Dynamic Priority,20260769,15,11,73.1036,73.1036,73.1036,0,0,66.25,1.5,0.4,0.15,0.0384
TLBO + Dynamic Priority,20260769,15,12,73.1036,73.1036,73.1036,0,0,66.25,1.5,0.4,0.15,0.0631
TLBO + Dynamic Priority,20260769,15,13,73.1036,73.1036,73.1036,0,0,66.25,1.5,0.4,0.15,0.0509
TLBO + Dynamic Priority,20260769,15,14,73.1036,73.1036,73.1036,0,0,66.25,1.5,0.4,0.15,0.0501
TLBO + Dynamic Priority,20260769,15,15,73.1036,73.1036,73.1036,0,0,66.25,1.5,0.4,0.15,0.0442
TLBO + Dynamic Priority,20260769,15,16,73.1036,73.1036,73.1036,0,0,66.25,1.5,0.4,0.15,0.0403
TLBO + Dynamic Priority,20260769,15,17,73.1036,73.1036,73.1036,0,0,66.25,1.5,0.4,0.15,0.0515
TLBO + Dynamic Priority,20260769,15,18,73.1036,73.1036,73.1036,0,0,66.25,1.5,0.4,0.15,0.0475
TLBO + Dynamic Priority,20260769,15,19,73.1036,73.1036,73.1036,0,0,66.25,1.5,0.4,0.15,0.0604
TLBO + Dynamic Priority,20260769,15,20,73.1036,73.1036,73.1036,0,0,66.25,1.5,0.4,0.15,0.0668
TLBO + Dynamic Priority,20260769,15,21,73.1036,73.1036,73.1036,0,0,66.25,1.5,0.4,0.15,0.0491
TLBO + Dynamic Priority,20260769,15,22,73.1036,73.1036,73.1036,0,0,66.25,1.5,0.4,0.15,0.05
TLBO + Dynamic Priority,20260769,15,23,73.1036,73.1036,73.1036,0,0,66.25,1.5,0.4,0.15,0.0469
TLBO + Dynamic Priority,20260769,15,24,73.1036,73.1036,73.1036,0,0,66.25,1.5,0.4,0.15,0.0534
TLBO + Dynamic Priority,20260769,15,25,73.1036,73.1036,73.1036,0,0,66.25,1.5,0.4,0.15,0.0569
TLBO + Dynamic Priority,20260769,15,26,73.1036,73.1036,73.1036,0,0,66.25,1.5,0.4,0.15,0.0506
TLBO + Dynamic Priority,20260769,15,27,73.1036,73.1036,73.1036,0,0,66.25,1.5,0.4,0.15,0.0564
TLBO + Dynamic Priority,20260769,15,28,73.1036,73.1036,73.1036,0,0,66.25,1.5,0.4,0.15,0.0522
TLBO + Dynamic Priority,20260769,15,29,73.1036,73.1036,73.1036,0,0,66.25,1.5,0.4,0.15,0.058
TLBO + Dynamic Priority,20260769,15,30,73.1036,73.1036,73.1036,0,0,66.25,1.5,0.4,0.15,0.0435
TLBO + Dynamic Priority,20260769,15,31,73.1036,73.1036,73.1036,0,0,66.25,1.5,0.4,0.15,0.0594
TLBO + Dynamic Priority,20260769,15,32,73.1036,73.1036,73.1036,0,0,66.25,1.5,0.4,0.15,0.0569
TLBO + Dynamic Priority,20260769,15,33,73.1036,73.1036,73.1036,0,0,66.25,1.5,0.4,0.15,0.0427
TLBO + Dynamic Priority,20260769,15,34,73.1036,73.1036,73.1036,0,0,66.25,1.5,0.4,0.15,0.0444
TLBO + Dynamic Priority,20260769,15,35,73.1036,73.1036,73.1036,0,0,66.25,1.5,0.4,0.15,0.0435
TLBO + Dynamic Priority,20260769,15,36,73.1036,73.1036,73.1036,0,0,66.25,1.5,0.4,0.15,0.058
TLBO + Dynamic Priority,20260769,15,37,73.1036,73.1036,73.1036,0,0,66.25,1.5,0.4,0.15,0.062
TLBO + Dynamic Priority,20260769,15,38,73.1036,73.1036,73.1036,0,0,66.25,1.5,0.4,0.15,0.069
TLBO + Dynamic Priority,20260769,15,39,73.1036,73.1036,73.1036,0,0,66.25,1.5,0.4,0.15,0.0507
TLBO + Dynamic Priority,20260769,15,40,73.1036,73.1036,73.1036,0,0,66.25,1.5,0.4,0.15,0.0595
TLBO + Dynamic Priority,20260769,15,41,73.1036,73.1036,73.1036,0,0,66.25,1.5,0.4,0.15,0.0673
TLBO + Dynamic Priority,20260769,15,42,73.1036,73.1036,73.1036,0,0,66.25,1.5,0.4,0.15,0.047
TLBO + Dynamic Priority,20260769,15,43,73.1036,73.1036,73.1036,0,0,66.25,1.5,0.4,0.15,0.0451
TLBO + Dynamic Priority,20260769,15,44,73.1036,73.1036,73.1036,0,0,66.25,1.5,0.4,0.15,0.0463
TLBO + Dynamic Priority,20260769,15,45,73.148,73.1091,73.1036,0,0,66.25,1.5,0.4,0.15,0.0695
TLBO + Dynamic Priority,20260769,15,46,73.148,73.1147,73.1036,0,0,66.25,1.5,0.4,0.15,0.1102
TLBO + Dynamic Priority,20260769,15,47,73.148,73.1202,73.1036,0,0,66.25,1.5,0.4,0.15,0.0851
TLBO + Dynamic Priority,20260769,15,48,73.148,73.1258,73.1036,0,0,66.25,1.5,0.4,0.15,0.1076
TLBO + Dynamic Priority,20260769,15,49,73.148,73.1313,73.1036,0,0,66.25,1.5,0.4,0.15,0.102
TLBO + Dynamic Priority,20260769,15,50,73.148,73.1369,73.1036,0,0,66.25,1.5,0.4,0.15,0.0742
TLBO + Dynamic Priority,20260770,16,1,72.214,35.8692,0.0,0,0,66.25,1.5,0.4,0.15,0.1837
TLBO + Dynamic Priority,20260770,16,2,72.214,44.8959,0.0,0,0,66.25,1.5,0.4,0.15,0.1519
TLBO + Dynamic Priority,20260770,16,3,72.4604,53.9535,0.0,0,0,70.0,1.5,0.4,0.15,0.1662
TLBO + Dynamic Priority,20260770,16,4,72.4604,63.011,0.0,0,0,70.0,1.5,0.4,0.15,0.1577
TLBO + Dynamic Priority,20260770,16,5,72.4604,72.0686,71.272,0,0,70.0,1.5,0.4,0.15,0.1464
TLBO + Dynamic Priority,20260770,16,6,72.622,72.2681,71.2872,0,0,66.25,1.5,0.4,0.15,0.1304
TLBO + Dynamic Priority,20260770,16,7,72.622,72.435,72.18,0,0,66.25,1.5,0.4,0.15,0.1236
TLBO + Dynamic Priority,20260770,16,8,72.622,72.4902,72.214,0,0,66.25,1.5,0.4,0.15,0.1156
TLBO + Dynamic Priority,20260770,16,9,72.622,72.5474,72.4604,0,0,66.25,1.5,0.4,0.15,0.1181
TLBO + Dynamic Priority,20260770,16,10,72.622,72.5677,72.4604,0,0,66.25,1.5,0.4,0.15,0.1101
TLBO + Dynamic Priority,20260770,16,11,72.622,72.5879,72.4604,0,0,66.25,1.5,0.4,0.15,0.0857
TLBO + Dynamic Priority,20260770,16,12,72.7596,72.6347,72.5104,0,0,63.75,1.5,0.4,0.15,0.0926
TLBO + Dynamic Priority,20260770,16,13,72.886,72.723,72.622,0,0,65.0,1.5,0.4,0.15,0.1306
TLBO + Dynamic Priority,20260770,16,14,72.9604,72.8072,72.622,0,0,67.5,1.5,0.4,0.15,0.1248
TLBO + Dynamic Priority,20260770,16,15,72.9604,72.8558,72.748,0,0,67.5,1.5,0.4,0.15,0.1408
TLBO + Dynamic Priority,20260770,16,16,72.9604,72.8916,72.7596,0,0,67.5,1.5,0.4,0.15,0.1366
TLBO + Dynamic Priority,20260770,16,17,72.9604,72.931,72.7996,0,0,67.5,1.5,0.4,0.15,0.1339
TLBO + Dynamic Priority,20260770,16,18,72.9604,72.9511,72.886,0,0,67.5,1.5,0.4,0.15,0.1015
TLBO + Dynamic Priority,20260770,16,19,72.9604,72.9604,72.9604,0,0,67.5,1.5,0.4,0.15,0.0956
TLBO + Dynamic Priority,20260770,16,20,72.9604,72.9604,72.9604,0,0,67.5,1.5,0.4,0.15,0.0734
TLBO + Dynamic Priority,20260770,16,21,72.9604,72.9604,72.9604,0,0,67.5,1.5,0.4,0.15,0.0864
TLBO + Dynamic Priority,20260770,16,22,72.9604,72.9604,72.9604,0,0,67.5,1.5,0.4,0.15,0.0784
TLBO + Dynamic Priority,20260770,16,23,72.9604,72.9604,72.9604,0,0,67.5,1.5,0.4,0.15,0.0645
TLBO + Dynamic Priority,20260770,16,24,72.9604,72.9604,72.9604,0,0,67.5,1.5,0.4,0.15,0.0802
TLBO + Dynamic Priority,20260770,16,25,72.9604,72.9604,72.9604,0,0,67.5,1.5,0.4,0.15,0.0717
TLBO + Dynamic Priority,20260770,16,26,72.9604,72.9604,72.9604,0,0,67.5,1.5,0.4,0.15,0.0763
TLBO + Dynamic Priority,20260770,16,27,72.9604,72.9604,72.9604,0,0,67.5,1.5,0.4,0.15,0.1021
TLBO + Dynamic Priority,20260770,16,28,72.9604,72.9604,72.9604,0,0,67.5,1.5,0.4,0.15,0.0769
TLBO + Dynamic Priority,20260770,16,29,72.9604,72.9604,72.9604,0,0,67.5,1.5,0.4,0.15,0.0634
TLBO + Dynamic Priority,20260770,16,30,72.9604,72.9604,72.9604,0,0,67.5,1.5,0.4,0.15,0.0733
TLBO + Dynamic Priority,20260770,16,31,72.9604,72.9604,72.9604,0,0,67.5,1.5,0.4,0.15,0.0907
TLBO + Dynamic Priority,20260770,16,32,72.9604,72.9604,72.9604,0,0,67.5,1.5,0.4,0.15,0.0674
TLBO + Dynamic Priority,20260770,16,33,72.9604,72.9604,72.9604,0,0,67.5,1.5,0.4,0.15,0.0659
TLBO + Dynamic Priority,20260770,16,34,72.9604,72.9604,72.9604,0,0,67.5,1.5,0.4,0.15,0.0703
TLBO + Dynamic Priority,20260770,16,35,72.9604,72.9604,72.9604,0,0,67.5,1.5,0.4,0.15,0.059
TLBO + Dynamic Priority,20260770,16,36,72.9604,72.9604,72.9604,0,0,67.5,1.5,0.4,0.15,0.0804
TLBO + Dynamic Priority,20260770,16,37,73.0612,72.973,72.9604,0,0,68.75,1.5,0.4,0.15,0.07
TLBO + Dynamic Priority,20260770,16,38,73.0612,72.9856,72.9604,0,0,68.75,1.5,0.4,0.15,0.1122
TLBO + Dynamic Priority,20260770,16,39,73.0612,73.0008,72.9604,0,0,68.75,1.5,0.4,0.15,0.1134
TLBO + Dynamic Priority,20260770,16,40,73.1032,73.0511,72.9604,0,0,68.75,1.5,0.4,0.15,0.1084
TLBO + Dynamic Priority,20260770,16,41,73.1032,73.0689,73.0208,0,0,68.75,1.5,0.4,0.15,0.1042
TLBO + Dynamic Priority,20260770,16,42,73.262,73.1073,73.0612,0,0,68.75,1.5,0.4,0.15,0.0918
TLBO + Dynamic Priority,20260770,16,43,73.262,73.1385,73.0612,0,0,68.75,1.5,0.4,0.15,0.1189
TLBO + Dynamic Priority,20260770,16,44,73.262,73.1641,73.0612,0,0,68.75,1.5,0.4,0.15,0.118
TLBO + Dynamic Priority,20260770,16,45,73.262,73.2306,73.1032,0,0,68.75,1.5,0.4,0.15,0.1143
TLBO + Dynamic Priority,20260770,16,46,73.262,73.2505,73.1696,0,0,68.75,1.5,0.4,0.15,0.0777
TLBO + Dynamic Priority,20260770,16,47,73.262,73.262,73.262,0,0,68.75,1.5,0.4,0.15,0.0408
TLBO + Dynamic Priority,20260770,16,48,73.262,73.262,73.262,0,0,68.75,1.5,0.4,0.15,0.0519
TLBO + Dynamic Priority,20260770,16,49,73.262,73.262,73.262,0,0,68.75,1.5,0.4,0.15,0.0444
TLBO + Dynamic Priority,20260770,16,50,73.262,73.262,73.262,0,0,68.75,1.5,0.4,0.15,0.0582
TLBO + Dynamic Priority,20260771,17,1,72.5096,36.0949,0.0,0,0,66.25,1.5,0.4,0.15,0.178
TLBO + Dynamic Priority,20260771,17,2,72.5096,45.1586,0.0,0,0,66.25,1.5,0.4,0.15,0.1544
TLBO + Dynamic Priority,20260771,17,3,72.5096,54.2459,0.0,0,0,66.25,1.5,0.4,0.15,0.1388
TLBO + Dynamic Priority,20260771,17,4,72.5096,63.3096,0.0,0,0,66.25,1.5,0.4,0.15,0.13
TLBO + Dynamic Priority,20260771,17,5,72.5096,72.3733,71.8996,0,0,66.25,1.5,0.4,0.15,0.1144
TLBO + Dynamic Priority,20260771,17,6,72.5096,72.4496,72.186,0,0,66.25,1.5,0.4,0.15,0.0961
TLBO + Dynamic Priority,20260771,17,7,72.5096,72.49,72.3528,0,0,66.25,1.5,0.4,0.15,0.1058
TLBO + Dynamic Priority,20260771,17,8,72.8296,72.5496,72.5096,0,0,66.25,1.5,0.4,0.15,0.0595
TLBO + Dynamic Priority,20260771,17,9,72.8296,72.6471,72.5096,0,0,66.25,1.5,0.4,0.15,0.112
TLBO + Dynamic Priority,20260771,17,10,72.8296,72.7022,72.5096,0,0,66.25,1.5,0.4,0.15,0.1259
TLBO + Dynamic Priority,20260771,17,11,72.8296,72.7814,72.5096,0,0,66.25,1.5,0.4,0.15,0.1105
TLBO + Dynamic Priority,20260771,17,12,72.898,72.8299,72.7636,0,0,66.25,1.5,0.4,0.15,0.0876
TLBO + Dynamic Priority,20260771,17,13,72.934,72.8813,72.8296,0,0,66.25,1.5,0.4,0.15,0.0885
TLBO + Dynamic Priority,20260771,17,14,72.934,72.9164,72.8296,0,0,66.25,1.5,0.4,0.15,0.101
TLBO + Dynamic Priority,20260771,17,15,72.934,72.9295,72.898,0,0,66.25,1.5,0.4,0.15,0.0802
TLBO + Dynamic Priority,20260771,17,16,72.952,72.9363,72.934,0,0,65.0,1.5,0.4,0.15,0.0594
TLBO + Dynamic Priority,20260771,17,17,72.952,72.9385,72.934,0,0,65.0,1.5,0.4,0.15,0.0982
TLBO + Dynamic Priority,20260771,17,18,72.9904,72.9478,72.934,0,0,65.0,1.5,0.4,0.15,0.1259
TLBO + Dynamic Priority,20260771,17,19,72.9904,72.9548,72.934,0,0,65.0,1.5,0.4,0.15,0.1298
TLBO + Dynamic Priority,20260771,17,20,72.9904,72.9785,72.934,0,0,65.0,1.5,0.4,0.15,0.1302
TLBO + Dynamic Priority,20260771,17,21,72.9904,72.9856,72.952,0,0,65.0,1.5,0.4,0.15,0.106
TLBO + Dynamic Priority,20260771,17,22,72.9904,72.9904,72.9904,0,0,65.0,1.5,0.4,0.15,0.0848
TLBO + Dynamic Priority,20260771,17,23,72.9904,72.9904,72.9904,0,0,65.0,1.5,0.4,0.15,0.0891
TLBO + Dynamic Priority,20260771,17,24,72.9904,72.9904,72.9904,0,0,65.0,1.5,0.4,0.15,0.0879
TLBO + Dynamic Priority,20260771,17,25,72.9904,72.9904,72.9904,0,0,65.0,1.5,0.4,0.15,0.0704
TLBO + Dynamic Priority,20260771,17,26,72.9904,72.9904,72.9904,0,0,65.0,1.5,0.4,0.15,0.0757
TLBO + Dynamic Priority,20260771,17,27,72.9904,72.9904,72.9904,0,0,65.0,1.5,0.4,0.15,0.069
TLBO + Dynamic Priority,20260771,17,28,73.0288,72.998,72.9904,0,0,65.0,1.5,0.4,0.15,0.0769
TLBO + Dynamic Priority,20260771,17,29,73.1732,73.0304,72.9904,0,0,65.0,1.5,0.4,0.15,0.106
TLBO + Dynamic Priority,20260771,17,30,73.1732,73.058,72.9904,0,0,65.0,1.5,0.4,0.15,0.1398
TLBO + Dynamic Priority,20260771,17,31,73.1732,73.0914,73.0124,0,0,65.0,1.5,0.4,0.15,0.1247
TLBO + Dynamic Priority,20260771,17,32,73.1732,73.1521,73.0904,0,0,65.0,1.5,0.4,0.15,0.0866
TLBO + Dynamic Priority,20260771,17,33,73.1732,73.1624,73.1092,0,0,65.0,1.5,0.4,0.15,0.0796
TLBO + Dynamic Priority,20260771,17,34,73.1732,73.1704,73.1512,0,0,65.0,1.5,0.4,0.15,0.0765
TLBO + Dynamic Priority,20260771,17,35,73.1732,73.1732,73.1732,0,0,65.0,1.5,0.4,0.15,0.0491
TLBO + Dynamic Priority,20260771,17,36,73.1732,73.1732,73.1732,0,0,65.0,1.5,0.4,0.15,0.0588
TLBO + Dynamic Priority,20260771,17,37,73.1732,73.1732,73.1732,0,0,65.0,1.5,0.4,0.15,0.0725
TLBO + Dynamic Priority,20260771,17,38,73.1732,73.1732,73.1732,0,0,65.0,1.5,0.4,0.15,0.053
TLBO + Dynamic Priority,20260771,17,39,73.1732,73.1732,73.1732,0,0,65.0,1.5,0.4,0.15,0.0584
TLBO + Dynamic Priority,20260771,17,40,73.1732,73.1732,73.1732,0,0,65.0,1.5,0.4,0.15,0.0544
TLBO + Dynamic Priority,20260771,17,41,73.1732,73.1732,73.1732,0,0,65.0,1.5,0.4,0.15,0.06
TLBO + Dynamic Priority,20260771,17,42,73.1732,73.1732,73.1732,0,0,65.0,1.5,0.4,0.15,0.0508
TLBO + Dynamic Priority,20260771,17,43,73.1732,73.1732,73.1732,0,0,65.0,1.5,0.4,0.15,0.0566
TLBO + Dynamic Priority,20260771,17,44,73.1732,73.1732,73.1732,0,0,65.0,1.5,0.4,0.15,0.0604
TLBO + Dynamic Priority,20260771,17,45,73.1732,73.1732,73.1732,0,0,65.0,1.5,0.4,0.15,0.0443
TLBO + Dynamic Priority,20260771,17,46,73.1732,73.1732,73.1732,0,0,65.0,1.5,0.4,0.15,0.0565
TLBO + Dynamic Priority,20260771,17,47,73.1996,73.1765,73.1732,0,0,65.0,1.5,0.4,0.15,0.0605
TLBO + Dynamic Priority,20260771,17,48,73.1996,73.1798,73.1732,0,0,65.0,1.5,0.4,0.15,0.0924
TLBO + Dynamic Priority,20260771,17,49,73.1996,73.1831,73.1732,0,0,65.0,1.5,0.4,0.15,0.0884
TLBO + Dynamic Priority,20260771,17,50,73.2176,73.1953,73.1732,0,0,65.0,1.5,0.4,0.15,0.1011
TLBO + Dynamic Priority,20260772,18,1,72.682,36.1106,0.0,0,0,61.25,1.5,0.4,0.15,0.1819
TLBO + Dynamic Priority,20260772,18,2,72.682,45.1958,0.0,0,0,61.25,1.5,0.4,0.15,0.1613
TLBO + Dynamic Priority,20260772,18,3,72.682,54.2811,0.0,0,0,61.25,1.5,0.4,0.15,0.1678
TLBO + Dynamic Priority,20260772,18,4,72.74,63.3736,0.0,0,0,61.25,1.5,0.4,0.15,0.1343
TLBO + Dynamic Priority,20260772,18,5,72.7784,72.6197,72.2532,0,0,61.25,1.5,0.4,0.15,0.1429
TLBO + Dynamic Priority,20260772,18,6,72.8168,72.7043,72.45,0,0,61.25,1.5,0.4,0.15,0.1332
TLBO + Dynamic Priority,20260772,18,7,72.8168,72.7597,72.552,0,0,61.25,1.5,0.4,0.15,0.1003
TLBO + Dynamic Priority,20260772,18,8,72.8168,72.812,72.7784,0,0,61.25,1.5,0.4,0.15,0.0844
TLBO + Dynamic Priority,20260772,18,9,72.8168,72.8168,72.8168,0,0,61.25,1.5,0.4,0.15,0.0527
TLBO + Dynamic Priority,20260772,18,10,72.8168,72.8168,72.8168,0,0,61.25,1.5,0.4,0.15,0.0508
TLBO + Dynamic Priority,20260772,18,11,72.8724,72.8287,72.8168,0,0,61.25,1.5,0.4,0.15,0.0793
TLBO + Dynamic Priority,20260772,18,12,72.9212,72.853,72.8168,0,0,60.0,1.5,0.4,0.15,0.1214
TLBO + Dynamic Priority,20260772,18,13,72.9212,72.8661,72.8168,0,0,60.0,1.5,0.4,0.15,0.1249
TLBO + Dynamic Priority,20260772,18,14,72.9212,72.8852,72.8168,0,0,60.0,1.5,0.4,0.15,0.1182
TLBO + Dynamic Priority,20260772,18,15,72.9212,72.8983,72.8168,0,0,60.0,1.5,0.4,0.15,0.1062
TLBO + Dynamic Priority,20260772,18,16,72.9212,72.9113,72.8724,0,0,60.0,1.5,0.4,0.15,0.1022
TLBO + Dynamic Priority,20260772,18,17,72.9696,72.9235,72.8912,0,0,61.25,1.5,0.4,0.15,0.0776
TLBO + Dynamic Priority,20260772,18,18,72.9696,72.9421,72.9212,0,0,61.25,1.5,0.4,0.15,0.1046
TLBO + Dynamic Priority,20260772,18,19,72.9876,72.957,72.9212,0,0,61.25,1.5,0.4,0.15,0.119
TLBO + Dynamic Priority,20260772,18,20,72.9876,72.9753,72.9476,0,0,61.25,1.5,0.4,0.15,0.1211
TLBO + Dynamic Priority,20260772,18,21,73.014,72.9859,72.9656,0,0,62.5,1.5,0.4,0.15,0.0908
TLBO + Dynamic Priority,20260772,18,22,73.014,72.992,72.9696,0,0,62.5,1.5,0.4,0.15,0.1181
TLBO + Dynamic Priority,20260772,18,23,73.014,73.0008,72.9876,0,0,62.5,1.5,0.4,0.15,0.0906
TLBO + Dynamic Priority,20260772,18,24,73.062,73.0167,72.9876,0,0,61.25,1.5,0.4,0.15,0.0859
TLBO + Dynamic Priority,20260772,18,25,73.062,73.026,73.014,0,0,61.25,1.5,0.4,0.15,0.0836
TLBO + Dynamic Priority,20260772,18,26,73.062,73.038,73.014,0,0,61.25,1.5,0.4,0.15,0.0991
TLBO + Dynamic Priority,20260772,18,27,73.062,73.044,73.014,0,0,61.25,1.5,0.4,0.15,0.0901
TLBO + Dynamic Priority,20260772,18,28,73.062,73.05,73.014,0,0,61.25,1.5,0.4,0.15,0.0852
TLBO + Dynamic Priority,20260772,18,29,73.062,73.056,73.014,0,0,61.25,1.5,0.4,0.15,0.0643
TLBO + Dynamic Priority,20260772,18,30,73.062,73.062,73.062,0,0,61.25,1.5,0.4,0.15,0.0441
TLBO + Dynamic Priority,20260772,18,31,73.062,73.062,73.062,0,0,61.25,1.5,0.4,0.15,0.0573
TLBO + Dynamic Priority,20260772,18,32,73.062,73.062,73.062,0,0,61.25,1.5,0.4,0.15,0.0598
TLBO + Dynamic Priority,20260772,18,33,73.062,73.062,73.062,0,0,61.25,1.5,0.4,0.15,0.0717
TLBO + Dynamic Priority,20260772,18,34,73.062,73.062,73.062,0,0,61.25,1.5,0.4,0.15,0.0512
TLBO + Dynamic Priority,20260772,18,35,73.062,73.062,73.062,0,0,61.25,1.5,0.4,0.15,0.0531
TLBO + Dynamic Priority,20260772,18,36,73.062,73.062,73.062,0,0,61.25,1.5,0.4,0.15,0.0548
TLBO + Dynamic Priority,20260772,18,37,73.062,73.062,73.062,0,0,61.25,1.5,0.4,0.15,0.0557
TLBO + Dynamic Priority,20260772,18,38,73.062,73.062,73.062,0,0,61.25,1.5,0.4,0.15,0.0459
TLBO + Dynamic Priority,20260772,18,39,73.062,73.062,73.062,0,0,61.25,1.5,0.4,0.15,0.0504
TLBO + Dynamic Priority,20260772,18,40,73.062,73.062,73.062,0,0,61.25,1.5,0.4,0.15,0.0579
TLBO + Dynamic Priority,20260772,18,41,73.062,73.062,73.062,0,0,61.25,1.5,0.4,0.15,0.0643
TLBO + Dynamic Priority,20260772,18,42,73.062,73.062,73.062,0,0,61.25,1.5,0.4,0.15,0.0483
TLBO + Dynamic Priority,20260772,18,43,73.062,73.062,73.062,0,0,61.25,1.5,0.4,0.15,0.0412
TLBO + Dynamic Priority,20260772,18,44,73.07,73.063,73.062,0,0,61.25,1.5,0.4,0.15,0.0634
TLBO + Dynamic Priority,20260772,18,45,73.07,73.065,73.062,0,0,61.25,1.5,0.4,0.15,0.0713
TLBO + Dynamic Priority,20260772,18,46,73.07,73.066,73.062,0,0,61.25,1.5,0.4,0.15,0.0601
TLBO + Dynamic Priority,20260772,18,47,73.07,73.067,73.062,0,0,61.25,1.5,0.4,0.15,0.084
TLBO + Dynamic Priority,20260772,18,48,73.07,73.069,73.062,0,0,61.25,1.5,0.4,0.15,0.064
TLBO + Dynamic Priority,20260772,18,49,73.07,73.07,73.07,0,0,61.25,1.5,0.4,0.15,0.0386
TLBO + Dynamic Priority,20260772,18,50,73.07,73.07,73.07,0,0,61.25,1.5,0.4,0.15,0.0548
TLBO + Dynamic Priority,20260773,19,1,72.5232,45.0812,0.0,0,0,60.0,1.5,0.4,0.15,0.1961
TLBO + Dynamic Priority,20260773,19,2,72.5232,54.1466,0.0,0,0,60.0,1.5,0.4,0.15,0.1888
TLBO + Dynamic Priority,20260773,19,3,72.5232,63.212,0.0,0,0,60.0,1.5,0.4,0.15,0.1819
TLBO + Dynamic Priority,20260773,19,4,72.6744,72.2963,71.584,0,0,61.25,1.5,0.4,0.15,0.1531
TLBO + Dynamic Priority,20260773,19,5,72.6744,72.4704,72.058,0,0,61.25,1.5,0.4,0.15,0.1442
TLBO + Dynamic Priority,20260773,19,6,72.6744,72.5474,72.1236,0,0,61.25,1.5,0.4,0.15,0.1274
TLBO + Dynamic Priority,20260773,19,7,72.6744,72.6163,72.3608,0,0,61.25,1.5,0.4,0.15,0.0928
TLBO + Dynamic Priority,20260773,19,8,72.9588,72.6911,72.5232,0,0,60.0,1.5,0.4,0.15,0.0865
TLBO + Dynamic Priority,20260773,19,9,72.9588,72.7661,72.6744,0,0,60.0,1.5,0.4,0.15,0.1119
TLBO + Dynamic Priority,20260773,19,10,73.0392,72.8684,72.6744,0,0,60.0,1.5,0.4,0.15,0.1371
TLBO + Dynamic Priority,20260773,19,11,73.0392,72.9321,72.738,0,0,60.0,1.5,0.4,0.15,0.1422
TLBO + Dynamic Priority,20260773,19,12,73.0632,73.0052,72.9588,0,0,60.0,1.5,0.4,0.15,0.1101
TLBO + Dynamic Priority,20260773,19,13,73.0632,73.0182,72.9588,0,0,60.0,1.5,0.4,0.15,0.106
TLBO + Dynamic Priority,20260773,19,14,73.186,73.0565,72.9588,0,0,62.5,1.5,0.4,0.15,0.1102
TLBO + Dynamic Priority,20260773,19,15,73.186,73.0849,73.0392,0,0,62.5,1.5,0.4,0.15,0.1269
TLBO + Dynamic Priority,20260773,19,16,73.186,73.1071,73.0392,0,0,62.5,1.5,0.4,0.15,0.1158
TLBO + Dynamic Priority,20260773,19,17,73.186,73.1403,73.0392,0,0,62.5,1.5,0.4,0.15,0.1208
TLBO + Dynamic Priority,20260773,19,18,73.186,73.1698,73.138,0,0,62.5,1.5,0.4,0.15,0.1075
TLBO + Dynamic Priority,20260773,19,19,73.186,73.1758,73.138,0,0,62.5,1.5,0.4,0.15,0.0932
TLBO + Dynamic Priority,20260773,19,20,73.186,73.1818,73.152,0,0,62.5,1.5,0.4,0.15,0.0606
TLBO + Dynamic Priority,20260773,19,21,73.2172,73.1899,73.186,0,0,62.5,1.5,0.4,0.15,0.0548
TLBO + Dynamic Priority,20260773,19,22,73.2172,73.2016,73.186,0,0,62.5,1.5,0.4,0.15,0.0816
TLBO + Dynamic Priority,20260773,19,23,73.2172,73.2094,73.186,0,0,62.5,1.5,0.4,0.15,0.0938
TLBO + Dynamic Priority,20260773,19,24,73.2172,73.2133,73.186,0,0,62.5,1.5,0.4,0.15,0.0768
TLBO + Dynamic Priority,20260773,19,25,73.2172,73.2172,73.2172,0,0,62.5,1.5,0.4,0.15,0.057
TLBO + Dynamic Priority,20260773,19,26,73.2172,73.2172,73.2172,0,0,62.5,1.5,0.4,0.15,0.0443
TLBO + Dynamic Priority,20260773,19,27,73.2172,73.2172,73.2172,0,0,62.5,1.5,0.4,0.15,0.0498
TLBO + Dynamic Priority,20260773,19,28,73.2172,73.2172,73.2172,0,0,62.5,1.5,0.4,0.15,0.063
TLBO + Dynamic Priority,20260773,19,29,73.2172,73.2172,73.2172,0,0,62.5,1.5,0.4,0.15,0.0606
TLBO + Dynamic Priority,20260773,19,30,73.2172,73.2172,73.2172,0,0,62.5,1.5,0.4,0.15,0.0481
TLBO + Dynamic Priority,20260773,19,31,73.2172,73.2172,73.2172,0,0,62.5,1.5,0.4,0.15,0.0442
TLBO + Dynamic Priority,20260773,19,32,73.2172,73.2172,73.2172,0,0,62.5,1.5,0.4,0.15,0.038
TLBO + Dynamic Priority,20260773,19,33,73.2172,73.2172,73.2172,0,0,62.5,1.5,0.4,0.15,0.0635
TLBO + Dynamic Priority,20260773,19,34,73.2172,73.2172,73.2172,0,0,62.5,1.5,0.4,0.15,0.0509
TLBO + Dynamic Priority,20260773,19,35,73.2172,73.2172,73.2172,0,0,62.5,1.5,0.4,0.15,0.049
TLBO + Dynamic Priority,20260773,19,36,73.2172,73.2172,73.2172,0,0,62.5,1.5,0.4,0.15,0.0473
TLBO + Dynamic Priority,20260773,19,37,73.2172,73.2172,73.2172,0,0,62.5,1.5,0.4,0.15,0.0511
TLBO + Dynamic Priority,20260773,19,38,73.2172,73.2172,73.2172,0,0,62.5,1.5,0.4,0.15,0.0479
TLBO + Dynamic Priority,20260773,19,39,73.2172,73.2172,73.2172,0,0,62.5,1.5,0.4,0.15,0.0523
TLBO + Dynamic Priority,20260773,19,40,73.2172,73.2172,73.2172,0,0,62.5,1.5,0.4,0.15,0.0572
TLBO + Dynamic Priority,20260773,19,41,73.2172,73.2172,73.2172,0,0,62.5,1.5,0.4,0.15,0.046
TLBO + Dynamic Priority,20260773,19,42,73.2172,73.2172,73.2172,0,0,62.5,1.5,0.4,0.15,0.0532
TLBO + Dynamic Priority,20260773,19,43,73.2172,73.2172,73.2172,0,0,62.5,1.5,0.4,0.15,0.0475
TLBO + Dynamic Priority,20260773,19,44,73.2172,73.2172,73.2172,0,0,62.5,1.5,0.4,0.15,0.0633
TLBO + Dynamic Priority,20260773,19,45,73.2172,73.2172,73.2172,0,0,62.5,1.5,0.4,0.15,0.067
TLBO + Dynamic Priority,20260773,19,46,73.2172,73.2172,73.2172,0,0,62.5,1.5,0.4,0.15,0.0429
TLBO + Dynamic Priority,20260773,19,47,73.2172,73.2172,73.2172,0,0,62.5,1.5,0.4,0.15,0.0492
TLBO + Dynamic Priority,20260773,19,48,73.2172,73.2172,73.2172,0,0,62.5,1.5,0.4,0.15,0.0573
TLBO + Dynamic Priority,20260773,19,49,73.2172,73.2172,73.2172,0,0,62.5,1.5,0.4,0.15,0.0651
TLBO + Dynamic Priority,20260773,19,50,73.2172,73.2172,73.2172,0,0,62.5,1.5,0.4,0.15,0.0521
TLBO + Dynamic Priority,20260774,20,1,72.626,45.0384,0.0,0,0,63.75,1.5,0.4,0.15,0.1691
TLBO + Dynamic Priority,20260774,20,2,72.626,72.1484,71.6124,0,0,63.75,1.5,0.4,0.15,0.1643
TLBO + Dynamic Priority,20260774,20,3,72.626,72.2751,71.8168,0,0,63.75,1.5,0.4,0.15,0.1589
TLBO + Dynamic Priority,20260774,20,4,72.626,72.4552,72.052,0,0,63.75,1.5,0.4,0.15,0.1315
TLBO + Dynamic Priority,20260774,20,5,72.7624,72.578,72.3592,0,0,63.75,1.5,0.4,0.15,0.1205
TLBO + Dynamic Priority,20260774,20,6,72.7856,72.6617,72.4744,0,0,66.25,1.5,0.4,0.15,0.1267
TLBO + Dynamic Priority,20260774,20,7,72.7856,72.7006,72.524,0,0,66.25,1.5,0.4,0.15,0.1485
TLBO + Dynamic Priority,20260774,20,8,72.7856,72.7371,72.626,0,0,66.25,1.5,0.4,0.15,0.1225
TLBO + Dynamic Priority,20260774,20,9,72.7856,72.7571,72.626,0,0,66.25,1.5,0.4,0.15,0.1013
TLBO + Dynamic Priority,20260774,20,10,72.7856,72.7799,72.7624,0,0,66.25,1.5,0.4,0.15,0.0923
TLBO + Dynamic Priority,20260774,20,11,72.8812,72.7976,72.7856,0,0,63.75,1.5,0.4,0.15,0.0814
TLBO + Dynamic Priority,20260774,20,12,72.8812,72.8192,72.7856,0,0,63.75,1.5,0.4,0.15,0.1009
TLBO + Dynamic Priority,20260774,20,13,72.8812,72.8312,72.7856,0,0,63.75,1.5,0.4,0.15,0.1192
TLBO + Dynamic Priority,20260774,20,14,72.8812,72.8431,72.7856,0,0,63.75,1.5,0.4,0.15,0.1151
TLBO + Dynamic Priority,20260774,20,15,73.0688,72.8948,72.7856,0,0,63.75,1.5,0.4,0.15,0.0908
TLBO + Dynamic Priority,20260774,20,16,73.0688,72.9302,72.8812,0,0,63.75,1.5,0.4,0.15,0.1121
TLBO + Dynamic Priority,20260774,20,17,73.0688,72.9536,72.8812,0,0,63.75,1.5,0.4,0.15,0.1107
TLBO + Dynamic Priority,20260774,20,18,73.0688,72.9819,72.8812,0,0,63.75,1.5,0.4,0.15,0.1084
TLBO + Dynamic Priority,20260774,20,19,73.0688,73.0097,72.898,0,0,63.75,1.5,0.4,0.15,0.0959
TLBO + Dynamic Priority,20260774,20,20,73.0688,73.0497,72.916,0,0,63.75,1.5,0.4,0.15,0.0829
TLBO + Dynamic Priority,20260774,20,21,73.0688,73.0688,73.0688,0,0,63.75,1.5,0.4,0.15,0.0418
TLBO + Dynamic Priority,20260774,20,22,73.0688,73.0688,73.0688,0,0,63.75,1.5,0.4,0.15,0.0524
TLBO + Dynamic Priority,20260774,20,23,73.0688,73.0688,73.0688,0,0,63.75,1.5,0.4,0.15,0.0557
TLBO + Dynamic Priority,20260774,20,24,73.0688,73.0688,73.0688,0,0,63.75,1.5,0.4,0.15,0.0648
TLBO + Dynamic Priority,20260774,20,25,73.0688,73.0688,73.0688,0,0,63.75,1.5,0.4,0.15,0.0421
TLBO + Dynamic Priority,20260774,20,26,73.0688,73.0688,73.0688,0,0,63.75,1.5,0.4,0.15,0.0466
TLBO + Dynamic Priority,20260774,20,27,73.0688,73.0688,73.0688,0,0,63.75,1.5,0.4,0.15,0.0513
TLBO + Dynamic Priority,20260774,20,28,73.0688,73.0688,73.0688,0,0,63.75,1.5,0.4,0.15,0.0418
TLBO + Dynamic Priority,20260774,20,29,73.0688,73.0688,73.0688,0,0,63.75,1.5,0.4,0.15,0.0524
TLBO + Dynamic Priority,20260774,20,30,73.0688,73.0688,73.0688,0,0,63.75,1.5,0.4,0.15,0.0475
TLBO + Dynamic Priority,20260774,20,31,73.0688,73.0688,73.0688,0,0,63.75,1.5,0.4,0.15,0.0596
TLBO + Dynamic Priority,20260774,20,32,73.0688,73.0688,73.0688,0,0,63.75,1.5,0.4,0.15,0.042
TLBO + Dynamic Priority,20260774,20,33,73.0688,73.0688,73.0688,0,0,63.75,1.5,0.4,0.15,0.0492
TLBO + Dynamic Priority,20260774,20,34,73.0688,73.0688,73.0688,0,0,63.75,1.5,0.4,0.15,0.0454
TLBO + Dynamic Priority,20260774,20,35,73.0688,73.0688,73.0688,0,0,63.75,1.5,0.4,0.15,0.0534
TLBO + Dynamic Priority,20260774,20,36,73.0688,73.0688,73.0688,0,0,63.75,1.5,0.4,0.15,0.0403
TLBO + Dynamic Priority,20260774,20,37,73.0688,73.0688,73.0688,0,0,63.75,1.5,0.4,0.15,0.0568
TLBO + Dynamic Priority,20260774,20,38,73.0688,73.0688,73.0688,0,0,63.75,1.5,0.4,0.15,0.055
TLBO + Dynamic Priority,20260774,20,39,73.0688,73.0688,73.0688,0,0,63.75,1.5,0.4,0.15,0.0541
TLBO + Dynamic Priority,20260774,20,40,73.0688,73.0688,73.0688,0,0,63.75,1.5,0.4,0.15,0.047
TLBO + Dynamic Priority,20260774,20,41,73.0688,73.0688,73.0688,0,0,63.75,1.5,0.4,0.15,0.0559
TLBO + Dynamic Priority,20260774,20,42,73.0688,73.0688,73.0688,0,0,63.75,1.5,0.4,0.15,0.0464
TLBO + Dynamic Priority,20260774,20,43,73.0688,73.0688,73.0688,0,0,63.75,1.5,0.4,0.15,0.0426
TLBO + Dynamic Priority,20260774,20,44,73.0688,73.0688,73.0688,0,0,63.75,1.5,0.4,0.15,0.0455
TLBO + Dynamic Priority,20260774,20,45,73.0688,73.0688,73.0688,0,0,63.75,1.5,0.4,0.15,0.042
TLBO + Dynamic Priority,20260774,20,46,73.0688,73.0688,73.0688,0,0,63.75,1.5,0.4,0.15,0.0503
TLBO + Dynamic Priority,20260774,20,47,73.0688,73.0688,73.0688,0,0,63.75,1.5,0.4,0.15,0.0514
TLBO + Dynamic Priority,20260774,20,48,73.0688,73.0688,73.0688,0,0,63.75,1.5,0.4,0.15,0.0521
TLBO + Dynamic Priority,20260774,20,49,73.0688,73.0688,73.0688,0,0,63.75,1.5,0.4,0.15,0.0534
TLBO + Dynamic Priority,20260774,20,50,73.0688,73.0688,73.0688,0,0,63.75,1.5,0.4,0.15,0.0511
TLBO + Dynamic Priority,20260775,21,1,72.7868,45.1607,0.0,0,0,56.25,1.5,0.4,0.15,0.1651
TLBO + Dynamic Priority,20260775,21,2,72.7868,54.2591,0.0,0,0,56.25,1.5,0.4,0.15,0.4767
TLBO + Dynamic Priority,20260775,21,3,72.7868,63.3574,0.0,0,0,56.25,1.5,0.4,0.15,0.4718
TLBO + Dynamic Priority,20260775,21,4,72.7868,72.4557,71.9796,0,0,56.25,1.5,0.4,0.15,0.3862
TLBO + Dynamic Priority,20260775,21,5,72.7868,72.5567,72.1064,0,0,56.25,1.5,0.4,0.15,0.2738
TLBO + Dynamic Priority,20260775,21,6,72.7868,72.6417,72.1948,0,0,56.25,1.5,0.4,0.15,0.1858
TLBO + Dynamic Priority,20260775,21,7,72.9756,72.7393,72.218,0,0,56.25,1.5,0.4,0.15,0.1132
TLBO + Dynamic Priority,20260775,21,8,72.9756,72.8701,72.7868,0,0,56.25,1.5,0.4,0.15,0.2219
TLBO + Dynamic Priority,20260775,21,9,72.9756,72.9431,72.8264,0,0,56.25,1.5,0.4,0.15,0.1369
TLBO + Dynamic Priority,20260775,21,10,73.02,72.9811,72.9756,0,0,56.25,1.5,0.4,0.15,0.0779
TLBO + Dynamic Priority,20260775,21,11,73.068,73.0116,72.9756,0,0,56.25,1.5,0.4,0.15,0.1379
TLBO + Dynamic Priority,20260775,21,12,73.068,73.0384,72.9756,0,0,56.25,1.5,0.4,0.15,0.1808
TLBO + Dynamic Priority,20260775,21,13,73.068,73.062,73.02,0,0,56.25,1.5,0.4,0.15,0.1431
TLBO + Dynamic Priority,20260775,21,14,73.068,73.068,73.068,0,0,56.25,1.5,0.4,0.15,0.1057
TLBO + Dynamic Priority,20260775,21,15,73.068,73.068,73.068,0,0,56.25,1.5,0.4,0.15,0.0956
TLBO + Dynamic Priority,20260775,21,16,73.068,73.068,73.068,0,0,56.25,1.5,0.4,0.15,0.1104
TLBO + Dynamic Priority,20260775,21,17,73.068,73.068,73.068,0,0,56.25,1.5,0.4,0.15,0.1344
TLBO + Dynamic Priority,20260775,21,18,73.068,73.068,73.068,0,0,56.25,1.5,0.4,0.15,0.0799
TLBO + Dynamic Priority,20260775,21,19,73.068,73.068,73.068,0,0,56.25,1.5,0.4,0.15,0.0915
TLBO + Dynamic Priority,20260775,21,20,73.09,73.0708,73.068,0,0,56.25,1.5,0.4,0.15,0.1625
TLBO + Dynamic Priority,20260775,21,21,73.1392,73.0851,73.068,0,0,56.25,1.5,0.4,0.15,0.1198
TLBO + Dynamic Priority,20260775,21,22,73.1392,73.1091,73.068,0,0,56.25,1.5,0.4,0.15,0.1032
TLBO + Dynamic Priority,20260775,21,23,73.1392,73.118,73.068,0,0,56.25,1.5,0.4,0.15,0.1171
TLBO + Dynamic Priority,20260775,21,24,73.1392,73.1392,73.1392,0,0,56.25,1.5,0.4,0.15,0.1097
TLBO + Dynamic Priority,20260775,21,25,73.1392,73.1392,73.1392,0,0,56.25,1.5,0.4,0.15,0.156
TLBO + Dynamic Priority,20260775,21,26,73.1392,73.1392,73.1392,0,0,56.25,1.5,0.4,0.15,0.1132
TLBO + Dynamic Priority,20260775,21,27,73.1392,73.1392,73.1392,0,0,56.25,1.5,0.4,0.15,0.0631
TLBO + Dynamic Priority,20260775,21,28,73.1392,73.1392,73.1392,0,0,56.25,1.5,0.4,0.15,0.061
TLBO + Dynamic Priority,20260775,21,29,73.1392,73.1392,73.1392,0,0,56.25,1.5,0.4,0.15,0.0557
TLBO + Dynamic Priority,20260775,21,30,73.1392,73.1392,73.1392,0,0,56.25,1.5,0.4,0.15,0.063
TLBO + Dynamic Priority,20260775,21,31,73.1392,73.1392,73.1392,0,0,56.25,1.5,0.4,0.15,0.0558
TLBO + Dynamic Priority,20260775,21,32,73.1392,73.1392,73.1392,0,0,56.25,1.5,0.4,0.15,0.0552
TLBO + Dynamic Priority,20260775,21,33,73.1392,73.1392,73.1392,0,0,56.25,1.5,0.4,0.15,0.0514
TLBO + Dynamic Priority,20260775,21,34,73.1392,73.1392,73.1392,0,0,56.25,1.5,0.4,0.15,0.0469
TLBO + Dynamic Priority,20260775,21,35,73.1392,73.1392,73.1392,0,0,56.25,1.5,0.4,0.15,0.0471
TLBO + Dynamic Priority,20260775,21,36,73.1392,73.1392,73.1392,0,0,56.25,1.5,0.4,0.15,0.043
TLBO + Dynamic Priority,20260775,21,37,73.1392,73.1392,73.1392,0,0,56.25,1.5,0.4,0.15,0.0429
TLBO + Dynamic Priority,20260775,21,38,73.1392,73.1392,73.1392,0,0,56.25,1.5,0.4,0.15,0.0597
TLBO + Dynamic Priority,20260775,21,39,73.1392,73.1392,73.1392,0,0,56.25,1.5,0.4,0.15,0.043
TLBO + Dynamic Priority,20260775,21,40,73.1392,73.1392,73.1392,0,0,56.25,1.5,0.4,0.15,0.0479
TLBO + Dynamic Priority,20260775,21,41,73.1392,73.1392,73.1392,0,0,56.25,1.5,0.4,0.15,0.0601
TLBO + Dynamic Priority,20260775,21,42,73.1392,73.1392,73.1392,0,0,56.25,1.5,0.4,0.15,0.0461
TLBO + Dynamic Priority,20260775,21,43,73.1392,73.1392,73.1392,0,0,56.25,1.5,0.4,0.15,0.0866
TLBO + Dynamic Priority,20260775,21,44,73.1392,73.1392,73.1392,0,0,56.25,1.5,0.4,0.15,0.1349
TLBO + Dynamic Priority,20260775,21,45,73.1392,73.1392,73.1392,0,0,56.25,1.5,0.4,0.15,0.0661
TLBO + Dynamic Priority,20260775,21,46,73.1392,73.1392,73.1392,0,0,56.25,1.5,0.4,0.15,0.0429
TLBO + Dynamic Priority,20260775,21,47,73.1392,73.1392,73.1392,0,0,56.25,1.5,0.4,0.15,0.0429
TLBO + Dynamic Priority,20260775,21,48,73.1392,73.1392,73.1392,0,0,56.25,1.5,0.4,0.15,0.046
TLBO + Dynamic Priority,20260775,21,49,73.1392,73.1392,73.1392,0,0,56.25,1.5,0.4,0.15,0.0418
TLBO + Dynamic Priority,20260775,21,50,73.1392,73.1392,73.1392,0,0,56.25,1.5,0.4,0.15,0.0523
TLBO + Dynamic Priority,20260776,22,1,72.5152,36.1859,0.0,0,0,63.75,1.5,0.4,0.15,0.1692
TLBO + Dynamic Priority,20260776,22,2,72.5152,45.2503,0.0,0,0,63.75,1.5,0.4,0.15,0.1694
TLBO + Dynamic Priority,20260776,22,3,72.6932,54.337,0.0,0,0,67.5,1.5,0.4,0.15,0.1577
TLBO + Dynamic Priority,20260776,22,4,72.6932,63.4236,0.0,0,0,67.5,1.5,0.4,0.15,0.1628
TLBO + Dynamic Priority,20260776,22,5,72.6932,72.5102,72.0908,0,0,67.5,1.5,0.4,0.15,0.1472
TLBO + Dynamic Priority,20260776,22,6,72.6932,72.5855,72.4272,0,0,67.5,1.5,0.4,0.15,0.1076
TLBO + Dynamic Priority,20260776,22,7,72.6932,72.6188,72.454,0,0,67.5,1.5,0.4,0.15,0.0936
TLBO + Dynamic Priority,20260776,22,8,72.6932,72.6487,72.5152,0,0,67.5,1.5,0.4,0.15,0.081
TLBO + Dynamic Priority,20260776,22,9,72.6932,72.671,72.5152,0,0,67.5,1.5,0.4,0.15,0.0742
TLBO + Dynamic Priority,20260776,22,10,72.6932,72.6932,72.6932,0,0,67.5,1.5,0.4,0.15,0.0426
TLBO + Dynamic Priority,20260776,22,11,72.848,72.7126,72.6932,0,0,68.75,1.5,0.4,0.15,0.0594
TLBO + Dynamic Priority,20260776,22,12,73.0232,72.8312,72.6932,0,0,67.5,1.5,0.4,0.15,0.1104
TLBO + Dynamic Priority,20260776,22,13,73.0232,72.9061,72.7372,0,0,67.5,1.5,0.4,0.15,0.1229
TLBO + Dynamic Priority,20260776,22,14,73.0232,72.9605,72.848,0,0,67.5,1.5,0.4,0.15,0.1115
TLBO + Dynamic Priority,20260776,22,15,73.0472,72.9927,72.8644,0,0,67.5,1.5,0.4,0.15,0.112
TLBO + Dynamic Priority,20260776,22,16,73.0472,73.0156,72.9548,0,0,67.5,1.5,0.4,0.15,0.1132
TLBO + Dynamic Priority,20260776,22,17,73.0472,73.0271,72.9824,0,0,67.5,1.5,0.4,0.15,0.1146
TLBO + Dynamic Priority,20260776,22,18,73.0472,73.0352,73.0232,0,0,67.5,1.5,0.4,0.15,0.0701
TLBO + Dynamic Priority,20260776,22,19,73.18,73.0548,73.0232,0,0,65.0,1.5,0.4,0.15,0.0951
TLBO + Dynamic Priority,20260776,22,20,73.18,73.0902,73.0232,0,0,65.0,1.5,0.4,0.15,0.1114
TLBO + Dynamic Priority,20260776,22,21,73.18,73.1099,73.0472,0,0,65.0,1.5,0.4,0.15,0.1023
TLBO + Dynamic Priority,20260776,22,22,73.18,73.132,73.0472,0,0,65.0,1.5,0.4,0.15,0.1066
TLBO + Dynamic Priority,20260776,22,23,73.18,73.1625,73.0696,0,0,65.0,1.5,0.4,0.15,0.1038
TLBO + Dynamic Priority,20260776,22,24,73.18,73.1763,73.15,0,0,65.0,1.5,0.4,0.15,0.0703
TLBO + Dynamic Priority,20260776,22,25,73.18,73.18,73.18,0,0,65.0,1.5,0.4,0.15,0.0546
TLBO + Dynamic Priority,20260776,22,26,73.18,73.18,73.18,0,0,65.0,1.5,0.4,0.15,0.0598
TLBO + Dynamic Priority,20260776,22,27,73.18,73.18,73.18,0,0,65.0,1.5,0.4,0.15,0.0557
TLBO + Dynamic Priority,20260776,22,28,73.18,73.18,73.18,0,0,65.0,1.5,0.4,0.15,0.0657
TLBO + Dynamic Priority,20260776,22,29,73.18,73.18,73.18,0,0,65.0,1.5,0.4,0.15,0.0454
TLBO + Dynamic Priority,20260776,22,30,73.18,73.18,73.18,0,0,65.0,1.5,0.4,0.15,0.0641
TLBO + Dynamic Priority,20260776,22,31,73.18,73.18,73.18,0,0,65.0,1.5,0.4,0.15,0.056
TLBO + Dynamic Priority,20260776,22,32,73.18,73.18,73.18,0,0,65.0,1.5,0.4,0.15,0.0567
TLBO + Dynamic Priority,20260776,22,33,73.18,73.18,73.18,0,0,65.0,1.5,0.4,0.15,0.0404
TLBO + Dynamic Priority,20260776,22,34,73.18,73.18,73.18,0,0,65.0,1.5,0.4,0.15,0.0559
TLBO + Dynamic Priority,20260776,22,35,73.18,73.18,73.18,0,0,65.0,1.5,0.4,0.15,0.0425
TLBO + Dynamic Priority,20260776,22,36,73.18,73.18,73.18,0,0,65.0,1.5,0.4,0.15,0.0492
TLBO + Dynamic Priority,20260776,22,37,73.18,73.18,73.18,0,0,65.0,1.5,0.4,0.15,0.051
TLBO + Dynamic Priority,20260776,22,38,73.18,73.18,73.18,0,0,65.0,1.5,0.4,0.15,0.055
TLBO + Dynamic Priority,20260776,22,39,73.18,73.18,73.18,0,0,65.0,1.5,0.4,0.15,0.0418
TLBO + Dynamic Priority,20260776,22,40,73.18,73.18,73.18,0,0,65.0,1.5,0.4,0.15,0.0581
TLBO + Dynamic Priority,20260776,22,41,73.18,73.18,73.18,0,0,65.0,1.5,0.4,0.15,0.0425
TLBO + Dynamic Priority,20260776,22,42,73.18,73.18,73.18,0,0,65.0,1.5,0.4,0.15,0.0548
TLBO + Dynamic Priority,20260776,22,43,73.18,73.18,73.18,0,0,65.0,1.5,0.4,0.15,0.0589
TLBO + Dynamic Priority,20260776,22,44,73.18,73.18,73.18,0,0,65.0,1.5,0.4,0.15,0.0602
TLBO + Dynamic Priority,20260776,22,45,73.18,73.18,73.18,0,0,65.0,1.5,0.4,0.15,0.0439
TLBO + Dynamic Priority,20260776,22,46,73.18,73.18,73.18,0,0,65.0,1.5,0.4,0.15,0.0592
TLBO + Dynamic Priority,20260776,22,47,73.18,73.18,73.18,0,0,65.0,1.5,0.4,0.15,0.0423
TLBO + Dynamic Priority,20260776,22,48,73.18,73.18,73.18,0,0,65.0,1.5,0.4,0.15,0.0491
TLBO + Dynamic Priority,20260776,22,49,73.18,73.18,73.18,0,0,65.0,1.5,0.4,0.15,0.0452
TLBO + Dynamic Priority,20260776,22,50,73.18,73.18,73.18,0,0,65.0,1.5,0.4,0.15,0.0558
TLBO + Dynamic Priority,20260777,23,1,72.464,45.1645,0.0,0,0,62.5,1.5,0.4,0.15,0.1761
TLBO + Dynamic Priority,20260777,23,2,72.464,54.2225,0.0,0,0,62.5,1.5,0.4,0.15,0.1675
TLBO + Dynamic Priority,20260777,23,3,72.464,63.2805,0.0,0,0,62.5,1.5,0.4,0.15,0.1436
TLBO + Dynamic Priority,20260777,23,4,72.464,72.3384,72.1632,0,0,62.5,1.5,0.4,0.15,0.1348
TLBO + Dynamic Priority,20260777,23,5,72.464,72.376,72.2088,0,0,62.5,1.5,0.4,0.15,0.1007
TLBO + Dynamic Priority,20260777,23,6,72.464,72.4079,72.2356,0,0,62.5,1.5,0.4,0.15,0.087
TLBO + Dynamic Priority,20260777,23,7,72.464,72.4365,72.244,0,0,62.5,1.5,0.4,0.15,0.0726
TLBO + Dynamic Priority,20260777,23,8,72.464,72.464,72.464,0,0,62.5,1.5,0.4,0.15,0.0533
TLBO + Dynamic Priority,20260777,23,9,72.624,72.4993,72.464,0,0,62.5,1.5,0.4,0.15,0.0847
TLBO + Dynamic Priority,20260777,23,10,72.624,72.5567,72.464,0,0,62.5,1.5,0.4,0.15,0.1079
TLBO + Dynamic Priority,20260777,23,11,72.744,72.6174,72.464,0,0,62.5,1.5,0.4,0.15,0.1223
TLBO + Dynamic Priority,20260777,23,12,72.816,72.6995,72.62,0,0,62.5,1.5,0.4,0.15,0.1234
TLBO + Dynamic Priority,20260777,23,13,72.8928,72.7781,72.6656,0,0,63.75,1.5,0.4,0.15,0.1326
TLBO + Dynamic Priority,20260777,23,14,72.9324,72.8526,72.798,0,0,63.75,1.5,0.4,0.15,0.1376
TLBO + Dynamic Priority,20260777,23,15,72.9732,72.9021,72.816,0,0,63.75,1.5,0.4,0.15,0.1263
TLBO + Dynamic Priority,20260777,23,16,72.9972,72.9489,72.8364,0,0,63.75,1.5,0.4,0.15,0.1371
TLBO + Dynamic Priority,20260777,23,17,73.104,72.9986,72.9732,0,0,63.75,1.5,0.4,0.15,0.1197
TLBO + Dynamic Priority,20260777,23,18,73.104,73.0391,72.9732,0,0,63.75,1.5,0.4,0.15,0.1204
TLBO + Dynamic Priority,20260777,23,19,73.104,73.0554,72.9732,0,0,63.75,1.5,0.4,0.15,0.14
TLBO + Dynamic Priority,20260777,23,20,73.104,73.0795,72.9972,0,0,63.75,1.5,0.4,0.15,0.1089
TLBO + Dynamic Priority,20260777,23,21,73.104,73.104,73.104,0,0,63.75,1.5,0.4,0.15,0.0906
TLBO + Dynamic Priority,20260777,23,22,73.104,73.104,73.104,0,0,63.75,1.5,0.4,0.15,0.0795
TLBO + Dynamic Priority,20260777,23,23,73.104,73.104,73.104,0,0,63.75,1.5,0.4,0.15,0.0614
TLBO + Dynamic Priority,20260777,23,24,73.104,73.104,73.104,0,0,63.75,1.5,0.4,0.15,0.073
TLBO + Dynamic Priority,20260777,23,25,73.104,73.104,73.104,0,0,63.75,1.5,0.4,0.15,0.0681
TLBO + Dynamic Priority,20260777,23,26,73.104,73.104,73.104,0,0,63.75,1.5,0.4,0.15,0.0553
TLBO + Dynamic Priority,20260777,23,27,73.104,73.104,73.104,0,0,63.75,1.5,0.4,0.15,0.0452
TLBO + Dynamic Priority,20260777,23,28,73.104,73.104,73.104,0,0,63.75,1.5,0.4,0.15,0.0528
TLBO + Dynamic Priority,20260777,23,29,73.104,73.104,73.104,0,0,63.75,1.5,0.4,0.15,0.0529
TLBO + Dynamic Priority,20260777,23,30,73.104,73.104,73.104,0,0,63.75,1.5,0.4,0.15,0.0538
TLBO + Dynamic Priority,20260777,23,31,73.104,73.104,73.104,0,0,63.75,1.5,0.4,0.15,0.0518
TLBO + Dynamic Priority,20260777,23,32,73.104,73.104,73.104,0,0,63.75,1.5,0.4,0.15,0.0461
TLBO + Dynamic Priority,20260777,23,33,73.17,73.1123,73.104,0,0,65.0,1.5,0.4,0.15,0.0667
TLBO + Dynamic Priority,20260777,23,34,73.17,73.137,73.104,0,0,65.0,1.5,0.4,0.15,0.0873
TLBO + Dynamic Priority,20260777,23,35,73.2192,73.1514,73.104,0,0,65.0,1.5,0.4,0.15,0.1141
TLBO + Dynamic Priority,20260777,23,36,73.2192,73.174,73.104,0,0,65.0,1.5,0.4,0.15,0.0955
TLBO + Dynamic Priority,20260777,23,37,73.2192,73.2069,73.17,0,0,65.0,1.5,0.4,0.15,0.0906
TLBO + Dynamic Priority,20260777,23,38,73.2192,73.2192,73.2192,0,0,65.0,1.5,0.4,0.15,0.0459
TLBO + Dynamic Priority,20260777,23,39,73.2192,73.2192,73.2192,0,0,65.0,1.5,0.4,0.15,0.0607
TLBO + Dynamic Priority,20260777,23,40,73.2192,73.2192,73.2192,0,0,65.0,1.5,0.4,0.15,0.0567
TLBO + Dynamic Priority,20260777,23,41,73.2192,73.2192,73.2192,0,0,65.0,1.5,0.4,0.15,0.0481
TLBO + Dynamic Priority,20260777,23,42,73.2192,73.2192,73.2192,0,0,65.0,1.5,0.4,0.15,0.046
TLBO + Dynamic Priority,20260777,23,43,73.2192,73.2192,73.2192,0,0,65.0,1.5,0.4,0.15,0.054
TLBO + Dynamic Priority,20260777,23,44,73.2192,73.2192,73.2192,0,0,65.0,1.5,0.4,0.15,0.0462
TLBO + Dynamic Priority,20260777,23,45,73.2192,73.2192,73.2192,0,0,65.0,1.5,0.4,0.15,0.0568
TLBO + Dynamic Priority,20260777,23,46,73.2192,73.2192,73.2192,0,0,65.0,1.5,0.4,0.15,0.0538
TLBO + Dynamic Priority,20260777,23,47,73.2192,73.2192,73.2192,0,0,65.0,1.5,0.4,0.15,0.0417
TLBO + Dynamic Priority,20260777,23,48,73.2192,73.2192,73.2192,0,0,65.0,1.5,0.4,0.15,0.0449
TLBO + Dynamic Priority,20260777,23,49,73.2192,73.2192,73.2192,0,0,65.0,1.5,0.4,0.15,0.0473
TLBO + Dynamic Priority,20260777,23,50,73.2192,73.2192,73.2192,0,0,65.0,1.5,0.4,0.15,0.0519
TLBO + Dynamic Priority,20260778,24,1,72.81,62.8217,0.0,0,0,58.75,1.5,0.4,0.15,0.1911
TLBO + Dynamic Priority,20260778,24,2,72.81,71.923,70.6808,0,0,58.75,1.5,0.4,0.15,0.1603
TLBO + Dynamic Priority,20260778,24,3,72.81,72.2149,71.0184,0,0,58.75,1.5,0.4,0.15,0.1668
TLBO + Dynamic Priority,20260778,24,4,72.81,72.4389,71.51,0,0,58.75,1.5,0.4,0.15,0.1194
TLBO + Dynamic Priority,20260778,24,5,72.8884,72.6205,71.894,0,0,60.0,1.5,0.4,0.15,0.1238
TLBO + Dynamic Priority,20260778,24,6,73.186,72.8047,72.2376,0,0,58.75,1.5,0.4,0.15,0.1493
TLBO + Dynamic Priority,20260778,24,7,73.186,72.9233,72.6292,0,0,58.75,1.5,0.4,0.15,0.1344
TLBO + Dynamic Priority,20260778,24,8,73.186,73.0335,72.832,0,0,58.75,1.5,0.4,0.15,0.1334
TLBO + Dynamic Priority,20260778,24,9,73.186,73.1043,72.8884,0,0,58.75,1.5,0.4,0.15,0.0856
TLBO + Dynamic Priority,20260778,24,10,73.186,73.1689,73.0492,0,0,58.75,1.5,0.4,0.15,0.074
TLBO + Dynamic Priority,20260778,24,11,73.2352,73.1922,73.186,0,0,58.75,1.5,0.4,0.15,0.0733
TLBO + Dynamic Priority,20260778,24,12,73.2352,73.1983,73.186,0,0,58.75,1.5,0.4,0.15,0.0755
TLBO + Dynamic Priority,20260778,24,13,73.2352,73.2168,73.186,0,0,58.75,1.5,0.4,0.15,0.1073
TLBO + Dynamic Priority,20260778,24,14,73.2352,73.2229,73.186,0,0,58.75,1.5,0.4,0.15,0.0951
TLBO + Dynamic Priority,20260778,24,15,73.2352,73.2352,73.2352,0,0,58.75,1.5,0.4,0.15,0.0481
TLBO + Dynamic Priority,20260778,24,16,73.2352,73.2352,73.2352,0,0,58.75,1.5,0.4,0.15,0.0626
TLBO + Dynamic Priority,20260778,24,17,73.2352,73.2352,73.2352,0,0,58.75,1.5,0.4,0.15,0.0545
TLBO + Dynamic Priority,20260778,24,18,73.2352,73.2352,73.2352,0,0,58.75,1.5,0.4,0.15,0.0547
TLBO + Dynamic Priority,20260778,24,19,73.2352,73.2352,73.2352,0,0,58.75,1.5,0.4,0.15,0.0716
TLBO + Dynamic Priority,20260778,24,20,73.2352,73.2352,73.2352,0,0,58.75,1.5,0.4,0.15,0.0563
TLBO + Dynamic Priority,20260778,24,21,73.2352,73.2352,73.2352,0,0,58.75,1.5,0.4,0.15,0.0428
TLBO + Dynamic Priority,20260778,24,22,73.2352,73.2352,73.2352,0,0,58.75,1.5,0.4,0.15,0.0406
TLBO + Dynamic Priority,20260778,24,23,73.2352,73.2352,73.2352,0,0,58.75,1.5,0.4,0.15,0.0403
TLBO + Dynamic Priority,20260778,24,24,73.2352,73.2352,73.2352,0,0,58.75,1.5,0.4,0.15,0.0431
TLBO + Dynamic Priority,20260778,24,25,73.2352,73.2352,73.2352,0,0,58.75,1.5,0.4,0.15,0.0508
TLBO + Dynamic Priority,20260778,24,26,73.2352,73.2352,73.2352,0,0,58.75,1.5,0.4,0.15,0.0549
TLBO + Dynamic Priority,20260778,24,27,73.2352,73.2352,73.2352,0,0,58.75,1.5,0.4,0.15,0.0501
TLBO + Dynamic Priority,20260778,24,28,73.2352,73.2352,73.2352,0,0,58.75,1.5,0.4,0.15,0.0379
TLBO + Dynamic Priority,20260778,24,29,73.2352,73.2352,73.2352,0,0,58.75,1.5,0.4,0.15,0.0436
TLBO + Dynamic Priority,20260778,24,30,73.2352,73.2352,73.2352,0,0,58.75,1.5,0.4,0.15,0.0497
TLBO + Dynamic Priority,20260778,24,31,73.2352,73.2352,73.2352,0,0,58.75,1.5,0.4,0.15,0.0663
TLBO + Dynamic Priority,20260778,24,32,73.2352,73.2352,73.2352,0,0,58.75,1.5,0.4,0.15,0.0527
TLBO + Dynamic Priority,20260778,24,33,73.2352,73.2352,73.2352,0,0,58.75,1.5,0.4,0.15,0.0471
TLBO + Dynamic Priority,20260778,24,34,73.2352,73.2352,73.2352,0,0,58.75,1.5,0.4,0.15,0.0447
TLBO + Dynamic Priority,20260778,24,35,73.2352,73.2352,73.2352,0,0,58.75,1.5,0.4,0.15,0.0442
TLBO + Dynamic Priority,20260778,24,36,73.2352,73.2352,73.2352,0,0,58.75,1.5,0.4,0.15,0.0467
TLBO + Dynamic Priority,20260778,24,37,73.2352,73.2352,73.2352,0,0,58.75,1.5,0.4,0.15,0.0412
TLBO + Dynamic Priority,20260778,24,38,73.2352,73.2352,73.2352,0,0,58.75,1.5,0.4,0.15,0.0467
TLBO + Dynamic Priority,20260778,24,39,73.2352,73.2352,73.2352,0,0,58.75,1.5,0.4,0.15,0.0502
TLBO + Dynamic Priority,20260778,24,40,73.2352,73.2352,73.2352,0,0,58.75,1.5,0.4,0.15,0.0465
TLBO + Dynamic Priority,20260778,24,41,73.2352,73.2352,73.2352,0,0,58.75,1.5,0.4,0.15,0.0467
TLBO + Dynamic Priority,20260778,24,42,73.2352,73.2352,73.2352,0,0,58.75,1.5,0.4,0.15,0.0555
TLBO + Dynamic Priority,20260778,24,43,73.2352,73.2352,73.2352,0,0,58.75,1.5,0.4,0.15,0.0463
TLBO + Dynamic Priority,20260778,24,44,73.2352,73.2352,73.2352,0,0,58.75,1.5,0.4,0.15,0.0498
TLBO + Dynamic Priority,20260778,24,45,73.2352,73.2352,73.2352,0,0,58.75,1.5,0.4,0.15,0.063
TLBO + Dynamic Priority,20260778,24,46,73.2352,73.2352,73.2352,0,0,58.75,1.5,0.4,0.15,0.0608
TLBO + Dynamic Priority,20260778,24,47,73.2352,73.2352,73.2352,0,0,58.75,1.5,0.4,0.15,0.0653
TLBO + Dynamic Priority,20260778,24,48,73.2352,73.2352,73.2352,0,0,58.75,1.5,0.4,0.15,0.0519
TLBO + Dynamic Priority,20260778,24,49,73.2352,73.2352,73.2352,0,0,58.75,1.5,0.4,0.15,0.0427
TLBO + Dynamic Priority,20260778,24,50,73.2352,73.2352,73.2352,0,0,58.75,1.5,0.4,0.15,0.0512
TLBO + Dynamic Priority,20260779,25,1,72.456,36.0643,0.0,0,0,61.25,1.5,0.4,0.15,0.1887
TLBO + Dynamic Priority,20260779,25,2,72.456,45.1213,0.0,0,0,61.25,1.5,0.4,0.15,0.1642
TLBO + Dynamic Priority,20260779,25,3,72.456,54.1784,0.0,0,0,61.25,1.5,0.4,0.15,0.1546
TLBO + Dynamic Priority,20260779,25,4,72.456,63.2353,0.0,0,0,61.25,1.5,0.4,0.15,0.1227
TLBO + Dynamic Priority,20260779,25,5,72.456,72.3143,71.8848,0,0,61.25,1.5,0.4,0.15,0.1176
TLBO + Dynamic Priority,20260779,25,6,72.456,72.3856,71.99,0,0,61.25,1.5,0.4,0.15,0.0958
TLBO + Dynamic Priority,20260779,25,7,72.456,72.4439,72.3592,0,0,61.25,1.5,0.4,0.15,0.0659
TLBO + Dynamic Priority,20260779,25,8,72.456,72.456,72.456,0,0,61.25,1.5,0.4,0.15,0.0496
TLBO + Dynamic Priority,20260779,25,9,72.456,72.456,72.456,0,0,61.25,1.5,0.4,0.15,0.0531
TLBO + Dynamic Priority,20260779,25,10,72.654,72.5055,72.456,0,0,61.25,1.5,0.4,0.15,0.0659
TLBO + Dynamic Priority,20260779,25,11,72.684,72.6286,72.5388,0,0,60.0,1.5,0.4,0.15,0.0969
TLBO + Dynamic Priority,20260779,25,12,72.7152,72.6731,72.5952,0,0,61.25,1.5,0.4,0.15,0.1108
TLBO + Dynamic Priority,20260779,25,13,72.7152,72.6919,72.654,0,0,61.25,1.5,0.4,0.15,0.1219
TLBO + Dynamic Priority,20260779,25,14,72.81,72.7193,72.684,0,0,61.25,1.5,0.4,0.15,0.0744
TLBO + Dynamic Priority,20260779,25,15,72.81,72.7502,72.684,0,0,61.25,1.5,0.4,0.15,0.0732
TLBO + Dynamic Priority,20260779,25,16,72.81,72.766,72.7152,0,0,61.25,1.5,0.4,0.15,0.0961
TLBO + Dynamic Priority,20260779,25,17,72.81,72.8059,72.7776,0,0,61.25,1.5,0.4,0.15,0.072
TLBO + Dynamic Priority,20260779,25,18,72.81,72.81,72.81,0,0,61.25,1.5,0.4,0.15,0.0569
TLBO + Dynamic Priority,20260779,25,19,72.81,72.81,72.81,0,0,61.25,1.5,0.4,0.15,0.0439
TLBO + Dynamic Priority,20260779,25,20,72.81,72.81,72.81,0,0,61.25,1.5,0.4,0.15,0.0429
TLBO + Dynamic Priority,20260779,25,21,72.81,72.81,72.81,0,0,61.25,1.5,0.4,0.15,0.051
TLBO + Dynamic Priority,20260779,25,22,72.81,72.81,72.81,0,0,61.25,1.5,0.4,0.15,0.0424
TLBO + Dynamic Priority,20260779,25,23,72.81,72.81,72.81,0,0,61.25,1.5,0.4,0.15,0.0516
TLBO + Dynamic Priority,20260779,25,24,72.918,72.837,72.81,0,0,60.0,1.5,0.4,0.15,0.0549
TLBO + Dynamic Priority,20260779,25,25,72.918,72.8509,72.81,0,0,60.0,1.5,0.4,0.15,0.1047
TLBO + Dynamic Priority,20260779,25,26,72.918,72.8757,72.81,0,0,60.0,1.5,0.4,0.15,0.0889
TLBO + Dynamic Priority,20260779,25,27,72.918,72.8934,72.8136,0,0,60.0,1.5,0.4,0.15,0.0955
TLBO + Dynamic Priority,20260779,25,28,72.918,72.9065,72.8436,0,0,60.0,1.5,0.4,0.15,0.0853
TLBO + Dynamic Priority,20260779,25,29,72.918,72.9158,72.9,0,0,60.0,1.5,0.4,0.15,0.0753
TLBO + Dynamic Priority,20260779,25,30,73.0924,72.9398,72.918,0,0,58.75,1.5,0.4,0.15,0.0626
TLBO + Dynamic Priority,20260779,25,31,73.1332,73.0174,72.918,0,0,58.75,1.5,0.4,0.15,0.1124
TLBO + Dynamic Priority,20260779,25,32,73.2196,73.1121,72.94,0,0,58.75,1.5,0.4,0.15,0.1419
TLBO + Dynamic Priority,20260779,25,33,73.2196,73.1471,73.0704,0,0,58.75,1.5,0.4,0.15,0.1472
TLBO + Dynamic Priority,20260779,25,34,73.2196,73.1713,73.0924,0,0,58.75,1.5,0.4,0.15,0.1077
TLBO + Dynamic Priority,20260779,25,35,73.2196,73.1925,73.1332,0,0,58.75,1.5,0.4,0.15,0.1104
TLBO + Dynamic Priority,20260779,25,36,73.2196,73.2032,73.1332,0,0,58.75,1.5,0.4,0.15,0.0811
TLBO + Dynamic Priority,20260779,25,37,73.2196,73.2196,73.2196,0,0,58.75,1.5,0.4,0.15,0.0961
TLBO + Dynamic Priority,20260779,25,38,73.2196,73.2196,73.2196,0,0,58.75,1.5,0.4,0.15,0.0791
TLBO + Dynamic Priority,20260779,25,39,73.2196,73.2196,73.2196,0,0,58.75,1.5,0.4,0.15,0.075
TLBO + Dynamic Priority,20260779,25,40,73.2196,73.2196,73.2196,0,0,58.75,1.5,0.4,0.15,0.0702
TLBO + Dynamic Priority,20260779,25,41,73.2196,73.2196,73.2196,0,0,58.75,1.5,0.4,0.15,0.0776
TLBO + Dynamic Priority,20260779,25,42,73.2196,73.2196,73.2196,0,0,58.75,1.5,0.4,0.15,0.0734
TLBO + Dynamic Priority,20260779,25,43,73.2196,73.2196,73.2196,0,0,58.75,1.5,0.4,0.15,0.0824
TLBO + Dynamic Priority,20260779,25,44,73.2196,73.2196,73.2196,0,0,58.75,1.5,0.4,0.15,0.0891
TLBO + Dynamic Priority,20260779,25,45,73.2196,73.2196,73.2196,0,0,58.75,1.5,0.4,0.15,0.0716
TLBO + Dynamic Priority,20260779,25,46,73.264,73.2251,73.2196,0,0,58.75,1.5,0.4,0.15,0.1078
TLBO + Dynamic Priority,20260779,25,47,73.312,73.2478,73.2196,0,0,58.75,1.5,0.4,0.15,0.103
TLBO + Dynamic Priority,20260779,25,48,73.312,73.2593,73.2196,0,0,58.75,1.5,0.4,0.15,0.1274
TLBO + Dynamic Priority,20260779,25,49,73.312,73.288,73.264,0,0,58.75,1.5,0.4,0.15,0.1143
TLBO + Dynamic Priority,20260779,25,50,73.312,73.294,73.264,0,0,58.75,1.5,0.4,0.15,0.1114
TLBO + Dynamic Priority,20260780,26,1,72.64,72.2327,71.8848,0,0,61.25,1.5,0.4,0.15,0.173
TLBO + Dynamic Priority,20260780,26,2,72.64,72.3272,71.9752,0,0,61.25,1.5,0.4,0.15,0.1536
TLBO + Dynamic Priority,20260780,26,3,72.64,72.4103,71.978,0,0,61.25,1.5,0.4,0.15,0.1571
TLBO + Dynamic Priority,20260780,26,4,72.64,72.493,72.0952,0,0,61.25,1.5,0.4,0.15,0.117
TLBO + Dynamic Priority,20260780,26,5,72.64,72.5611,72.1044,0,0,61.25,1.5,0.4,0.15,0.138
TLBO + Dynamic Priority,20260780,26,6,72.7292,72.6392,72.5632,0,0,61.25,1.5,0.4,0.15,0.1075
TLBO + Dynamic Priority,20260780,26,7,72.7292,72.6669,72.6212,0,0,61.25,1.5,0.4,0.15,0.1269
TLBO + Dynamic Priority,20260780,26,8,72.7292,72.7176,72.6916,0,0,61.25,1.5,0.4,0.15,0.0948
TLBO + Dynamic Priority,20260780,26,9,72.7292,72.725,72.6956,0,0,61.25,1.5,0.4,0.15,0.0623
TLBO + Dynamic Priority,20260780,26,10,72.7292,72.7292,72.7292,0,0,61.25,1.5,0.4,0.15,0.0567
TLBO + Dynamic Priority,20260780,26,11,72.802,72.7429,72.7292,0,0,62.5,1.5,0.4,0.15,0.0742
TLBO + Dynamic Priority,20260780,26,12,72.802,72.752,72.7292,0,0,62.5,1.5,0.4,0.15,0.1082
TLBO + Dynamic Priority,20260780,26,13,72.8884,72.781,72.7292,0,0,62.5,1.5,0.4,0.15,0.1254
TLBO + Dynamic Priority,20260780,26,14,72.8884,72.8025,72.7292,0,0,62.5,1.5,0.4,0.15,0.13
TLBO + Dynamic Priority,20260780,26,15,72.9664,72.8658,72.802,0,0,62.5,1.5,0.4,0.15,0.1163
TLBO + Dynamic Priority,20260780,26,16,73.0492,72.9197,72.802,0,0,62.5,1.5,0.4,0.15,0.1179
TLBO + Dynamic Priority,20260780,26,17,73.0492,72.9757,72.8884,0,0,62.5,1.5,0.4,0.15,0.1185
TLBO + Dynamic Priority,20260780,26,18,73.0936,73.0215,72.9484,0,0,62.5,1.5,0.4,0.15,0.0869
TLBO + Dynamic Priority,20260780,26,19,73.13,73.0497,72.9664,0,0,63.75,1.5,0.4,0.15,0.1052
TLBO + Dynamic Priority,20260780,26,20,73.13,73.0701,72.9664,0,0,63.75,1.5,0.4,0.15,0.1218
TLBO + Dynamic Priority,20260780,26,21,73.13,73.0961,73.0492,0,0,63.75,1.5,0.4,0.15,0.0982
TLBO + Dynamic Priority,20260780,26,22,73.13,73.1118,73.0936,0,0,63.75,1.5,0.4,0.15,0.0902
TLBO + Dynamic Priority,20260780,26,23,73.13,73.1163,73.0936,0,0,63.75,1.5,0.4,0.15,0.102
TLBO + Dynamic Priority,20260780,26,24,73.13,73.1209,73.0936,0,0,63.75,1.5,0.4,0.15,0.0716
TLBO + Dynamic Priority,20260780,26,25,73.13,73.1255,73.0936,0,0,63.75,1.5,0.4,0.15,0.0823
TLBO + Dynamic Priority,20260780,26,26,73.13,73.13,73.13,0,0,63.75,1.5,0.4,0.15,0.0452
TLBO + Dynamic Priority,20260780,26,27,73.13,73.13,73.13,0,0,63.75,1.5,0.4,0.15,0.0488
TLBO + Dynamic Priority,20260780,26,28,73.134,73.1305,73.13,0,0,63.75,1.5,0.4,0.15,0.0693
TLBO + Dynamic Priority,20260780,26,29,73.134,73.1315,73.13,0,0,63.75,1.5,0.4,0.15,0.0865
TLBO + Dynamic Priority,20260780,26,30,73.182,73.1472,73.13,0,0,63.75,1.5,0.4,0.15,0.1023
TLBO + Dynamic Priority,20260780,26,31,73.2492,73.1877,73.164,0,0,63.75,1.5,0.4,0.15,0.115
TLBO + Dynamic Priority,20260780,26,32,73.2492,73.209,73.178,0,0,63.75,1.5,0.4,0.15,0.125
TLBO + Dynamic Priority,20260780,26,33,73.2492,73.2201,73.182,0,0,63.75,1.5,0.4,0.15,0.1075
TLBO + Dynamic Priority,20260780,26,34,73.2492,73.2347,73.182,0,0,63.75,1.5,0.4,0.15,0.0962
TLBO + Dynamic Priority,20260780,26,35,73.2492,73.2492,73.2492,0,0,63.75,1.5,0.4,0.15,0.0677
TLBO + Dynamic Priority,20260780,26,36,73.2492,73.2492,73.2492,0,0,63.75,1.5,0.4,0.15,0.0608
TLBO + Dynamic Priority,20260780,26,37,73.2492,73.2492,73.2492,0,0,63.75,1.5,0.4,0.15,0.056
TLBO + Dynamic Priority,20260780,26,38,73.2492,73.2492,73.2492,0,0,63.75,1.5,0.4,0.15,0.0609
TLBO + Dynamic Priority,20260780,26,39,73.2492,73.2492,73.2492,0,0,63.75,1.5,0.4,0.15,0.0472
TLBO + Dynamic Priority,20260780,26,40,73.2492,73.2492,73.2492,0,0,63.75,1.5,0.4,0.15,0.0529
TLBO + Dynamic Priority,20260780,26,41,73.2492,73.2492,73.2492,0,0,63.75,1.5,0.4,0.15,0.071
TLBO + Dynamic Priority,20260780,26,42,73.2492,73.2492,73.2492,0,0,63.75,1.5,0.4,0.15,0.0579
TLBO + Dynamic Priority,20260780,26,43,73.2492,73.2492,73.2492,0,0,63.75,1.5,0.4,0.15,0.0579
TLBO + Dynamic Priority,20260780,26,44,73.2492,73.2492,73.2492,0,0,63.75,1.5,0.4,0.15,0.0549
TLBO + Dynamic Priority,20260780,26,45,73.2492,73.2492,73.2492,0,0,63.75,1.5,0.4,0.15,0.0549
TLBO + Dynamic Priority,20260780,26,46,73.2492,73.2492,73.2492,0,0,63.75,1.5,0.4,0.15,0.0759
TLBO + Dynamic Priority,20260780,26,47,73.2492,73.2492,73.2492,0,0,63.75,1.5,0.4,0.15,0.0636
TLBO + Dynamic Priority,20260780,26,48,73.2492,73.2492,73.2492,0,0,63.75,1.5,0.4,0.15,0.0624
TLBO + Dynamic Priority,20260780,26,49,73.2492,73.2492,73.2492,0,0,63.75,1.5,0.4,0.15,0.0637
TLBO + Dynamic Priority,20260780,26,50,73.2492,73.2492,73.2492,0,0,63.75,1.5,0.4,0.15,0.0595
TLBO + Dynamic Priority,20260781,27,1,72.908,27.1442,0.0,0,0,61.25,1.5,0.4,0.15,0.1823
TLBO + Dynamic Priority,20260781,27,2,72.908,45.3585,0.0,0,0,61.25,1.5,0.4,0.15,0.1683
TLBO + Dynamic Priority,20260781,27,3,72.908,54.472,0.0,0,0,61.25,1.5,0.4,0.15,0.135
TLBO + Dynamic Priority,20260781,27,4,72.908,63.5855,0.0,0,0,61.25,1.5,0.4,0.15,0.115
TLBO + Dynamic Priority,20260781,27,5,72.908,72.699,71.678,0,0,61.25,1.5,0.4,0.15,0.0996
TLBO + Dynamic Priority,20260781,27,6,72.908,72.8528,72.568,0,0,61.25,1.5,0.4,0.15,0.1022
TLBO + Dynamic Priority,20260781,27,7,72.962,72.902,72.806,0,0,61.25,1.5,0.4,0.15,0.0865
TLBO + Dynamic Priority,20260781,27,8,73.25,72.978,72.908,0,0,61.25,1.5,0.4,0.15,0.0918
TLBO + Dynamic Priority,20260781,27,9,73.25,73.087,72.908,0,0,61.25,1.5,0.4,0.15,0.1115
TLBO + Dynamic Priority,20260781,27,10,73.25,73.1352,72.908,0,0,61.25,1.5,0.4,0.15,0.1051
TLBO + Dynamic Priority,20260781,27,11,73.25,73.1828,72.962,0,0,61.25,1.5,0.4,0.15,0.0884
TLBO + Dynamic Priority,20260781,27,12,73.25,73.25,73.25,0,0,61.25,1.5,0.4,0.15,0.0589
TLBO + Dynamic Priority,20260781,27,13,73.25,73.25,73.25,0,0,61.25,1.5,0.4,0.15,0.073
TLBO + Dynamic Priority,20260781,27,14,73.25,73.25,73.25,0,0,61.25,1.5,0.4,0.15,0.0531
TLBO + Dynamic Priority,20260781,27,15,73.25,73.25,73.25,0,0,61.25,1.5,0.4,0.15,0.0592
TLBO + Dynamic Priority,20260781,27,16,73.25,73.25,73.25,0,0,61.25,1.5,0.4,0.15,0.0549
TLBO + Dynamic Priority,20260781,27,17,73.298,73.256,73.25,0,0,61.25,1.5,0.4,0.15,0.0562
TLBO + Dynamic Priority,20260781,27,18,73.298,73.274,73.25,0,0,61.25,1.5,0.4,0.15,0.07
TLBO + Dynamic Priority,20260781,27,19,73.298,73.286,73.25,0,0,61.25,1.5,0.4,0.15,0.0549
TLBO + Dynamic Priority,20260781,27,20,73.298,73.292,73.25,0,0,61.25,1.5,0.4,0.15,0.0784
TLBO + Dynamic Priority,20260781,27,21,73.298,73.298,73.298,0,0,61.25,1.5,0.4,0.15,0.0694
TLBO + Dynamic Priority,20260781,27,22,73.298,73.298,73.298,0,0,61.25,1.5,0.4,0.15,0.0479
TLBO + Dynamic Priority,20260781,27,23,73.298,73.298,73.298,0,0,61.25,1.5,0.4,0.15,0.0413
TLBO + Dynamic Priority,20260781,27,24,73.298,73.298,73.298,0,0,61.25,1.5,0.4,0.15,0.0703
TLBO + Dynamic Priority,20260781,27,25,73.298,73.298,73.298,0,0,61.25,1.5,0.4,0.15,0.0702
TLBO + Dynamic Priority,20260781,27,26,73.304,73.2987,73.298,0,0,60.0,1.5,0.4,0.15,0.0562
TLBO + Dynamic Priority,20260781,27,27,73.326,73.303,73.298,0,0,60.0,1.5,0.4,0.15,0.0855
TLBO + Dynamic Priority,20260781,27,28,73.3752,73.3293,73.304,0,0,58.75,1.5,0.4,0.15,0.1092
TLBO + Dynamic Priority,20260781,27,29,73.3752,73.3409,73.326,0,0,58.75,1.5,0.4,0.15,0.1285
TLBO + Dynamic Priority,20260781,27,30,73.3752,73.3471,73.326,0,0,58.75,1.5,0.4,0.15,0.1235
TLBO + Dynamic Priority,20260781,27,31,73.3752,73.3533,73.326,0,0,58.75,1.5,0.4,0.15,0.1062
TLBO + Dynamic Priority,20260781,27,32,73.3752,73.3655,73.326,0,0,58.75,1.5,0.4,0.15,0.1075
TLBO + Dynamic Priority,20260781,27,33,73.3752,73.3752,73.3752,0,0,58.75,1.5,0.4,0.15,0.0712
TLBO + Dynamic Priority,20260781,27,34,73.3752,73.3752,73.3752,0,0,58.75,1.5,0.4,0.15,0.0632
TLBO + Dynamic Priority,20260781,27,35,73.3752,73.3752,73.3752,0,0,58.75,1.5,0.4,0.15,0.0566
TLBO + Dynamic Priority,20260781,27,36,73.3752,73.3752,73.3752,0,0,58.75,1.5,0.4,0.15,0.0576
TLBO + Dynamic Priority,20260781,27,37,73.3752,73.3752,73.3752,0,0,58.75,1.5,0.4,0.15,0.0827
TLBO + Dynamic Priority,20260781,27,38,73.3752,73.3752,73.3752,0,0,58.75,1.5,0.4,0.15,0.0697
TLBO + Dynamic Priority,20260781,27,39,73.3752,73.3752,73.3752,0,0,58.75,1.5,0.4,0.15,0.0776
TLBO + Dynamic Priority,20260781,27,40,73.3752,73.3752,73.3752,0,0,58.75,1.5,0.4,0.15,0.0691
TLBO + Dynamic Priority,20260781,27,41,73.3752,73.3752,73.3752,0,0,58.75,1.5,0.4,0.15,0.0474
TLBO + Dynamic Priority,20260781,27,42,73.3752,73.3752,73.3752,0,0,58.75,1.5,0.4,0.15,0.063
TLBO + Dynamic Priority,20260781,27,43,73.3752,73.3752,73.3752,0,0,58.75,1.5,0.4,0.15,0.0591
TLBO + Dynamic Priority,20260781,27,44,73.3752,73.3752,73.3752,0,0,58.75,1.5,0.4,0.15,0.0551
TLBO + Dynamic Priority,20260781,27,45,73.3752,73.3752,73.3752,0,0,58.75,1.5,0.4,0.15,0.0536
TLBO + Dynamic Priority,20260781,27,46,73.3752,73.3752,73.3752,0,0,58.75,1.5,0.4,0.15,0.0534
TLBO + Dynamic Priority,20260781,27,47,73.3752,73.3752,73.3752,0,0,58.75,1.5,0.4,0.15,0.0669
TLBO + Dynamic Priority,20260781,27,48,73.3752,73.3752,73.3752,0,0,58.75,1.5,0.4,0.15,0.0495
TLBO + Dynamic Priority,20260781,27,49,73.3752,73.3752,73.3752,0,0,58.75,1.5,0.4,0.15,0.0585
TLBO + Dynamic Priority,20260781,27,50,73.3752,73.3752,73.3752,0,0,58.75,1.5,0.4,0.15,0.0631
TLBO + Dynamic Priority,20260782,28,1,72.7132,36.1605,0.0,0,0,62.5,1.5,0.4,0.15,0.1755
TLBO + Dynamic Priority,20260782,28,2,72.7132,45.2497,0.0,0,0,62.5,1.5,0.4,0.15,0.1608
TLBO + Dynamic Priority,20260782,28,3,72.7132,54.3388,0.0,0,0,62.5,1.5,0.4,0.15,0.1532
TLBO + Dynamic Priority,20260782,28,4,72.7132,63.4446,0.0,0,0,62.5,1.5,0.4,0.15,0.1302
TLBO + Dynamic Priority,20260782,28,5,72.7132,72.5337,71.8808,0,0,62.5,1.5,0.4,0.15,0.0866
TLBO + Dynamic Priority,20260782,28,6,72.8196,72.6511,72.296,0,0,62.5,1.5,0.4,0.15,0.1037
TLBO + Dynamic Priority,20260782,28,7,72.8196,72.7204,72.5272,0,0,62.5,1.5,0.4,0.15,0.1087
TLBO + Dynamic Priority,20260782,28,8,72.8572,72.8013,72.7132,0,0,63.75,1.5,0.4,0.15,0.1191
TLBO + Dynamic Priority,20260782,28,9,72.8572,72.829,72.8196,0,0,63.75,1.5,0.4,0.15,0.1124
TLBO + Dynamic Priority,20260782,28,10,72.8572,72.8337,72.8196,0,0,63.75,1.5,0.4,0.15,0.1121
TLBO + Dynamic Priority,20260782,28,11,72.8572,72.8384,72.8196,0,0,63.75,1.5,0.4,0.15,0.1245
TLBO + Dynamic Priority,20260782,28,12,72.946,72.8589,72.8196,0,0,65.0,1.5,0.4,0.15,0.1
TLBO + Dynamic Priority,20260782,28,13,73.252,72.924,72.8196,0,0,63.75,1.5,0.4,0.15,0.1192
TLBO + Dynamic Priority,20260782,28,14,73.252,73.0423,72.8572,0,0,63.75,1.5,0.4,0.15,0.1206
TLBO + Dynamic Priority,20260782,28,15,73.252,73.1513,72.946,0,0,63.75,1.5,0.4,0.15,0.1352
TLBO + Dynamic Priority,20260782,28,16,73.252,73.2104,73.1212,0,0,63.75,1.5,0.4,0.15,0.1171
TLBO + Dynamic Priority,20260782,28,17,73.252,73.2268,73.1212,0,0,63.75,1.5,0.4,0.15,0.1047
TLBO + Dynamic Priority,20260782,28,18,73.252,73.2431,73.2076,0,0,63.75,1.5,0.4,0.15,0.0649
TLBO + Dynamic Priority,20260782,28,19,73.252,73.2487,73.2256,0,0,63.75,1.5,0.4,0.15,0.0547
TLBO + Dynamic Priority,20260782,28,20,73.252,73.252,73.252,0,0,63.75,1.5,0.4,0.15,0.0532
TLBO + Dynamic Priority,20260782,28,21,73.252,73.252,73.252,0,0,63.75,1.5,0.4,0.15,0.0572
TLBO + Dynamic Priority,20260782,28,22,73.252,73.252,73.252,0,0,63.75,1.5,0.4,0.15,0.0578
TLBO + Dynamic Priority,20260782,28,23,73.252,73.252,73.252,0,0,63.75,1.5,0.4,0.15,0.0612
TLBO + Dynamic Priority,20260782,28,24,73.252,73.252,73.252,0,0,63.75,1.5,0.4,0.15,0.0592
TLBO + Dynamic Priority,20260782,28,25,73.252,73.252,73.252,0,0,63.75,1.5,0.4,0.15,0.0626
TLBO + Dynamic Priority,20260782,28,26,73.252,73.252,73.252,0,0,63.75,1.5,0.4,0.15,0.0703
TLBO + Dynamic Priority,20260782,28,27,73.3,73.258,73.252,0,0,63.75,1.5,0.4,0.15,0.0904
TLBO + Dynamic Priority,20260782,28,28,73.3,73.264,73.252,0,0,63.75,1.5,0.4,0.15,0.1061
TLBO + Dynamic Priority,20260782,28,29,73.3,73.282,73.252,0,0,63.75,1.5,0.4,0.15,0.1195
TLBO + Dynamic Priority,20260782,28,30,73.3,73.3,73.3,0,0,63.75,1.5,0.4,0.15,0.0756
TLBO + Dynamic Priority,20260782,28,31,73.3,73.3,73.3,0,0,63.75,1.5,0.4,0.15,0.0662
TLBO + Dynamic Priority,20260782,28,32,73.3,73.3,73.3,0,0,63.75,1.5,0.4,0.15,0.0691
TLBO + Dynamic Priority,20260782,28,33,73.3,73.3,73.3,0,0,63.75,1.5,0.4,0.15,0.0612
TLBO + Dynamic Priority,20260782,28,34,73.3,73.3,73.3,0,0,63.75,1.5,0.4,0.15,0.0705
TLBO + Dynamic Priority,20260782,28,35,73.3,73.3,73.3,0,0,63.75,1.5,0.4,0.15,0.0628
TLBO + Dynamic Priority,20260782,28,36,73.3,73.3,73.3,0,0,63.75,1.5,0.4,0.15,0.0614
TLBO + Dynamic Priority,20260782,28,37,73.3,73.3,73.3,0,0,63.75,1.5,0.4,0.15,0.0594
TLBO + Dynamic Priority,20260782,28,38,73.3,73.3,73.3,0,0,63.75,1.5,0.4,0.15,0.0668
TLBO + Dynamic Priority,20260782,28,39,73.3,73.3,73.3,0,0,63.75,1.5,0.4,0.15,0.0625
TLBO + Dynamic Priority,20260782,28,40,73.3,73.3,73.3,0,0,63.75,1.5,0.4,0.15,0.0629
TLBO + Dynamic Priority,20260782,28,41,73.3,73.3,73.3,0,0,63.75,1.5,0.4,0.15,0.0682
TLBO + Dynamic Priority,20260782,28,42,73.3,73.3,73.3,0,0,63.75,1.5,0.4,0.15,0.0724
TLBO + Dynamic Priority,20260782,28,43,73.3,73.3,73.3,0,0,63.75,1.5,0.4,0.15,0.0601
TLBO + Dynamic Priority,20260782,28,44,73.3,73.3,73.3,0,0,63.75,1.5,0.4,0.15,0.0684
TLBO + Dynamic Priority,20260782,28,45,73.3492,73.3062,73.3,0,0,62.5,1.5,0.4,0.15,0.0624
TLBO + Dynamic Priority,20260782,28,46,73.3492,73.3268,73.3,0,0,62.5,1.5,0.4,0.15,0.118
TLBO + Dynamic Priority,20260782,28,47,73.3492,73.3391,73.3,0,0,62.5,1.5,0.4,0.15,0.1279
TLBO + Dynamic Priority,20260782,28,48,73.402,73.3624,73.3492,0,0,62.5,1.5,0.4,0.15,0.0963
TLBO + Dynamic Priority,20260782,28,49,73.402,73.3865,73.3492,0,0,62.5,1.5,0.4,0.15,0.0972
TLBO + Dynamic Priority,20260782,28,50,73.402,73.3997,73.384,0,0,62.5,1.5,0.4,0.15,0.115
TLBO + Dynamic Priority,20260783,29,1,72.6384,54.2334,0.0,0,0,58.75,1.5,0.4,0.15,0.1594
TLBO + Dynamic Priority,20260783,29,2,72.6384,72.3267,71.7768,0,0,58.75,1.5,0.4,0.15,0.1415
TLBO + Dynamic Priority,20260783,29,3,72.6384,72.4344,72.108,0,0,58.75,1.5,0.4,0.15,0.1422
TLBO + Dynamic Priority,20260783,29,4,72.6384,72.5007,72.1448,0,0,58.75,1.5,0.4,0.15,0.1327
TLBO + Dynamic Priority,20260783,29,5,72.6384,72.5624,72.398,0,0,58.75,1.5,0.4,0.15,0.0978
TLBO + Dynamic Priority,20260783,29,6,72.7512,72.6065,72.4212,0,0,57.5,1.5,0.4,0.15,0.1058
TLBO + Dynamic Priority,20260783,29,7,72.7512,72.6493,72.488,0,0,57.5,1.5,0.4,0.15,0.1104
TLBO + Dynamic Priority,20260783,29,8,72.7512,72.6943,72.6384,0,0,57.5,1.5,0.4,0.15,0.1025
TLBO + Dynamic Priority,20260783,29,9,73.172,72.7981,72.6384,0,0,56.25,1.5,0.4,0.15,0.1072
TLBO + Dynamic Priority,20260783,29,10,73.172,72.8648,72.6384,0,0,56.25,1.5,0.4,0.15,0.1353
TLBO + Dynamic Priority,20260783,29,11,73.172,72.9314,72.7472,0,0,56.25,1.5,0.4,0.15,0.129
TLBO + Dynamic Priority,20260783,29,12,73.172,72.9934,72.7512,0,0,56.25,1.5,0.4,0.15,0.1099
TLBO + Dynamic Priority,20260783,29,13,73.172,73.046,72.7512,0,0,56.25,1.5,0.4,0.15,0.1334
TLBO + Dynamic Priority,20260783,29,14,73.172,73.0986,72.822,0,0,56.25,1.5,0.4,0.15,0.0936
TLBO + Dynamic Priority,20260783,29,15,73.172,73.1423,72.9348,0,0,56.25,1.5,0.4,0.15,0.0808
TLBO + Dynamic Priority,20260783,29,16,73.172,73.172,73.172,0,0,56.25,1.5,0.4,0.15,0.0492
TLBO + Dynamic Priority,20260783,29,17,73.172,73.172,73.172,0,0,56.25,1.5,0.4,0.15,0.0432
TLBO + Dynamic Priority,20260783,29,18,73.172,73.172,73.172,0,0,56.25,1.5,0.4,0.15,0.0467
TLBO + Dynamic Priority,20260783,29,19,73.172,73.172,73.172,0,0,56.25,1.5,0.4,0.15,0.0542
TLBO + Dynamic Priority,20260783,29,20,73.172,73.172,73.172,0,0,56.25,1.5,0.4,0.15,0.0378
TLBO + Dynamic Priority,20260783,29,21,73.172,73.172,73.172,0,0,56.25,1.5,0.4,0.15,0.06
TLBO + Dynamic Priority,20260783,29,22,73.172,73.172,73.172,0,0,56.25,1.5,0.4,0.15,0.0374
TLBO + Dynamic Priority,20260783,29,23,73.172,73.172,73.172,0,0,56.25,1.5,0.4,0.15,0.0457
TLBO + Dynamic Priority,20260783,29,24,73.172,73.172,73.172,0,0,56.25,1.5,0.4,0.15,0.0419
TLBO + Dynamic Priority,20260783,29,25,73.172,73.172,73.172,0,0,56.25,1.5,0.4,0.15,0.0456
TLBO + Dynamic Priority,20260783,29,26,73.172,73.172,73.172,0,0,56.25,1.5,0.4,0.15,0.0628
TLBO + Dynamic Priority,20260783,29,27,73.172,73.172,73.172,0,0,56.25,1.5,0.4,0.15,0.0461
TLBO + Dynamic Priority,20260783,29,28,73.172,73.172,73.172,0,0,56.25,1.5,0.4,0.15,0.0416
TLBO + Dynamic Priority,20260783,29,29,73.172,73.172,73.172,0,0,56.25,1.5,0.4,0.15,0.0635
TLBO + Dynamic Priority,20260783,29,30,73.172,73.172,73.172,0,0,56.25,1.5,0.4,0.15,0.0547
TLBO + Dynamic Priority,20260783,29,31,73.172,73.172,73.172,0,0,56.25,1.5,0.4,0.15,0.0501
TLBO + Dynamic Priority,20260783,29,32,73.172,73.172,73.172,0,0,56.25,1.5,0.4,0.15,0.0419
TLBO + Dynamic Priority,20260783,29,33,73.172,73.172,73.172,0,0,56.25,1.5,0.4,0.15,0.0412
TLBO + Dynamic Priority,20260783,29,34,73.172,73.172,73.172,0,0,56.25,1.5,0.4,0.15,0.0531
TLBO + Dynamic Priority,20260783,29,35,73.172,73.172,73.172,0,0,56.25,1.5,0.4,0.15,0.0401
TLBO + Dynamic Priority,20260783,29,36,73.172,73.172,73.172,0,0,56.25,1.5,0.4,0.15,0.0447
TLBO + Dynamic Priority,20260783,29,37,73.172,73.172,73.172,0,0,56.25,1.5,0.4,0.15,0.0521
TLBO + Dynamic Priority,20260783,29,38,73.172,73.172,73.172,0,0,56.25,1.5,0.4,0.15,0.0381
TLBO + Dynamic Priority,20260783,29,39,73.172,73.172,73.172,0,0,56.25,1.5,0.4,0.15,0.042
TLBO + Dynamic Priority,20260783,29,40,73.172,73.172,73.172,0,0,56.25,1.5,0.4,0.15,0.0625
TLBO + Dynamic Priority,20260783,29,41,73.172,73.172,73.172,0,0,56.25,1.5,0.4,0.15,0.0433
TLBO + Dynamic Priority,20260783,29,42,73.172,73.172,73.172,0,0,56.25,1.5,0.4,0.15,0.0451
TLBO + Dynamic Priority,20260783,29,43,73.172,73.172,73.172,0,0,56.25,1.5,0.4,0.15,0.0581
TLBO + Dynamic Priority,20260783,29,44,73.172,73.172,73.172,0,0,56.25,1.5,0.4,0.15,0.046
TLBO + Dynamic Priority,20260783,29,45,73.172,73.172,73.172,0,0,56.25,1.5,0.4,0.15,0.047
TLBO + Dynamic Priority,20260783,29,46,73.172,73.172,73.172,0,0,56.25,1.5,0.4,0.15,0.0439
TLBO + Dynamic Priority,20260783,29,47,73.172,73.172,73.172,0,0,56.25,1.5,0.4,0.15,0.0544
TLBO + Dynamic Priority,20260783,29,48,73.172,73.172,73.172,0,0,56.25,1.5,0.4,0.15,0.0732
TLBO + Dynamic Priority,20260783,29,49,73.172,73.172,73.172,0,0,56.25,1.5,0.4,0.15,0.0694
TLBO + Dynamic Priority,20260783,29,50,73.172,73.172,73.172,0,0,56.25,1.5,0.4,0.15,0.0571
TLBO + Dynamic Priority,20260784,30,1,72.602,45.0521,0.0,0,0,60.0,1.5,0.4,0.15,0.1672
TLBO + Dynamic Priority,20260784,30,2,72.602,54.1273,0.0,0,0,60.0,1.5,0.4,0.15,0.1585
TLBO + Dynamic Priority,20260784,30,3,72.602,63.2169,0.0,0,0,60.0,1.5,0.4,0.15,0.1606
TLBO + Dynamic Priority,20260784,30,4,72.602,72.2922,71.2772,0,0,60.0,1.5,0.4,0.15,0.1287
TLBO + Dynamic Priority,20260784,30,5,72.602,72.4578,71.9144,0,0,60.0,1.5,0.4,0.15,0.1279
TLBO + Dynamic Priority,20260784,30,6,72.614,72.5452,72.3436,0,0,58.75,1.5,0.4,0.15,0.1055
TLBO + Dynamic Priority,20260784,30,7,72.7504,72.6181,72.394,0,0,58.75,1.5,0.4,0.15,0.1202
TLBO + Dynamic Priority,20260784,30,8,72.7504,72.6946,72.614,0,0,58.75,1.5,0.4,0.15,0.1291
TLBO + Dynamic Priority,20260784,30,9,72.958,72.7591,72.6752,0,0,58.75,1.5,0.4,0.15,0.1217
TLBO + Dynamic Priority,20260784,30,10,73.0744,72.904,72.7012,0,0,58.75,1.5,0.4,0.15,0.1302
TLBO + Dynamic Priority,20260784,30,11,73.1836,73.0412,72.8512,0,0,58.75,1.5,0.4,0.15,0.1382
TLBO + Dynamic Priority,20260784,30,12,73.276,73.1339,73.0168,0,0,58.75,1.5,0.4,0.15,0.1383
TLBO + Dynamic Priority,20260784,30,13,73.276,73.1988,73.1392,0,0,58.75,1.5,0.4,0.15,0.127
TLBO + Dynamic Priority,20260784,30,14,73.276,73.239,73.1392,0,0,58.75,1.5,0.4,0.15,0.0981
TLBO + Dynamic Priority,20260784,30,15,73.276,73.2621,73.1652,0,0,58.75,1.5,0.4,0.15,0.1016
TLBO + Dynamic Priority,20260784,30,16,73.276,73.276,73.276,0,0,58.75,1.5,0.4,0.15,0.0611
TLBO + Dynamic Priority,20260784,30,17,73.276,73.276,73.276,0,0,58.75,1.5,0.4,0.15,0.0779
TLBO + Dynamic Priority,20260784,30,18,73.276,73.276,73.276,0,0,58.75,1.5,0.4,0.15,0.0594
TLBO + Dynamic Priority,20260784,30,19,73.276,73.276,73.276,0,0,58.75,1.5,0.4,0.15,0.0522
TLBO + Dynamic Priority,20260784,30,20,73.276,73.276,73.276,0,0,58.75,1.5,0.4,0.15,0.0507
TLBO + Dynamic Priority,20260784,30,21,73.276,73.276,73.276,0,0,58.75,1.5,0.4,0.15,0.0613
TLBO + Dynamic Priority,20260784,30,22,73.276,73.276,73.276,0,0,58.75,1.5,0.4,0.15,0.0569
TLBO + Dynamic Priority,20260784,30,23,73.3252,73.2822,73.276,0,0,57.5,1.5,0.4,0.15,0.0784
TLBO + Dynamic Priority,20260784,30,24,73.3252,73.2944,73.276,0,0,57.5,1.5,0.4,0.15,0.0926
TLBO + Dynamic Priority,20260784,30,25,73.3252,73.3006,73.276,0,0,57.5,1.5,0.4,0.15,0.0914
TLBO + Dynamic Priority,20260784,30,26,73.3252,73.3129,73.276,0,0,57.5,1.5,0.4,0.15,0.0754
TLBO + Dynamic Priority,20260784,30,27,73.3252,73.319,73.276,0,0,57.5,1.5,0.4,0.15,0.087
TLBO + Dynamic Priority,20260784,30,28,73.3252,73.3252,73.3252,0,0,57.5,1.5,0.4,0.15,0.0745
TLBO + Dynamic Priority,20260784,30,29,73.3252,73.3252,73.3252,0,0,57.5,1.5,0.4,0.15,0.0565
TLBO + Dynamic Priority,20260784,30,30,73.3252,73.3252,73.3252,0,0,57.5,1.5,0.4,0.15,0.0801
TLBO + Dynamic Priority,20260784,30,31,73.3252,73.3252,73.3252,0,0,57.5,1.5,0.4,0.15,0.0643
TLBO + Dynamic Priority,20260784,30,32,73.3252,73.3252,73.3252,0,0,57.5,1.5,0.4,0.15,0.0677
TLBO + Dynamic Priority,20260784,30,33,73.3252,73.3252,73.3252,0,0,57.5,1.5,0.4,0.15,0.0728
TLBO + Dynamic Priority,20260784,30,34,73.3252,73.3252,73.3252,0,0,57.5,1.5,0.4,0.15,0.0671
TLBO + Dynamic Priority,20260784,30,35,73.3252,73.3252,73.3252,0,0,57.5,1.5,0.4,0.15,0.0615
TLBO + Dynamic Priority,20260784,30,36,73.3252,73.3252,73.3252,0,0,57.5,1.5,0.4,0.15,0.0585
TLBO + Dynamic Priority,20260784,30,37,73.3252,73.3252,73.3252,0,0,57.5,1.5,0.4,0.15,0.0776
TLBO + Dynamic Priority,20260784,30,38,73.3252,73.3252,73.3252,0,0,57.5,1.5,0.4,0.15,0.0743
TLBO + Dynamic Priority,20260784,30,39,73.3252,73.3252,73.3252,0,0,57.5,1.5,0.4,0.15,0.0855
TLBO + Dynamic Priority,20260784,30,40,73.3252,73.3252,73.3252,0,0,57.5,1.5,0.4,0.15,0.0747
TLBO + Dynamic Priority,20260784,30,41,73.3252,73.3252,73.3252,0,0,57.5,1.5,0.4,0.15,0.0832
TLBO + Dynamic Priority,20260784,30,42,73.3252,73.3252,73.3252,0,0,57.5,1.5,0.4,0.15,0.0819
TLBO + Dynamic Priority,20260784,30,43,73.3252,73.3252,73.3252,0,0,57.5,1.5,0.4,0.15,0.1017
TLBO + Dynamic Priority,20260784,30,44,73.3252,73.3252,73.3252,0,0,57.5,1.5,0.4,0.15,0.0913
TLBO + Dynamic Priority,20260784,30,45,73.3252,73.3252,73.3252,0,0,57.5,1.5,0.4,0.15,0.0762
TLBO + Dynamic Priority,20260784,30,46,73.3252,73.3252,73.3252,0,0,57.5,1.5,0.4,0.15,0.0905
TLBO + Dynamic Priority,20260784,30,47,73.3252,73.3252,73.3252,0,0,57.5,1.5,0.4,0.15,0.0906
TLBO + Dynamic Priority,20260784,30,48,73.3252,73.3252,73.3252,0,0,57.5,1.5,0.4,0.15,0.0842
TLBO + Dynamic Priority,20260784,30,49,73.3252,73.3252,73.3252,0,0,57.5,1.5,0.4,0.15,0.0839
TLBO + Dynamic Priority,20260784,30,50,73.3252,73.3252,73.3252,0,0,57.5,1.5,0.4,0.15,0.0807
TLBO + Dynamic Priority,20260785,31,1,72.7516,63.2519,0.0,0,0,66.25,1.5,0.4,0.15,0.1793
TLBO + Dynamic Priority,20260785,31,2,72.7516,72.3458,71.8,0,0,66.25,1.5,0.4,0.15,0.1644
TLBO + Dynamic Priority,20260785,31,3,72.7516,72.4648,71.986,0,0,66.25,1.5,0.4,0.15,0.1499
TLBO + Dynamic Priority,20260785,31,4,72.7516,72.5605,72.2476,0,0,66.25,1.5,0.4,0.15,0.1234
TLBO + Dynamic Priority,20260785,31,5,72.7516,72.6235,72.3356,0,0,66.25,1.5,0.4,0.15,0.1069
TLBO + Dynamic Priority,20260785,31,6,72.8336,72.6857,72.4148,0,0,66.25,1.5,0.4,0.15,0.0989
TLBO + Dynamic Priority,20260785,31,7,72.958,72.7659,72.4796,0,0,66.25,1.5,0.4,0.15,0.1241
TLBO + Dynamic Priority,20260785,31,8,72.958,72.8576,72.7516,0,0,66.25,1.5,0.4,0.15,0.1196
TLBO + Dynamic Priority,20260785,31,9,72.958,72.89,72.7676,0,0,66.25,1.5,0.4,0.15,0.127
TLBO + Dynamic Priority,20260785,31,10,73.0348,72.9564,72.886,0,0,65.0,1.5,0.4,0.15,0.1194
TLBO + Dynamic Priority,20260785,31,11,73.0744,73.0132,72.958,0,0,66.25,1.5,0.4,0.15,0.1262
TLBO + Dynamic Priority,20260785,31,12,73.0744,73.0277,72.958,0,0,66.25,1.5,0.4,0.15,0.1284
TLBO + Dynamic Priority,20260785,31,13,73.0744,73.052,72.9964,0,0,66.25,1.5,0.4,0.15,0.1192
TLBO + Dynamic Priority,20260785,31,14,73.1152,73.0696,73.0348,0,0,66.25,1.5,0.4,0.15,0.1111
TLBO + Dynamic Priority,20260785,31,15,73.2016,73.1107,73.0744,0,0,66.25,1.5,0.4,0.15,0.1348
TLBO + Dynamic Priority,20260785,31,16,73.2016,73.1417,73.0744,0,0,66.25,1.5,0.4,0.15,0.1049
TLBO + Dynamic Priority,20260785,31,17,73.246,73.19,73.1152,0,0,66.25,1.5,0.4,0.15,0.1238
TLBO + Dynamic Priority,20260785,31,18,73.294,73.2315,73.2016,0,0,67.5,1.5,0.4,0.15,0.1246
TLBO + Dynamic Priority,20260785,31,19,73.294,73.243,73.2016,0,0,67.5,1.5,0.4,0.15,0.1364
TLBO + Dynamic Priority,20260785,31,20,73.294,73.2601,73.2216,0,0,67.5,1.5,0.4,0.15,0.1222
TLBO + Dynamic Priority,20260785,31,21,73.3432,73.2814,73.2396,0,0,67.5,1.5,0.4,0.15,0.1176
TLBO + Dynamic Priority,20260785,31,22,73.3432,73.3127,73.246,0,0,67.5,1.5,0.4,0.15,0.0932
TLBO + Dynamic Priority,20260785,31,23,73.3432,73.3249,73.246,0,0,67.5,1.5,0.4,0.15,0.0933
TLBO + Dynamic Priority,20260785,31,24,73.3812,73.3527,73.3432,0,0,67.5,1.5,0.4,0.15,0.0786
TLBO + Dynamic Priority,20260785,31,25,73.3812,73.367,73.3432,0,0,67.5,1.5,0.4,0.15,0.0695
TLBO + Dynamic Priority,20260785,31,26,73.3812,73.3765,73.3432,0,0,67.5,1.5,0.4,0.15,0.088
TLBO + Dynamic Priority,20260785,31,27,73.3812,73.3812,73.3812,0,0,67.5,1.5,0.4,0.15,0.0549
TLBO + Dynamic Priority,20260785,31,28,73.3812,73.3812,73.3812,0,0,67.5,1.5,0.4,0.15,0.0713
TLBO + Dynamic Priority,20260785,31,29,73.3812,73.3812,73.3812,0,0,67.5,1.5,0.4,0.15,0.0493
TLBO + Dynamic Priority,20260785,31,30,73.3812,73.3812,73.3812,0,0,67.5,1.5,0.4,0.15,0.0493
TLBO + Dynamic Priority,20260785,31,31,73.3812,73.3812,73.3812,0,0,67.5,1.5,0.4,0.15,0.0582
TLBO + Dynamic Priority,20260785,31,32,73.3812,73.3812,73.3812,0,0,67.5,1.5,0.4,0.15,0.0509
TLBO + Dynamic Priority,20260785,31,33,73.3812,73.3812,73.3812,0,0,67.5,1.5,0.4,0.15,0.052
TLBO + Dynamic Priority,20260785,31,34,73.3812,73.3812,73.3812,0,0,67.5,1.5,0.4,0.15,0.0425
TLBO + Dynamic Priority,20260785,31,35,73.3812,73.3812,73.3812,0,0,67.5,1.5,0.4,0.15,0.0552
TLBO + Dynamic Priority,20260785,31,36,73.3812,73.3812,73.3812,0,0,67.5,1.5,0.4,0.15,0.0604
TLBO + Dynamic Priority,20260785,31,37,73.3812,73.3812,73.3812,0,0,67.5,1.5,0.4,0.15,0.0392
TLBO + Dynamic Priority,20260785,31,38,73.3812,73.3812,73.3812,0,0,67.5,1.5,0.4,0.15,0.0617
TLBO + Dynamic Priority,20260785,31,39,73.3812,73.3812,73.3812,0,0,67.5,1.5,0.4,0.15,0.0512
TLBO + Dynamic Priority,20260785,31,40,73.3812,73.3812,73.3812,0,0,67.5,1.5,0.4,0.15,0.0561
TLBO + Dynamic Priority,20260785,31,41,73.3812,73.3812,73.3812,0,0,67.5,1.5,0.4,0.15,0.0549
TLBO + Dynamic Priority,20260785,31,42,73.3812,73.3812,73.3812,0,0,67.5,1.5,0.4,0.15,0.0576
TLBO + Dynamic Priority,20260785,31,43,73.3812,73.3812,73.3812,0,0,67.5,1.5,0.4,0.15,0.0452
TLBO + Dynamic Priority,20260785,31,44,73.3812,73.3812,73.3812,0,0,67.5,1.5,0.4,0.15,0.0435
TLBO + Dynamic Priority,20260785,31,45,73.3812,73.3812,73.3812,0,0,67.5,1.5,0.4,0.15,0.0533
TLBO + Dynamic Priority,20260785,31,46,73.3812,73.3812,73.3812,0,0,67.5,1.5,0.4,0.15,0.0512
TLBO + Dynamic Priority,20260785,31,47,73.3812,73.3812,73.3812,0,0,67.5,1.5,0.4,0.15,0.0467
TLBO + Dynamic Priority,20260785,31,48,73.3812,73.3812,73.3812,0,0,67.5,1.5,0.4,0.15,0.0513
TLBO + Dynamic Priority,20260785,31,49,73.3812,73.3812,73.3812,0,0,67.5,1.5,0.4,0.15,0.0426
TLBO + Dynamic Priority,20260785,31,50,73.3812,73.3812,73.3812,0,0,67.5,1.5,0.4,0.15,0.0536
TLBO + Dynamic Priority,20260786,32,1,72.3796,44.8845,0.0,0,0,61.25,1.5,0.4,0.15,0.176
TLBO + Dynamic Priority,20260786,32,2,72.3796,53.9342,0.0,0,0,61.25,1.5,0.4,0.15,0.1663
TLBO + Dynamic Priority,20260786,32,3,72.3796,62.9817,0.0,0,0,61.25,1.5,0.4,0.15,0.151
TLBO + Dynamic Priority,20260786,32,4,72.3796,72.0292,70.8636,0,0,61.25,1.5,0.4,0.15,0.1395
TLBO + Dynamic Priority,20260786,32,5,72.3796,72.2186,71.6968,0,0,61.25,1.5,0.4,0.15,0.116
TLBO + Dynamic Priority,20260786,32,6,72.3796,72.304,71.8408,0,0,61.25,1.5,0.4,0.15,0.1025
TLBO + Dynamic Priority,20260786,32,7,72.3796,72.3713,72.3136,0,0,61.25,1.5,0.4,0.15,0.0623
TLBO + Dynamic Priority,20260786,32,8,72.6112,72.4085,72.3796,0,0,61.25,1.5,0.4,0.15,0.0595
TLBO + Dynamic Priority,20260786,32,9,72.6736,72.5597,72.3796,0,0,60.0,1.5,0.4,0.15,0.1221
TLBO + Dynamic Priority,20260786,32,10,72.808,72.6596,72.52,0,0,61.25,1.5,0.4,0.15,0.1447
TLBO + Dynamic Priority,20260786,32,11,72.808,72.7353,72.6112,0,0,61.25,1.5,0.4,0.15,0.134
TLBO + Dynamic Priority,20260786,32,12,72.844,72.8064,72.7576,0,0,61.25,1.5,0.4,0.15,0.1441
TLBO + Dynamic Priority,20260786,32,13,72.9184,72.8536,72.808,0,0,61.25,1.5,0.4,0.15,0.1177
TLBO + Dynamic Priority,20260786,32,14,72.9184,72.895,72.808,0,0,61.25,1.5,0.4,0.15,0.1216
TLBO + Dynamic Priority,20260786,32,15,73.0792,72.9682,72.9184,0,0,61.25,1.5,0.4,0.15,0.0989
TLBO + Dynamic Priority,20260786,32,16,73.0792,73.0032,72.9184,0,0,61.25,1.5,0.4,0.15,0.114
TLBO + Dynamic Priority,20260786,32,17,73.1236,73.0489,72.9568,0,0,61.25,1.5,0.4,0.15,0.1367
TLBO + Dynamic Priority,20260786,32,18,73.168,73.0909,73.0372,0,0,61.25,1.5,0.4,0.15,0.1344
TLBO + Dynamic Priority,20260786,32,19,73.168,73.1236,73.0792,0,0,61.25,1.5,0.4,0.15,0.1307
TLBO + Dynamic Priority,20260786,32,20,73.168,73.1514,73.0792,0,0,61.25,1.5,0.4,0.15,0.1209
TLBO + Dynamic Priority,20260786,32,21,73.168,73.1625,73.1236,0,0,61.25,1.5,0.4,0.15,0.0939
TLBO + Dynamic Priority,20260786,32,22,73.168,73.168,73.168,0,0,61.25,1.5,0.4,0.15,0.0815
TLBO + Dynamic Priority,20260786,32,23,73.168,73.168,73.168,0,0,61.25,1.5,0.4,0.15,0.0823
TLBO + Dynamic Priority,20260786,32,24,73.168,73.168,73.168,0,0,61.25,1.5,0.4,0.15,0.0699
TLBO + Dynamic Priority,20260786,32,25,73.168,73.168,73.168,0,0,61.25,1.5,0.4,0.15,0.076
TLBO + Dynamic Priority,20260786,32,26,73.168,73.168,73.168,0,0,61.25,1.5,0.4,0.15,0.0779
TLBO + Dynamic Priority,20260786,32,27,73.168,73.168,73.168,0,0,61.25,1.5,0.4,0.15,0.0777
TLBO + Dynamic Priority,20260786,32,28,73.168,73.168,73.168,0,0,61.25,1.5,0.4,0.15,0.0838
TLBO + Dynamic Priority,20260786,32,29,73.168,73.168,73.168,0,0,61.25,1.5,0.4,0.15,0.0765
TLBO + Dynamic Priority,20260786,32,30,73.168,73.168,73.168,0,0,61.25,1.5,0.4,0.15,0.071
TLBO + Dynamic Priority,20260786,32,31,73.168,73.168,73.168,0,0,61.25,1.5,0.4,0.15,0.0886
TLBO + Dynamic Priority,20260786,32,32,73.168,73.168,73.168,0,0,61.25,1.5,0.4,0.15,0.0777
TLBO + Dynamic Priority,20260786,32,33,73.168,73.168,73.168,0,0,61.25,1.5,0.4,0.15,0.0759
TLBO + Dynamic Priority,20260786,32,34,73.168,73.168,73.168,0,0,61.25,1.5,0.4,0.15,0.0799
TLBO + Dynamic Priority,20260786,32,35,73.168,73.168,73.168,0,0,61.25,1.5,0.4,0.15,0.0882
TLBO + Dynamic Priority,20260786,32,36,73.168,73.168,73.168,0,0,61.25,1.5,0.4,0.15,0.0977
TLBO + Dynamic Priority,20260786,32,37,73.168,73.168,73.168,0,0,61.25,1.5,0.4,0.15,0.0912
TLBO + Dynamic Priority,20260786,32,38,73.216,73.174,73.168,0,0,62.5,1.5,0.4,0.15,0.0798
TLBO + Dynamic Priority,20260786,32,39,73.216,73.186,73.168,0,0,62.5,1.5,0.4,0.15,0.1092
TLBO + Dynamic Priority,20260786,32,40,73.216,73.192,73.168,0,0,62.5,1.5,0.4,0.15,0.1
TLBO + Dynamic Priority,20260786,32,41,73.216,73.198,73.168,0,0,62.5,1.5,0.4,0.15,0.1
TLBO + Dynamic Priority,20260786,32,42,73.216,73.204,73.168,0,0,62.5,1.5,0.4,0.15,0.0856
TLBO + Dynamic Priority,20260786,32,43,73.216,73.21,73.168,0,0,62.5,1.5,0.4,0.15,0.0815
TLBO + Dynamic Priority,20260786,32,44,73.216,73.216,73.216,0,0,62.5,1.5,0.4,0.15,0.0629
TLBO + Dynamic Priority,20260786,32,45,73.216,73.216,73.216,0,0,62.5,1.5,0.4,0.15,0.0798
TLBO + Dynamic Priority,20260786,32,46,73.216,73.216,73.216,0,0,62.5,1.5,0.4,0.15,0.0716
TLBO + Dynamic Priority,20260786,32,47,73.216,73.216,73.216,0,0,62.5,1.5,0.4,0.15,0.0705
TLBO + Dynamic Priority,20260786,32,48,73.216,73.216,73.216,0,0,62.5,1.5,0.4,0.15,0.0813
TLBO + Dynamic Priority,20260786,32,49,73.216,73.216,73.216,0,0,62.5,1.5,0.4,0.15,0.095
TLBO + Dynamic Priority,20260786,32,50,73.216,73.216,73.216,0,0,62.5,1.5,0.4,0.15,0.071
TLBO + Dynamic Priority,20260787,33,1,72.512,45.0639,0.0,0,0,63.75,1.5,0.4,0.15,0.1762
TLBO + Dynamic Priority,20260787,33,2,72.512,54.1279,0.0,0,0,63.75,1.5,0.4,0.15,0.1678
TLBO + Dynamic Priority,20260787,33,3,72.512,63.1919,0.0,0,0,63.75,1.5,0.4,0.15,0.1449
TLBO + Dynamic Priority,20260787,33,4,72.512,72.2559,71.2644,0,0,63.75,1.5,0.4,0.15,0.1159
TLBO + Dynamic Priority,20260787,33,5,72.512,72.4119,72.01,0,0,63.75,1.5,0.4,0.15,0.1259
TLBO + Dynamic Priority,20260787,33,6,72.5472,72.4891,72.372,0,0,63.75,1.5,0.4,0.15,0.1146
TLBO + Dynamic Priority,20260787,33,7,72.5964,72.5387,72.5044,0,0,63.75,1.5,0.4,0.15,0.1332
TLBO + Dynamic Priority,20260787,33,8,72.5964,72.5502,72.512,0,0,63.75,1.5,0.4,0.15,0.1362
TLBO + Dynamic Priority,20260787,33,9,72.6936,72.6009,72.5472,0,0,63.75,1.5,0.4,0.15,0.1727
TLBO + Dynamic Priority,20260787,33,10,72.7272,72.6646,72.5744,0,0,63.75,1.5,0.4,0.15,0.1285
TLBO + Dynamic Priority,20260787,33,11,72.7272,72.7001,72.5784,0,0,63.75,1.5,0.4,0.15,0.0951
TLBO + Dynamic Priority,20260787,33,12,72.9504,72.7467,72.6936,0,0,63.75,1.5,0.4,0.15,0.075
TLBO + Dynamic Priority,20260787,33,13,72.9504,72.828,72.7272,0,0,63.75,1.5,0.4,0.15,0.1298
TLBO + Dynamic Priority,20260787,33,14,72.9504,72.8738,72.798,0,0,63.75,1.5,0.4,0.15,0.1391
TLBO + Dynamic Priority,20260787,33,15,72.9504,72.9407,72.8724,0,0,63.75,1.5,0.4,0.15,0.0808
TLBO + Dynamic Priority,20260787,33,16,72.9504,72.9504,72.9504,0,0,63.75,1.5,0.4,0.15,0.0578
TLBO + Dynamic Priority,20260787,33,17,72.9504,72.9504,72.9504,0,0,63.75,1.5,0.4,0.15,0.0557
TLBO + Dynamic Priority,20260787,33,18,72.9504,72.9504,72.9504,0,0,63.75,1.5,0.4,0.15,0.0703
TLBO + Dynamic Priority,20260787,33,19,72.9504,72.9504,72.9504,0,0,63.75,1.5,0.4,0.15,0.0492
TLBO + Dynamic Priority,20260787,33,20,72.9504,72.9504,72.9504,0,0,63.75,1.5,0.4,0.15,0.0437
TLBO + Dynamic Priority,20260787,33,21,72.9504,72.9504,72.9504,0,0,63.75,1.5,0.4,0.15,0.0607
TLBO + Dynamic Priority,20260787,33,22,72.9504,72.9504,72.9504,0,0,63.75,1.5,0.4,0.15,0.0639
TLBO + Dynamic Priority,20260787,33,23,72.9504,72.9504,72.9504,0,0,63.75,1.5,0.4,0.15,0.0492
TLBO + Dynamic Priority,20260787,33,24,72.9504,72.9504,72.9504,0,0,63.75,1.5,0.4,0.15,0.0553
TLBO + Dynamic Priority,20260787,33,25,72.9504,72.9504,72.9504,0,0,63.75,1.5,0.4,0.15,0.0437
TLBO + Dynamic Priority,20260787,33,26,72.9504,72.9504,72.9504,0,0,63.75,1.5,0.4,0.15,0.0422
TLBO + Dynamic Priority,20260787,33,27,72.9504,72.9504,72.9504,0,0,63.75,1.5,0.4,0.15,0.0606
TLBO + Dynamic Priority,20260787,33,28,72.9504,72.9504,72.9504,0,0,63.75,1.5,0.4,0.15,0.0616
TLBO + Dynamic Priority,20260787,33,29,72.9504,72.9504,72.9504,0,0,63.75,1.5,0.4,0.15,0.0587
TLBO + Dynamic Priority,20260787,33,30,72.9504,72.9504,72.9504,0,0,63.75,1.5,0.4,0.15,0.0641
TLBO + Dynamic Priority,20260787,33,31,72.9504,72.9504,72.9504,0,0,63.75,1.5,0.4,0.15,0.0456
TLBO + Dynamic Priority,20260787,33,32,72.9504,72.9504,72.9504,0,0,63.75,1.5,0.4,0.15,0.0572
TLBO + Dynamic Priority,20260787,33,33,72.9504,72.9504,72.9504,0,0,63.75,1.5,0.4,0.15,0.0523
TLBO + Dynamic Priority,20260787,33,34,72.9504,72.9504,72.9504,0,0,63.75,1.5,0.4,0.15,0.0581
TLBO + Dynamic Priority,20260787,33,35,72.9504,72.9504,72.9504,0,0,63.75,1.5,0.4,0.15,0.0476
TLBO + Dynamic Priority,20260787,33,36,72.9504,72.9504,72.9504,0,0,63.75,1.5,0.4,0.15,0.0484
TLBO + Dynamic Priority,20260787,33,37,72.9504,72.9504,72.9504,0,0,63.75,1.5,0.4,0.15,0.0513
TLBO + Dynamic Priority,20260787,33,38,72.9504,72.9504,72.9504,0,0,63.75,1.5,0.4,0.15,0.0556
TLBO + Dynamic Priority,20260787,33,39,72.9504,72.9504,72.9504,0,0,63.75,1.5,0.4,0.15,0.061
TLBO + Dynamic Priority,20260787,33,40,72.9504,72.9504,72.9504,0,0,63.75,1.5,0.4,0.15,0.0491
TLBO + Dynamic Priority,20260787,33,41,72.9504,72.9504,72.9504,0,0,63.75,1.5,0.4,0.15,0.0431
TLBO + Dynamic Priority,20260787,33,42,72.9504,72.9504,72.9504,0,0,63.75,1.5,0.4,0.15,0.0492
TLBO + Dynamic Priority,20260787,33,43,72.9504,72.9504,72.9504,0,0,63.75,1.5,0.4,0.15,0.0672
TLBO + Dynamic Priority,20260787,33,44,72.9504,72.9504,72.9504,0,0,63.75,1.5,0.4,0.15,0.0532
TLBO + Dynamic Priority,20260787,33,45,72.9504,72.9504,72.9504,0,0,63.75,1.5,0.4,0.15,0.0485
TLBO + Dynamic Priority,20260787,33,46,72.9504,72.9504,72.9504,0,0,63.75,1.5,0.4,0.15,0.0605
TLBO + Dynamic Priority,20260787,33,47,72.9504,72.9504,72.9504,0,0,63.75,1.5,0.4,0.15,0.0496
TLBO + Dynamic Priority,20260787,33,48,72.9504,72.9504,72.9504,0,0,63.75,1.5,0.4,0.15,0.0471
TLBO + Dynamic Priority,20260787,33,49,72.9504,72.9504,72.9504,0,0,63.75,1.5,0.4,0.15,0.0471
TLBO + Dynamic Priority,20260787,33,50,72.9504,72.9504,72.9504,0,0,63.75,1.5,0.4,0.15,0.0626
TLBO + Dynamic Priority,20260788,34,1,72.3104,36.0531,0.0,0,0,66.25,1.5,0.4,0.15,0.1814
TLBO + Dynamic Priority,20260788,34,2,72.3104,45.0919,0.0,0,0,66.25,1.5,0.4,0.15,0.1564
TLBO + Dynamic Priority,20260788,34,3,72.3104,54.1307,0.0,0,0,66.25,1.5,0.4,0.15,0.1619
TLBO + Dynamic Priority,20260788,34,4,72.3104,63.1695,0.0,0,0,66.25,1.5,0.4,0.15,0.1373
TLBO + Dynamic Priority,20260788,34,5,72.3104,72.2083,71.8504,0,0,66.25,1.5,0.4,0.15,0.1308
TLBO + Dynamic Priority,20260788,34,6,72.3104,72.2658,71.9716,0,0,66.25,1.5,0.4,0.15,0.1022
TLBO + Dynamic Priority,20260788,34,7,72.5164,72.3339,72.2924,0,0,65.0,1.5,0.4,0.15,0.0987
TLBO + Dynamic Priority,20260788,34,8,72.7416,72.4607,72.3104,0,0,66.25,1.5,0.4,0.15,0.1261
TLBO + Dynamic Priority,20260788,34,9,72.946,72.7108,72.5164,0,0,67.5,1.5,0.4,0.15,0.1428
TLBO + Dynamic Priority,20260788,34,10,72.9768,72.8362,72.5572,0,0,67.5,1.5,0.4,0.15,0.1427
TLBO + Dynamic Priority,20260788,34,11,73.0992,72.9313,72.802,0,0,67.5,1.5,0.4,0.15,0.1476
TLBO + Dynamic Priority,20260788,34,12,73.0992,72.9808,72.81,0,0,67.5,1.5,0.4,0.15,0.1255
TLBO + Dynamic Priority,20260788,34,13,73.0992,73.0169,72.894,0,0,67.5,1.5,0.4,0.15,0.1359
TLBO + Dynamic Priority,20260788,34,14,73.1896,73.0833,72.9768,0,0,68.75,1.5,0.4,0.15,0.1212
TLBO + Dynamic Priority,20260788,34,15,73.2296,73.141,73.0284,0,0,68.75,1.5,0.4,0.15,0.1501
TLBO + Dynamic Priority,20260788,34,16,73.2296,73.1662,73.0992,0,0,68.75,1.5,0.4,0.15,0.1481
TLBO + Dynamic Priority,20260788,34,17,73.2296,73.2055,73.1432,0,0,68.75,1.5,0.4,0.15,0.1396
TLBO + Dynamic Priority,20260788,34,18,73.256,73.2246,73.1852,0,0,68.75,1.5,0.4,0.15,0.1392
TLBO + Dynamic Priority,20260788,34,19,73.256,73.2368,73.2076,0,0,68.75,1.5,0.4,0.15,0.1155
TLBO + Dynamic Priority,20260788,34,20,73.322,73.2544,73.2296,0,0,68.75,1.5,0.4,0.15,0.1368
TLBO + Dynamic Priority,20260788,34,21,73.3492,73.2858,73.2296,0,0,68.75,1.5,0.4,0.15,0.1504
TLBO + Dynamic Priority,20260788,34,22,73.3492,73.3007,73.2296,0,0,68.75,1.5,0.4,0.15,0.1389
TLBO + Dynamic Priority,20260788,34,23,73.3492,73.3157,73.256,0,0,68.75,1.5,0.4,0.15,0.1391
TLBO + Dynamic Priority,20260788,34,24,73.3712,73.3385,73.274,0,0,67.5,1.5,0.4,0.15,0.1256
TLBO + Dynamic Priority,20260788,34,25,73.3712,73.3507,73.322,0,0,67.5,1.5,0.4,0.15,0.1255
TLBO + Dynamic Priority,20260788,34,26,73.3712,73.3568,73.322,0,0,67.5,1.5,0.4,0.15,0.1034
TLBO + Dynamic Priority,20260788,34,27,73.3712,73.3657,73.3492,0,0,67.5,1.5,0.4,0.15,0.1037
TLBO + Dynamic Priority,20260788,34,28,73.402,73.3751,73.3712,0,0,67.5,1.5,0.4,0.15,0.1282
TLBO + Dynamic Priority,20260788,34,29,73.402,73.3828,73.3712,0,0,67.5,1.5,0.4,0.15,0.1025
TLBO + Dynamic Priority,20260788,34,30,73.402,73.3866,73.3712,0,0,67.5,1.5,0.4,0.15,0.0944
TLBO + Dynamic Priority,20260788,34,31,73.424,73.3971,73.3712,0,0,67.5,1.5,0.4,0.15,0.0984
TLBO + Dynamic Priority,20260788,34,32,73.424,73.4092,73.3712,0,0,67.5,1.5,0.4,0.15,0.1273
TLBO + Dynamic Priority,20260788,34,33,73.424,73.4185,73.402,0,0,67.5,1.5,0.4,0.15,0.1105
TLBO + Dynamic Priority,20260788,34,34,73.424,73.4213,73.402,0,0,67.5,1.5,0.4,0.15,0.094
TLBO + Dynamic Priority,20260788,34,35,73.424,73.424,73.424,0,0,67.5,1.5,0.4,0.15,0.0628
TLBO + Dynamic Priority,20260788,34,36,73.424,73.424,73.424,0,0,67.5,1.5,0.4,0.15,0.0628
TLBO + Dynamic Priority,20260788,34,37,73.424,73.424,73.424,0,0,67.5,1.5,0.4,0.15,0.078
TLBO + Dynamic Priority,20260788,34,38,73.424,73.424,73.424,0,0,67.5,1.5,0.4,0.15,0.0662
TLBO + Dynamic Priority,20260788,34,39,73.424,73.424,73.424,0,0,67.5,1.5,0.4,0.15,0.0534
TLBO + Dynamic Priority,20260788,34,40,73.424,73.424,73.424,0,0,67.5,1.5,0.4,0.15,0.0702
TLBO + Dynamic Priority,20260788,34,41,73.424,73.424,73.424,0,0,67.5,1.5,0.4,0.15,0.0646
TLBO + Dynamic Priority,20260788,34,42,73.424,73.424,73.424,0,0,67.5,1.5,0.4,0.15,0.08
TLBO + Dynamic Priority,20260788,34,43,73.424,73.424,73.424,0,0,67.5,1.5,0.4,0.15,0.0739
TLBO + Dynamic Priority,20260788,34,44,73.424,73.424,73.424,0,0,67.5,1.5,0.4,0.15,0.0747
TLBO + Dynamic Priority,20260788,34,45,73.424,73.424,73.424,0,0,67.5,1.5,0.4,0.15,0.0815
TLBO + Dynamic Priority,20260788,34,46,73.424,73.424,73.424,0,0,67.5,1.5,0.4,0.15,0.0729
TLBO + Dynamic Priority,20260788,34,47,73.424,73.424,73.424,0,0,67.5,1.5,0.4,0.15,0.0635
TLBO + Dynamic Priority,20260788,34,48,73.424,73.424,73.424,0,0,67.5,1.5,0.4,0.15,0.0433
TLBO + Dynamic Priority,20260788,34,49,73.424,73.424,73.424,0,0,67.5,1.5,0.4,0.15,0.0499
TLBO + Dynamic Priority,20260788,34,50,73.424,73.424,73.424,0,0,67.5,1.5,0.4,0.15,0.0421
TLBO + Dynamic Priority,20260789,35,1,72.7936,54.0428,0.0,0,0,61.25,1.5,0.4,0.15,0.1809
TLBO + Dynamic Priority,20260789,35,2,72.7936,63.142,0.0,0,0,61.25,1.5,0.4,0.15,0.1787
TLBO + Dynamic Priority,20260789,35,3,72.7936,72.2412,70.856,0,0,61.25,1.5,0.4,0.15,0.154
TLBO + Dynamic Priority,20260789,35,4,72.7936,72.5549,71.6284,0,0,61.25,1.5,0.4,0.15,0.122
TLBO + Dynamic Priority,20260789,35,5,72.898,72.7135,72.346,0,0,61.25,1.5,0.4,0.15,0.138
TLBO + Dynamic Priority,20260789,35,6,72.898,72.7826,72.584,0,0,61.25,1.5,0.4,0.15,0.1223
TLBO + Dynamic Priority,20260789,35,7,72.898,72.8303,72.706,0,0,61.25,1.5,0.4,0.15,0.1101
TLBO + Dynamic Priority,20260789,35,8,73.0288,72.8931,72.7936,0,0,62.5,1.5,0.4,0.15,0.1218
TLBO + Dynamic Priority,20260789,35,9,73.0288,72.9638,72.7936,0,0,62.5,1.5,0.4,0.15,0.1429
TLBO + Dynamic Priority,20260789,35,10,73.0684,73.0194,72.952,0,0,62.5,1.5,0.4,0.15,0.1125
TLBO + Dynamic Priority,20260789,35,11,73.1956,73.0901,73.0288,0,0,62.5,1.5,0.4,0.15,0.116
TLBO + Dynamic Priority,20260789,35,12,73.1956,73.1319,73.0288,0,0,62.5,1.5,0.4,0.15,0.1005
TLBO + Dynamic Priority,20260789,35,13,73.24,73.2011,73.1512,0,0,62.5,1.5,0.4,0.15,0.0997
TLBO + Dynamic Priority,20260789,35,14,73.288,73.2293,73.1956,0,0,61.25,1.5,0.4,0.15,0.1184
TLBO + Dynamic Priority,20260789,35,15,73.288,73.2469,73.1956,0,0,61.25,1.5,0.4,0.15,0.115
TLBO + Dynamic Priority,20260789,35,16,73.288,73.2584,73.1956,0,0,61.25,1.5,0.4,0.15,0.1071
TLBO + Dynamic Priority,20260789,35,17,73.3372,73.2882,73.24,0,0,61.25,1.5,0.4,0.15,0.114
TLBO + Dynamic Priority,20260789,35,18,73.3372,73.3126,73.288,0,0,61.25,1.5,0.4,0.15,0.115
TLBO + Dynamic Priority,20260789,35,19,73.3372,73.3249,73.288,0,0,61.25,1.5,0.4,0.15,0.1178
TLBO + Dynamic Priority,20260789,35,20,73.3372,73.331,73.288,0,0,61.25,1.5,0.4,0.15,0.0835
TLBO + Dynamic Priority,20260789,35,21,73.3372,73.3372,73.3372,0,0,61.25,1.5,0.4,0.15,0.0679
TLBO + Dynamic Priority,20260789,35,22,73.3372,73.3372,73.3372,0,0,61.25,1.5,0.4,0.15,0.0665
TLBO + Dynamic Priority,20260789,35,23,73.3372,73.3372,73.3372,0,0,61.25,1.5,0.4,0.15,0.06
TLBO + Dynamic Priority,20260789,35,24,73.3372,73.3372,73.3372,0,0,61.25,1.5,0.4,0.15,0.0436
TLBO + Dynamic Priority,20260789,35,25,73.3372,73.3372,73.3372,0,0,61.25,1.5,0.4,0.15,0.0573
TLBO + Dynamic Priority,20260789,35,26,73.3372,73.3372,73.3372,0,0,61.25,1.5,0.4,0.15,0.0573
TLBO + Dynamic Priority,20260789,35,27,73.3372,73.3372,73.3372,0,0,61.25,1.5,0.4,0.15,0.0503
TLBO + Dynamic Priority,20260789,35,28,73.3372,73.3372,73.3372,0,0,61.25,1.5,0.4,0.15,0.0451
TLBO + Dynamic Priority,20260789,35,29,73.3372,73.3372,73.3372,0,0,61.25,1.5,0.4,0.15,0.0468
TLBO + Dynamic Priority,20260789,35,30,73.3372,73.3372,73.3372,0,0,61.25,1.5,0.4,0.15,0.0517
TLBO + Dynamic Priority,20260789,35,31,73.3372,73.3372,73.3372,0,0,61.25,1.5,0.4,0.15,0.0435
TLBO + Dynamic Priority,20260789,35,32,73.3372,73.3372,73.3372,0,0,61.25,1.5,0.4,0.15,0.052
TLBO + Dynamic Priority,20260789,35,33,73.3372,73.3372,73.3372,0,0,61.25,1.5,0.4,0.15,0.0549
TLBO + Dynamic Priority,20260789,35,34,73.3372,73.3372,73.3372,0,0,61.25,1.5,0.4,0.15,0.0489
TLBO + Dynamic Priority,20260789,35,35,73.3372,73.3372,73.3372,0,0,61.25,1.5,0.4,0.15,0.0467
TLBO + Dynamic Priority,20260789,35,36,73.3372,73.3372,73.3372,0,0,61.25,1.5,0.4,0.15,0.0569
TLBO + Dynamic Priority,20260789,35,37,73.3372,73.3372,73.3372,0,0,61.25,1.5,0.4,0.15,0.0431
TLBO + Dynamic Priority,20260789,35,38,73.3372,73.3372,73.3372,0,0,61.25,1.5,0.4,0.15,0.0472
TLBO + Dynamic Priority,20260789,35,39,73.3372,73.3372,73.3372,0,0,61.25,1.5,0.4,0.15,0.0514
TLBO + Dynamic Priority,20260789,35,40,73.3372,73.3372,73.3372,0,0,61.25,1.5,0.4,0.15,0.0501
TLBO + Dynamic Priority,20260789,35,41,73.3372,73.3372,73.3372,0,0,61.25,1.5,0.4,0.15,0.0617
TLBO + Dynamic Priority,20260789,35,42,73.3372,73.3372,73.3372,0,0,61.25,1.5,0.4,0.15,0.0566
TLBO + Dynamic Priority,20260789,35,43,73.3372,73.3372,73.3372,0,0,61.25,1.5,0.4,0.15,0.046
TLBO + Dynamic Priority,20260789,35,44,73.3372,73.3372,73.3372,0,0,61.25,1.5,0.4,0.15,0.0682
TLBO + Dynamic Priority,20260789,35,45,73.3372,73.3372,73.3372,0,0,61.25,1.5,0.4,0.15,0.0564
TLBO + Dynamic Priority,20260789,35,46,73.3372,73.3372,73.3372,0,0,61.25,1.5,0.4,0.15,0.0579
TLBO + Dynamic Priority,20260789,35,47,73.3372,73.3372,73.3372,0,0,61.25,1.5,0.4,0.15,0.0587
TLBO + Dynamic Priority,20260789,35,48,73.3372,73.3372,73.3372,0,0,61.25,1.5,0.4,0.15,0.0452
TLBO + Dynamic Priority,20260789,35,49,73.3372,73.3372,73.3372,0,0,61.25,1.5,0.4,0.15,0.0479
TLBO + Dynamic Priority,20260789,35,50,73.3372,73.3372,73.3372,0,0,61.25,1.5,0.4,0.15,0.0527
TLBO + Dynamic Priority,20260790,36,1,72.4888,36.0351,0.0,0,0,58.75,1.5,0.4,0.15,0.1939
TLBO + Dynamic Priority,20260790,36,2,72.4888,54.0358,0.0,0,0,58.75,1.5,0.4,0.15,0.154
TLBO + Dynamic Priority,20260790,36,3,72.4888,63.0969,0.0,0,0,58.75,1.5,0.4,0.15,0.1519
TLBO + Dynamic Priority,20260790,36,4,72.6312,72.2173,71.3612,0,0,63.75,1.5,0.4,0.15,0.1354
TLBO + Dynamic Priority,20260790,36,5,72.6312,72.376,71.5164,0,0,63.75,1.5,0.4,0.15,0.1446
TLBO + Dynamic Priority,20260790,36,6,72.6312,72.5153,72.274,0,0,63.75,1.5,0.4,0.15,0.1321
TLBO + Dynamic Priority,20260790,36,7,72.6312,72.56,72.4888,0,0,63.75,1.5,0.4,0.15,0.1324
TLBO + Dynamic Priority,20260790,36,8,72.6312,72.5778,72.4888,0,0,63.75,1.5,0.4,0.15,0.0899
TLBO + Dynamic Priority,20260790,36,9,72.6312,72.5956,72.4888,0,0,63.75,1.5,0.4,0.15,0.0913
TLBO + Dynamic Priority,20260790,36,10,72.6312,72.6134,72.4888,0,0,63.75,1.5,0.4,0.15,0.0856
TLBO + Dynamic Priority,20260790,36,11,72.6312,72.6312,72.6312,0,0,63.75,1.5,0.4,0.15,0.042
TLBO + Dynamic Priority,20260790,36,12,72.6576,72.6345,72.6312,0,0,63.75,1.5,0.4,0.15,0.0689
TLBO + Dynamic Priority,20260790,36,13,72.9204,72.7056,72.6312,0,0,63.75,1.5,0.4,0.15,0.1279
TLBO + Dynamic Priority,20260790,36,14,72.9204,72.8202,72.6576,0,0,63.75,1.5,0.4,0.15,0.1432
TLBO + Dynamic Priority,20260790,36,15,72.9684,72.8764,72.6576,0,0,62.5,1.5,0.4,0.15,0.1343
TLBO + Dynamic Priority,20260790,36,16,72.9684,72.9153,72.85,0,0,62.5,1.5,0.4,0.15,0.1305
TLBO + Dynamic Priority,20260790,36,17,73.0068,72.9408,72.868,0,0,62.5,1.5,0.4,0.15,0.1261
TLBO + Dynamic Priority,20260790,36,18,73.1292,72.9934,72.906,0,0,63.75,1.5,0.4,0.15,0.1297
TLBO + Dynamic Priority,20260790,36,19,73.1736,73.0574,72.9204,0,0,63.75,1.5,0.4,0.15,0.1426
TLBO + Dynamic Priority,20260790,36,20,73.1736,73.1001,72.9244,0,0,63.75,1.5,0.4,0.15,0.1378
TLBO + Dynamic Priority,20260790,36,21,73.1736,73.1416,73.0068,0,0,63.75,1.5,0.4,0.15,0.0922
TLBO + Dynamic Priority,20260790,36,22,73.1736,73.1625,73.1292,0,0,63.75,1.5,0.4,0.15,0.0673
TLBO + Dynamic Priority,20260790,36,23,73.1736,73.1736,73.1736,0,0,63.75,1.5,0.4,0.15,0.0688
TLBO + Dynamic Priority,20260790,36,24,73.1736,73.1736,73.1736,0,0,63.75,1.5,0.4,0.15,0.0528
TLBO + Dynamic Priority,20260790,36,25,73.1736,73.1736,73.1736,0,0,63.75,1.5,0.4,0.15,0.057
TLBO + Dynamic Priority,20260790,36,26,73.1736,73.1736,73.1736,0,0,63.75,1.5,0.4,0.15,0.0469
TLBO + Dynamic Priority,20260790,36,27,73.1776,73.1741,73.1736,0,0,66.25,1.5,0.4,0.15,0.0694
TLBO + Dynamic Priority,20260790,36,28,73.1776,73.1746,73.1736,0,0,66.25,1.5,0.4,0.15,0.098
TLBO + Dynamic Priority,20260790,36,29,73.288,73.1949,73.1736,0,0,65.0,1.5,0.4,0.15,0.1086
TLBO + Dynamic Priority,20260790,36,30,73.288,73.2115,73.1736,0,0,65.0,1.5,0.4,0.15,0.1298
TLBO + Dynamic Priority,20260790,36,31,73.288,73.2368,73.1736,0,0,65.0,1.5,0.4,0.15,0.1274
TLBO + Dynamic Priority,20260790,36,32,73.288,73.2511,73.1776,0,0,65.0,1.5,0.4,0.15,0.1189
TLBO + Dynamic Priority,20260790,36,33,73.288,73.2649,73.1956,0,0,65.0,1.5,0.4,0.15,0.0811
TLBO + Dynamic Priority,20260790,36,34,73.288,73.288,73.288,0,0,65.0,1.5,0.4,0.15,0.0589
TLBO + Dynamic Priority,20260790,36,35,73.288,73.288,73.288,0,0,65.0,1.5,0.4,0.15,0.0505
TLBO + Dynamic Priority,20260790,36,36,73.288,73.288,73.288,0,0,65.0,1.5,0.4,0.15,0.0494
TLBO + Dynamic Priority,20260790,36,37,73.288,73.288,73.288,0,0,65.0,1.5,0.4,0.15,0.0601
TLBO + Dynamic Priority,20260790,36,38,73.288,73.288,73.288,0,0,65.0,1.5,0.4,0.15,0.0519
TLBO + Dynamic Priority,20260790,36,39,73.288,73.288,73.288,0,0,65.0,1.5,0.4,0.15,0.069
TLBO + Dynamic Priority,20260790,36,40,73.288,73.288,73.288,0,0,65.0,1.5,0.4,0.15,0.0662
TLBO + Dynamic Priority,20260790,36,41,73.288,73.288,73.288,0,0,65.0,1.5,0.4,0.15,0.0579
TLBO + Dynamic Priority,20260790,36,42,73.288,73.288,73.288,0,0,65.0,1.5,0.4,0.15,0.0629
TLBO + Dynamic Priority,20260790,36,43,73.288,73.288,73.288,0,0,65.0,1.5,0.4,0.15,0.0571
TLBO + Dynamic Priority,20260790,36,44,73.288,73.288,73.288,0,0,65.0,1.5,0.4,0.15,0.0574
TLBO + Dynamic Priority,20260790,36,45,73.288,73.288,73.288,0,0,65.0,1.5,0.4,0.15,0.0592
TLBO + Dynamic Priority,20260790,36,46,73.288,73.288,73.288,0,0,65.0,1.5,0.4,0.15,0.0538
TLBO + Dynamic Priority,20260790,36,47,73.288,73.288,73.288,0,0,65.0,1.5,0.4,0.15,0.0586
TLBO + Dynamic Priority,20260790,36,48,73.288,73.288,73.288,0,0,65.0,1.5,0.4,0.15,0.0453
TLBO + Dynamic Priority,20260790,36,49,73.288,73.288,73.288,0,0,65.0,1.5,0.4,0.15,0.0618
TLBO + Dynamic Priority,20260790,36,50,73.288,73.288,73.288,0,0,65.0,1.5,0.4,0.15,0.0518
TLBO + Dynamic Priority,20260791,37,1,72.5704,35.9161,0.0,0,0,61.25,1.5,0.4,0.15,0.1859
TLBO + Dynamic Priority,20260791,37,2,72.5704,44.9874,0.0,0,0,61.25,1.5,0.4,0.15,0.159
TLBO + Dynamic Priority,20260791,37,3,72.5704,54.0587,0.0,0,0,61.25,1.5,0.4,0.15,0.1434
TLBO + Dynamic Priority,20260791,37,4,72.5704,63.13,0.0,0,0,61.25,1.5,0.4,0.15,0.136
TLBO + Dynamic Priority,20260791,37,5,72.5704,72.2013,70.316,0,0,61.25,1.5,0.4,0.15,0.1083
TLBO + Dynamic Priority,20260791,37,6,72.7336,72.5456,72.3236,0,0,58.75,1.5,0.4,0.15,0.0981
TLBO + Dynamic Priority,20260791,37,7,72.7336,72.6064,72.4556,0,0,58.75,1.5,0.4,0.15,0.1265
TLBO + Dynamic Priority,20260791,37,8,72.7336,72.6411,72.5704,0,0,58.75,1.5,0.4,0.15,0.1184
TLBO + Dynamic Priority,20260791,37,9,72.8292,72.6939,72.5704,0,0,58.75,1.5,0.4,0.15,0.1242
TLBO + Dynamic Priority,20260791,37,10,72.8292,72.745,72.618,0,0,58.75,1.5,0.4,0.15,0.1356
TLBO + Dynamic Priority,20260791,37,11,72.936,72.811,72.7336,0,0,61.25,1.5,0.4,0.15,0.1351
TLBO + Dynamic Priority,20260791,37,12,72.936,72.8363,72.7336,0,0,61.25,1.5,0.4,0.15,0.1451
TLBO + Dynamic Priority,20260791,37,13,72.936,72.8616,72.7336,0,0,61.25,1.5,0.4,0.15,0.1263
TLBO + Dynamic Priority,20260791,37,14,72.936,72.8869,72.8292,0,0,61.25,1.5,0.4,0.15,0.0939
TLBO + Dynamic Priority,20260791,37,15,72.936,72.9042,72.8292,0,0,61.25,1.5,0.4,0.15,0.0959
TLBO + Dynamic Priority,20260791,37,16,72.936,72.922,72.864,0,0,61.25,1.5,0.4,0.15,0.099
TLBO + Dynamic Priority,20260791,37,17,72.9884,72.9426,72.936,0,0,58.75,1.5,0.4,0.15,0.1092
TLBO + Dynamic Priority,20260791,37,18,73.0884,72.9865,72.936,0,0,58.75,1.5,0.4,0.15,0.1188
TLBO + Dynamic Priority,20260791,37,19,73.0884,73.018,72.936,0,0,58.75,1.5,0.4,0.15,0.142
TLBO + Dynamic Priority,20260791,37,20,73.0884,73.0514,72.972,0,0,58.75,1.5,0.4,0.15,0.1319
TLBO + Dynamic Priority,20260791,37,21,73.0884,73.0737,73.0104,0,0,58.75,1.5,0.4,0.15,0.1042
TLBO + Dynamic Priority,20260791,37,22,73.0884,73.0834,73.0488,0,0,58.75,1.5,0.4,0.15,0.0804
TLBO + Dynamic Priority,20260791,37,23,73.0884,73.0884,73.0884,0,0,58.75,1.5,0.4,0.15,0.0624
TLBO + Dynamic Priority,20260791,37,24,73.0884,73.0884,73.0884,0,0,58.75,1.5,0.4,0.15,0.0429
TLBO + Dynamic Priority,20260791,37,25,73.1712,73.1016,73.0884,0,0,58.75,1.5,0.4,0.15,0.0935
TLBO + Dynamic Priority,20260791,37,26,73.1712,73.1298,73.0884,0,0,58.75,1.5,0.4,0.15,0.088
TLBO + Dynamic Priority,20260791,37,27,73.1712,73.1505,73.0884,0,0,58.75,1.5,0.4,0.15,0.091
TLBO + Dynamic Priority,20260791,37,28,73.1712,73.1608,73.0884,0,0,58.75,1.5,0.4,0.15,0.0848
TLBO + Dynamic Priority,20260791,37,29,73.1712,73.1712,73.1712,0,0,58.75,1.5,0.4,0.15,0.0605
TLBO + Dynamic Priority,20260791,37,30,73.1712,73.1712,73.1712,0,0,58.75,1.5,0.4,0.15,0.0475
TLBO + Dynamic Priority,20260791,37,31,73.1712,73.1712,73.1712,0,0,58.75,1.5,0.4,0.15,0.0522
TLBO + Dynamic Priority,20260791,37,32,73.1712,73.1712,73.1712,0,0,58.75,1.5,0.4,0.15,0.0465
TLBO + Dynamic Priority,20260791,37,33,73.1712,73.1712,73.1712,0,0,58.75,1.5,0.4,0.15,0.0546
TLBO + Dynamic Priority,20260791,37,34,73.1712,73.1712,73.1712,0,0,58.75,1.5,0.4,0.15,0.0569
TLBO + Dynamic Priority,20260791,37,35,73.1712,73.1712,73.1712,0,0,58.75,1.5,0.4,0.15,0.0607
TLBO + Dynamic Priority,20260791,37,36,73.1712,73.1712,73.1712,0,0,58.75,1.5,0.4,0.15,0.044
TLBO + Dynamic Priority,20260791,37,37,73.242,73.18,73.1712,0,0,58.75,1.5,0.4,0.15,0.0707
TLBO + Dynamic Priority,20260791,37,38,73.242,73.2066,73.1712,0,0,58.75,1.5,0.4,0.15,0.0975
TLBO + Dynamic Priority,20260791,37,39,73.26,73.2354,73.1712,0,0,58.75,1.5,0.4,0.15,0.123
TLBO + Dynamic Priority,20260791,37,40,73.26,73.2488,73.242,0,0,58.75,1.5,0.4,0.15,0.1033
TLBO + Dynamic Priority,20260791,37,41,73.26,73.2533,73.242,0,0,58.75,1.5,0.4,0.15,0.099
TLBO + Dynamic Priority,20260791,37,42,73.26,73.2555,73.242,0,0,58.75,1.5,0.4,0.15,0.085
TLBO + Dynamic Priority,20260791,37,43,73.26,73.2578,73.242,0,0,58.75,1.5,0.4,0.15,0.064
TLBO + Dynamic Priority,20260791,37,44,73.26,73.26,73.26,0,0,58.75,1.5,0.4,0.15,0.0467
TLBO + Dynamic Priority,20260791,37,45,73.26,73.26,73.26,0,0,58.75,1.5,0.4,0.15,0.0564
TLBO + Dynamic Priority,20260791,37,46,73.26,73.26,73.26,0,0,58.75,1.5,0.4,0.15,0.0567
TLBO + Dynamic Priority,20260791,37,47,73.26,73.26,73.26,0,0,58.75,1.5,0.4,0.15,0.0455
TLBO + Dynamic Priority,20260791,37,48,73.26,73.26,73.26,0,0,58.75,1.5,0.4,0.15,0.0389
TLBO + Dynamic Priority,20260791,37,49,73.26,73.26,73.26,0,0,58.75,1.5,0.4,0.15,0.0501
TLBO + Dynamic Priority,20260791,37,50,73.26,73.26,73.26,0,0,58.75,1.5,0.4,0.15,0.0395
TLBO + Dynamic Priority,20260792,38,1,72.7696,53.9979,0.0,0,0,61.25,1.5,0.4,0.15,0.1768
TLBO + Dynamic Priority,20260792,38,2,72.7696,63.0941,0.0,0,0,61.25,1.5,0.4,0.15,0.1701
TLBO + Dynamic Priority,20260792,38,3,72.7696,72.1903,71.32,0,0,61.25,1.5,0.4,0.15,0.1561
TLBO + Dynamic Priority,20260792,38,4,72.7696,72.4012,71.614,0,0,61.25,1.5,0.4,0.15,0.1322
TLBO + Dynamic Priority,20260792,38,5,72.8356,72.5584,71.8552,0,0,61.25,1.5,0.4,0.15,0.1305
TLBO + Dynamic Priority,20260792,38,6,72.8356,72.7458,72.3488,0,0,61.25,1.5,0.4,0.15,0.1285
TLBO + Dynamic Priority,20260792,38,7,72.904,72.8275,72.7656,0,0,61.25,1.5,0.4,0.15,0.106
TLBO + Dynamic Priority,20260792,38,8,72.904,72.8448,72.802,0,0,61.25,1.5,0.4,0.15,0.1287
TLBO + Dynamic Priority,20260792,38,9,72.962,72.8946,72.8356,0,0,62.5,1.5,0.4,0.15,0.111
TLBO + Dynamic Priority,20260792,38,10,73.0364,72.931,72.8356,0,0,62.5,1.5,0.4,0.15,0.1235
TLBO + Dynamic Priority,20260792,38,11,73.2416,73.0355,72.904,0,0,62.5,1.5,0.4,0.15,0.1381
TLBO + Dynamic Priority,20260792,38,12,73.2416,73.1071,72.904,0,0,62.5,1.5,0.4,0.15,0.1488
TLBO + Dynamic Priority,20260792,38,13,73.2416,73.1646,72.962,0,0,62.5,1.5,0.4,0.15,0.1338
TLBO + Dynamic Priority,20260792,38,14,73.286,73.2051,73.0364,0,0,62.5,1.5,0.4,0.15,0.14
TLBO + Dynamic Priority,20260792,38,15,73.286,73.2451,73.1144,0,0,62.5,1.5,0.4,0.15,0.1255
TLBO + Dynamic Priority,20260792,38,16,73.286,73.2721,73.2376,0,0,62.5,1.5,0.4,0.15,0.1305
TLBO + Dynamic Priority,20260792,38,17,73.286,73.2782,73.2416,0,0,62.5,1.5,0.4,0.15,0.1261
TLBO + Dynamic Priority,20260792,38,18,73.286,73.2837,73.268,0,0,62.5,1.5,0.4,0.15,0.1235
TLBO + Dynamic Priority,20260792,38,19,73.334,73.292,73.286,0,0,63.75,1.5,0.4,0.15,0.1019
TLBO + Dynamic Priority,20260792,38,20,73.334,73.304,73.286,0,0,63.75,1.5,0.4,0.15,0.1391
TLBO + Dynamic Priority,20260792,38,21,73.334,73.31,73.286,0,0,63.75,1.5,0.4,0.15,0.132
TLBO + Dynamic Priority,20260792,38,22,73.334,73.322,73.286,0,0,63.75,1.5,0.4,0.15,0.1044
TLBO + Dynamic Priority,20260792,38,23,73.334,73.328,73.286,0,0,63.75,1.5,0.4,0.15,0.098
TLBO + Dynamic Priority,20260792,38,24,73.334,73.334,73.334,0,0,63.75,1.5,0.4,0.15,0.0657
TLBO + Dynamic Priority,20260792,38,25,73.334,73.334,73.334,0,0,63.75,1.5,0.4,0.15,0.0671
TLBO + Dynamic Priority,20260792,38,26,73.334,73.334,73.334,0,0,63.75,1.5,0.4,0.15,0.0605
TLBO + Dynamic Priority,20260792,38,27,73.334,73.334,73.334,0,0,63.75,1.5,0.4,0.15,0.0663
TLBO + Dynamic Priority,20260792,38,28,73.334,73.334,73.334,0,0,63.75,1.5,0.4,0.15,0.0527
TLBO + Dynamic Priority,20260792,38,29,73.334,73.334,73.334,0,0,63.75,1.5,0.4,0.15,0.042
TLBO + Dynamic Priority,20260792,38,30,73.334,73.334,73.334,0,0,63.75,1.5,0.4,0.15,0.0581
TLBO + Dynamic Priority,20260792,38,31,73.334,73.334,73.334,0,0,63.75,1.5,0.4,0.15,0.0595
TLBO + Dynamic Priority,20260792,38,32,73.334,73.334,73.334,0,0,63.75,1.5,0.4,0.15,0.0669
TLBO + Dynamic Priority,20260792,38,33,73.334,73.334,73.334,0,0,63.75,1.5,0.4,0.15,0.0753
TLBO + Dynamic Priority,20260792,38,34,73.334,73.334,73.334,0,0,63.75,1.5,0.4,0.15,0.0617
TLBO + Dynamic Priority,20260792,38,35,73.334,73.334,73.334,0,0,63.75,1.5,0.4,0.15,0.0673
TLBO + Dynamic Priority,20260792,38,36,73.334,73.334,73.334,0,0,63.75,1.5,0.4,0.15,0.0581
TLBO + Dynamic Priority,20260792,38,37,73.334,73.334,73.334,0,0,63.75,1.5,0.4,0.15,0.0562
TLBO + Dynamic Priority,20260792,38,38,73.334,73.334,73.334,0,0,63.75,1.5,0.4,0.15,0.0499
TLBO + Dynamic Priority,20260792,38,39,73.334,73.334,73.334,0,0,63.75,1.5,0.4,0.15,0.057
TLBO + Dynamic Priority,20260792,38,40,73.334,73.334,73.334,0,0,63.75,1.5,0.4,0.15,0.0626
TLBO + Dynamic Priority,20260792,38,41,73.334,73.334,73.334,0,0,63.75,1.5,0.4,0.15,0.0476
TLBO + Dynamic Priority,20260792,38,42,73.334,73.334,73.334,0,0,63.75,1.5,0.4,0.15,0.0502
TLBO + Dynamic Priority,20260792,38,43,73.334,73.334,73.334,0,0,63.75,1.5,0.4,0.15,0.0572
TLBO + Dynamic Priority,20260792,38,44,73.334,73.334,73.334,0,0,63.75,1.5,0.4,0.15,0.0587
TLBO + Dynamic Priority,20260792,38,45,73.334,73.334,73.334,0,0,63.75,1.5,0.4,0.15,0.0558
TLBO + Dynamic Priority,20260792,38,46,73.334,73.334,73.334,0,0,63.75,1.5,0.4,0.15,0.0647
TLBO + Dynamic Priority,20260792,38,47,73.334,73.334,73.334,0,0,63.75,1.5,0.4,0.15,0.0534
TLBO + Dynamic Priority,20260792,38,48,73.334,73.334,73.334,0,0,63.75,1.5,0.4,0.15,0.053
TLBO + Dynamic Priority,20260792,38,49,73.334,73.334,73.334,0,0,63.75,1.5,0.4,0.15,0.0643
TLBO + Dynamic Priority,20260792,38,50,73.334,73.334,73.334,0,0,63.75,1.5,0.4,0.15,0.0528
TLBO + Dynamic Priority,20260793,39,1,72.8488,36.0981,0.0,0,0,62.5,1.5,0.4,0.15,0.1893
TLBO + Dynamic Priority,20260793,39,2,72.8488,45.2042,0.0,0,0,62.5,1.5,0.4,0.15,0.1704
TLBO + Dynamic Priority,20260793,39,3,72.8488,54.3103,0.0,0,0,62.5,1.5,0.4,0.15,0.151
TLBO + Dynamic Priority,20260793,39,4,72.8488,63.4164,0.0,0,0,62.5,1.5,0.4,0.15,0.1468
TLBO + Dynamic Priority,20260793,39,5,72.8488,72.5225,71.682,0,0,62.5,1.5,0.4,0.15,0.1071
TLBO + Dynamic Priority,20260793,39,6,72.8488,72.6684,71.7848,0,0,62.5,1.5,0.4,0.15,0.0879
TLBO + Dynamic Priority,20260793,39,7,72.8488,72.8013,72.4692,0,0,62.5,1.5,0.4,0.15,0.0954
TLBO + Dynamic Priority,20260793,39,8,72.8488,72.8488,72.8488,0,0,62.5,1.5,0.4,0.15,0.0477
TLBO + Dynamic Priority,20260793,39,9,72.8488,72.8488,72.8488,0,0,62.5,1.5,0.4,0.15,0.0405
TLBO + Dynamic Priority,20260793,39,10,72.8488,72.8488,72.8488,0,0,62.5,1.5,0.4,0.15,0.0623
TLBO + Dynamic Priority,20260793,39,11,72.8708,72.8516,72.8488,0,0,62.5,1.5,0.4,0.15,0.0697
TLBO + Dynamic Priority,20260793,39,12,72.9472,72.8743,72.8488,0,0,62.5,1.5,0.4,0.15,0.1197
TLBO + Dynamic Priority,20260793,39,13,72.9472,72.9025,72.8488,0,0,62.5,1.5,0.4,0.15,0.1216
TLBO + Dynamic Priority,20260793,39,14,73.0656,72.9545,72.9104,0,0,62.5,1.5,0.4,0.15,0.1263
TLBO + Dynamic Priority,20260793,39,15,73.0656,72.9852,72.9104,0,0,62.5,1.5,0.4,0.15,0.1398
TLBO + Dynamic Priority,20260793,39,16,73.0656,73.0075,72.9148,0,0,62.5,1.5,0.4,0.15,0.1331
TLBO + Dynamic Priority,20260793,39,17,73.0656,73.0264,72.9472,0,0,62.5,1.5,0.4,0.15,0.1224
TLBO + Dynamic Priority,20260793,39,18,73.0656,73.0412,72.9712,0,0,62.5,1.5,0.4,0.15,0.1293
TLBO + Dynamic Priority,20260793,39,19,73.0656,73.0598,73.0372,0,0,62.5,1.5,0.4,0.15,0.099
TLBO + Dynamic Priority,20260793,39,20,73.0656,73.0634,73.048,0,0,62.5,1.5,0.4,0.15,0.0701
TLBO + Dynamic Priority,20260793,39,21,73.0656,73.0656,73.0656,0,0,62.5,1.5,0.4,0.15,0.0467
TLBO + Dynamic Priority,20260793,39,22,73.0656,73.0656,73.0656,0,0,62.5,1.5,0.4,0.15,0.0502
TLBO + Dynamic Priority,20260793,39,23,73.0656,73.0656,73.0656,0,0,62.5,1.5,0.4,0.15,0.0445
TLBO + Dynamic Priority,20260793,39,24,73.0656,73.0656,73.0656,0,0,62.5,1.5,0.4,0.15,0.0622
TLBO + Dynamic Priority,20260793,39,25,73.0656,73.0656,73.0656,0,0,62.5,1.5,0.4,0.15,0.0458
TLBO + Dynamic Priority,20260793,39,26,73.0656,73.0656,73.0656,0,0,62.5,1.5,0.4,0.15,0.0671
TLBO + Dynamic Priority,20260793,39,27,73.0656,73.0656,73.0656,0,0,62.5,1.5,0.4,0.15,0.0475
TLBO + Dynamic Priority,20260793,39,28,73.0656,73.0656,73.0656,0,0,62.5,1.5,0.4,0.15,0.0467
TLBO + Dynamic Priority,20260793,39,29,73.0656,73.0656,73.0656,0,0,62.5,1.5,0.4,0.15,0.0462
TLBO + Dynamic Priority,20260793,39,30,73.0656,73.0656,73.0656,0,0,62.5,1.5,0.4,0.15,0.0576
TLBO + Dynamic Priority,20260793,39,31,73.0656,73.0656,73.0656,0,0,62.5,1.5,0.4,0.15,0.0504
TLBO + Dynamic Priority,20260793,39,32,73.0656,73.0656,73.0656,0,0,62.5,1.5,0.4,0.15,0.0544
TLBO + Dynamic Priority,20260793,39,33,73.0656,73.0656,73.0656,0,0,62.5,1.5,0.4,0.15,0.0545
TLBO + Dynamic Priority,20260793,39,34,73.0656,73.0656,73.0656,0,0,62.5,1.5,0.4,0.15,0.0438
TLBO + Dynamic Priority,20260793,39,35,73.0656,73.0656,73.0656,0,0,62.5,1.5,0.4,0.15,0.0391
TLBO + Dynamic Priority,20260793,39,36,73.136,73.0744,73.0656,0,0,62.5,1.5,0.4,0.15,0.0645
TLBO + Dynamic Priority,20260793,39,37,73.136,73.097,73.0656,0,0,62.5,1.5,0.4,0.15,0.1094
TLBO + Dynamic Priority,20260793,39,38,73.136,73.1059,73.0656,0,0,62.5,1.5,0.4,0.15,0.1264
TLBO + Dynamic Priority,20260793,39,39,73.136,73.1202,73.0656,0,0,62.5,1.5,0.4,0.15,0.1175
TLBO + Dynamic Priority,20260793,39,40,73.136,73.129,73.106,0,0,62.5,1.5,0.4,0.15,0.0897
TLBO + Dynamic Priority,20260793,39,41,73.136,73.1328,73.11,0,0,62.5,1.5,0.4,0.15,0.0814
TLBO + Dynamic Priority,20260793,39,42,73.136,73.136,73.136,0,0,62.5,1.5,0.4,0.15,0.0566
TLBO + Dynamic Priority,20260793,39,43,73.136,73.136,73.136,0,0,62.5,1.5,0.4,0.15,0.0463
TLBO + Dynamic Priority,20260793,39,44,73.136,73.136,73.136,0,0,62.5,1.5,0.4,0.15,0.0473
TLBO + Dynamic Priority,20260793,39,45,73.136,73.136,73.136,0,0,62.5,1.5,0.4,0.15,0.0607
TLBO + Dynamic Priority,20260793,39,46,73.136,73.136,73.136,0,0,62.5,1.5,0.4,0.15,0.0611
TLBO + Dynamic Priority,20260793,39,47,73.136,73.136,73.136,0,0,62.5,1.5,0.4,0.15,0.0834
TLBO + Dynamic Priority,20260793,39,48,73.1852,73.1422,73.136,0,0,62.5,1.5,0.4,0.15,0.1081
TLBO + Dynamic Priority,20260793,39,49,73.1852,73.1544,73.136,0,0,62.5,1.5,0.4,0.15,0.1079
TLBO + Dynamic Priority,20260793,39,50,73.1852,73.1729,73.136,0,0,62.5,1.5,0.4,0.15,0.1091
TLBO + Dynamic Priority,20260794,40,1,72.9456,63.0792,0.0,0,0,63.75,1.5,0.4,0.15,0.1817
TLBO + Dynamic Priority,20260794,40,2,72.9456,72.1974,71.5132,0,0,63.75,1.5,0.4,0.15,0.1627
TLBO + Dynamic Priority,20260794,40,3,72.9456,72.4307,71.8188,0,0,63.75,1.5,0.4,0.15,0.1485
TLBO + Dynamic Priority,20260794,40,4,72.9456,72.5716,71.9284,0,0,63.75,1.5,0.4,0.15,0.14
TLBO + Dynamic Priority,20260794,40,5,72.9456,72.6987,72.16,0,0,63.75,1.5,0.4,0.15,0.1217
TLBO + Dynamic Priority,20260794,40,6,72.9456,72.7969,72.3076,0,0,63.75,1.5,0.4,0.15,0.0871
TLBO + Dynamic Priority,20260794,40,7,72.9456,72.8766,72.394,0,0,63.75,1.5,0.4,0.15,0.0807
TLBO + Dynamic Priority,20260794,40,8,72.9456,72.9456,72.9456,0,0,63.75,1.5,0.4,0.15,0.0501
TLBO + Dynamic Priority,20260794,40,9,72.9456,72.9456,72.9456,0,0,63.75,1.5,0.4,0.15,0.0593
TLBO + Dynamic Priority,20260794,40,10,73.1448,72.9705,72.9456,0,0,65.0,1.5,0.4,0.15,0.0646
TLBO + Dynamic Priority,20260794,40,11,73.1628,73.0851,72.9456,0,0,65.0,1.5,0.4,0.15,0.1076
TLBO + Dynamic Priority,20260794,40,12,73.2252,73.1308,72.996,0,0,66.25,1.5,0.4,0.15,0.1443
TLBO + Dynamic Priority,20260794,40,13,73.3116,73.2138,73.1244,0,0,66.25,1.5,0.4,0.15,0.1205
TLBO + Dynamic Priority,20260794,40,14,73.3116,73.2678,73.2252,0,0,66.25,1.5,0.4,0.15,0.127
TLBO + Dynamic Priority,20260794,40,15,73.3116,73.2786,73.2252,0,0,66.25,1.5,0.4,0.15,0.1239
TLBO + Dynamic Priority,20260794,40,16,73.356,73.3171,73.2672,0,0,66.25,1.5,0.4,0.15,0.1085
TLBO + Dynamic Priority,20260794,40,17,73.356,73.3338,73.3116,0,0,66.25,1.5,0.4,0.15,0.0973
TLBO + Dynamic Priority,20260794,40,18,73.356,73.3449,73.3116,0,0,66.25,1.5,0.4,0.15,0.1095
TLBO + Dynamic Priority,20260794,40,19,73.356,73.3504,73.3116,0,0,66.25,1.5,0.4,0.15,0.0978
TLBO + Dynamic Priority,20260794,40,20,73.356,73.356,73.356,0,0,66.25,1.5,0.4,0.15,0.0599
TLBO + Dynamic Priority,20260794,40,21,73.356,73.356,73.356,0,0,66.25,1.5,0.4,0.15,0.0454
TLBO + Dynamic Priority,20260794,40,22,73.356,73.356,73.356,0,0,66.25,1.5,0.4,0.15,0.0512
TLBO + Dynamic Priority,20260794,40,23,73.356,73.356,73.356,0,0,66.25,1.5,0.4,0.15,0.0552
TLBO + Dynamic Priority,20260794,40,24,73.356,73.356,73.356,0,0,66.25,1.5,0.4,0.15,0.0477
TLBO + Dynamic Priority,20260794,40,25,73.356,73.356,73.356,0,0,66.25,1.5,0.4,0.15,0.052
TLBO + Dynamic Priority,20260794,40,26,73.356,73.356,73.356,0,0,66.25,1.5,0.4,0.15,0.0474
TLBO + Dynamic Priority,20260794,40,27,73.356,73.356,73.356,0,0,66.25,1.5,0.4,0.15,0.0451
TLBO + Dynamic Priority,20260794,40,28,73.356,73.356,73.356,0,0,66.25,1.5,0.4,0.15,0.0476
TLBO + Dynamic Priority,20260794,40,29,73.356,73.356,73.356,0,0,66.25,1.5,0.4,0.15,0.0637
TLBO + Dynamic Priority,20260794,40,30,73.356,73.356,73.356,0,0,66.25,1.5,0.4,0.15,0.0689
TLBO + Dynamic Priority,20260794,40,31,73.356,73.356,73.356,0,0,66.25,1.5,0.4,0.15,0.0681
TLBO + Dynamic Priority,20260794,40,32,73.356,73.356,73.356,0,0,66.25,1.5,0.4,0.15,0.0742
TLBO + Dynamic Priority,20260794,40,33,73.356,73.356,73.356,0,0,66.25,1.5,0.4,0.15,0.07
TLBO + Dynamic Priority,20260794,40,34,73.356,73.356,73.356,0,0,66.25,1.5,0.4,0.15,0.0578
TLBO + Dynamic Priority,20260794,40,35,73.356,73.356,73.356,0,0,66.25,1.5,0.4,0.15,0.0479
TLBO + Dynamic Priority,20260794,40,36,73.356,73.356,73.356,0,0,66.25,1.5,0.4,0.15,0.0539
TLBO + Dynamic Priority,20260794,40,37,73.356,73.356,73.356,0,0,66.25,1.5,0.4,0.15,0.0511
TLBO + Dynamic Priority,20260794,40,38,73.356,73.356,73.356,0,0,66.25,1.5,0.4,0.15,0.0675
TLBO + Dynamic Priority,20260794,40,39,73.356,73.356,73.356,0,0,66.25,1.5,0.4,0.15,0.0522
TLBO + Dynamic Priority,20260794,40,40,73.356,73.356,73.356,0,0,66.25,1.5,0.4,0.15,0.0632
TLBO + Dynamic Priority,20260794,40,41,73.356,73.356,73.356,0,0,66.25,1.5,0.4,0.15,0.0705
TLBO + Dynamic Priority,20260794,40,42,73.356,73.356,73.356,0,0,66.25,1.5,0.4,0.15,0.0529
TLBO + Dynamic Priority,20260794,40,43,73.356,73.356,73.356,0,0,66.25,1.5,0.4,0.15,0.0506
TLBO + Dynamic Priority,20260794,40,44,73.356,73.356,73.356,0,0,66.25,1.5,0.4,0.15,0.0575
TLBO + Dynamic Priority,20260794,40,45,73.356,73.356,73.356,0,0,66.25,1.5,0.4,0.15,0.0525
TLBO + Dynamic Priority,20260794,40,46,73.356,73.356,73.356,0,0,66.25,1.5,0.4,0.15,0.053
TLBO + Dynamic Priority,20260794,40,47,73.356,73.356,73.356,0,0,66.25,1.5,0.4,0.15,0.0472
TLBO + Dynamic Priority,20260794,40,48,73.356,73.356,73.356,0,0,66.25,1.5,0.4,0.15,0.0582
TLBO + Dynamic Priority,20260794,40,49,73.356,73.356,73.356,0,0,66.25,1.5,0.4,0.15,0.0446
TLBO + Dynamic Priority,20260794,40,50,73.356,73.356,73.356,0,0,66.25,1.5,0.4,0.15,0.0517
TLBO + Dynamic Priority + Faculty Satisfaction,20260795,1,1,93.508,81.5277,0.0,0,0,92.5,1.5,0.4,0.15,0.1887
TLBO + Dynamic Priority + Faculty Satisfaction,20260795,1,2,93.508,93.2266,92.792,0,0,92.5,1.5,0.4,0.15,0.1749
TLBO + Dynamic Priority + Faculty Satisfaction,20260795,1,3,93.508,93.3161,92.9772,0,0,92.5,1.5,0.4,0.15,0.1664
TLBO + Dynamic Priority + Faculty Satisfaction,20260795,1,4,93.7336,93.4107,93.138,0,0,92.5,1.5,0.4,0.15,0.1692
TLBO + Dynamic Priority + Faculty Satisfaction,20260795,1,5,93.7336,93.5241,93.1704,0,0,92.5,1.5,0.4,0.15,0.1557
TLBO + Dynamic Priority + Faculty Satisfaction,20260795,1,6,93.7336,93.6186,93.2632,0,0,92.5,1.5,0.4,0.15,0.1505
TLBO + Dynamic Priority + Faculty Satisfaction,20260795,1,7,93.7336,93.6844,93.456,0,0,92.5,1.5,0.4,0.15,0.1256
TLBO + Dynamic Priority + Faculty Satisfaction,20260795,1,8,93.7392,93.7287,93.6892,0,0,92.5,1.5,0.4,0.15,0.1048
TLBO + Dynamic Priority + Faculty Satisfaction,20260795,1,9,93.7392,93.735,93.7336,0,0,92.5,1.5,0.4,0.15,0.1077
TLBO + Dynamic Priority + Faculty Satisfaction,20260795,1,10,93.7416,93.7367,93.7336,0,0,92.5,1.5,0.4,0.15,0.1131
TLBO + Dynamic Priority + Faculty Satisfaction,20260795,1,11,93.7512,93.7402,93.7336,0,0,92.5,1.5,0.4,0.15,0.1237
TLBO + Dynamic Priority + Faculty Satisfaction,20260795,1,12,93.7512,93.7424,93.7336,0,0,92.5,1.5,0.4,0.15,0.1434
TLBO + Dynamic Priority + Faculty Satisfaction,20260795,1,13,93.7896,93.7509,93.7392,0,0,92.5,1.5,0.4,0.15,0.1258
TLBO + Dynamic Priority + Faculty Satisfaction,20260795,1,14,93.888,93.7831,93.7416,0,0,92.5,1.5,0.4,0.15,0.1282
TLBO + Dynamic Priority + Faculty Satisfaction,20260795,1,15,93.888,93.8097,93.7416,0,0,92.5,1.5,0.4,0.15,0.1403
TLBO + Dynamic Priority + Faculty Satisfaction,20260795,1,16,93.888,93.8315,93.7676,0,0,92.5,1.5,0.4,0.15,0.1255
TLBO + Dynamic Priority + Faculty Satisfaction,20260795,1,17,93.888,93.8581,93.7896,0,0,92.5,1.5,0.4,0.15,0.1302
TLBO + Dynamic Priority + Faculty Satisfaction,20260795,1,18,93.888,93.8765,93.7956,0,0,92.5,1.5,0.4,0.15,0.074
TLBO + Dynamic Priority + Faculty Satisfaction,20260795,1,19,93.888,93.888,93.888,0,0,92.5,1.5,0.4,0.15,0.0504
TLBO + Dynamic Priority + Faculty Satisfaction,20260795,1,20,93.892,93.8885,93.888,0,0,92.5,1.5,0.4,0.15,0.0963
TLBO + Dynamic Priority + Faculty Satisfaction,20260795,1,21,93.892,93.889,93.888,0,0,92.5,1.5,0.4,0.15,0.0997
TLBO + Dynamic Priority + Faculty Satisfaction,20260795,1,22,93.892,93.8895,93.888,0,0,92.5,1.5,0.4,0.15,0.099
TLBO + Dynamic Priority + Faculty Satisfaction,20260795,1,23,93.892,93.8905,93.888,0,0,92.5,1.5,0.4,0.15,0.1207
TLBO + Dynamic Priority + Faculty Satisfaction,20260795,1,24,93.892,93.891,93.888,0,0,92.5,1.5,0.4,0.15,0.1088
TLBO + Dynamic Priority + Faculty Satisfaction,20260795,1,25,93.892,93.8915,93.888,0,0,92.5,1.5,0.4,0.15,0.0764
TLBO + Dynamic Priority + Faculty Satisfaction,20260795,1,26,93.892,93.892,93.892,0,0,92.5,1.5,0.4,0.15,0.0638
TLBO + Dynamic Priority + Faculty Satisfaction,20260795,1,27,93.892,93.892,93.892,0,0,92.5,1.5,0.4,0.15,0.0609
TLBO + Dynamic Priority + Faculty Satisfaction,20260795,1,28,93.892,93.892,93.892,0,0,92.5,1.5,0.4,0.15,0.0752
TLBO + Dynamic Priority + Faculty Satisfaction,20260795,1,29,93.892,93.892,93.892,0,0,92.5,1.5,0.4,0.15,0.0802
TLBO + Dynamic Priority + Faculty Satisfaction,20260795,1,30,93.892,93.892,93.892,0,0,92.5,1.5,0.4,0.15,0.085
TLBO + Dynamic Priority + Faculty Satisfaction,20260795,1,31,93.892,93.892,93.892,0,0,92.5,1.5,0.4,0.15,0.0828
TLBO + Dynamic Priority + Faculty Satisfaction,20260795,1,32,93.892,93.892,93.892,0,0,92.5,1.5,0.4,0.15,0.0888
TLBO + Dynamic Priority + Faculty Satisfaction,20260795,1,33,93.892,93.892,93.892,0,0,92.5,1.5,0.4,0.15,0.0784
TLBO + Dynamic Priority + Faculty Satisfaction,20260795,1,34,93.892,93.892,93.892,0,0,92.5,1.5,0.4,0.15,0.0725
TLBO + Dynamic Priority + Faculty Satisfaction,20260795,1,35,93.892,93.892,93.892,0,0,92.5,1.5,0.4,0.15,0.0853
TLBO + Dynamic Priority + Faculty Satisfaction,20260795,1,36,93.892,93.892,93.892,0,0,92.5,1.5,0.4,0.15,0.0802
TLBO + Dynamic Priority + Faculty Satisfaction,20260795,1,37,93.892,93.892,93.892,0,0,92.5,1.5,0.4,0.15,0.0726
TLBO + Dynamic Priority + Faculty Satisfaction,20260795,1,38,93.892,93.892,93.892,0,0,92.5,1.5,0.4,0.15,0.0669
TLBO + Dynamic Priority + Faculty Satisfaction,20260795,1,39,93.892,93.892,93.892,0,0,92.5,1.5,0.4,0.15,0.0747
TLBO + Dynamic Priority + Faculty Satisfaction,20260795,1,40,93.892,93.892,93.892,0,0,92.5,1.5,0.4,0.15,0.0776
TLBO + Dynamic Priority + Faculty Satisfaction,20260795,1,41,93.892,93.892,93.892,0,0,92.5,1.5,0.4,0.15,0.0769
TLBO + Dynamic Priority + Faculty Satisfaction,20260795,1,42,93.892,93.892,93.892,0,0,92.5,1.5,0.4,0.15,0.0939
TLBO + Dynamic Priority + Faculty Satisfaction,20260795,1,43,93.892,93.892,93.892,0,0,92.5,1.5,0.4,0.15,0.0609
TLBO + Dynamic Priority + Faculty Satisfaction,20260795,1,44,93.892,93.892,93.892,0,0,92.5,1.5,0.4,0.15,0.0703
TLBO + Dynamic Priority + Faculty Satisfaction,20260795,1,45,93.892,93.892,93.892,0,0,92.5,1.5,0.4,0.15,0.0676
TLBO + Dynamic Priority + Faculty Satisfaction,20260795,1,46,93.892,93.892,93.892,0,0,92.5,1.5,0.4,0.15,0.0622
TLBO + Dynamic Priority + Faculty Satisfaction,20260795,1,47,93.892,93.892,93.892,0,0,92.5,1.5,0.4,0.15,0.0754
TLBO + Dynamic Priority + Faculty Satisfaction,20260795,1,48,93.892,93.892,93.892,0,0,92.5,1.5,0.4,0.15,0.0752
TLBO + Dynamic Priority + Faculty Satisfaction,20260795,1,49,93.892,93.892,93.892,0,0,92.5,1.5,0.4,0.15,0.0597
TLBO + Dynamic Priority + Faculty Satisfaction,20260795,1,50,93.892,93.892,93.892,0,0,92.5,1.5,0.4,0.15,0.0498
TLBO + Dynamic Priority + Faculty Satisfaction,20260796,2,1,93.442,46.4988,0.0,0,0,92.5,1.5,0.4,0.15,0.1908
TLBO + Dynamic Priority + Faculty Satisfaction,20260796,2,2,93.442,69.8659,0.0,0,0,92.5,1.5,0.4,0.15,0.1759
TLBO + Dynamic Priority + Faculty Satisfaction,20260796,2,3,93.442,81.5461,0.0,0,0,92.5,1.5,0.4,0.15,0.175
TLBO + Dynamic Priority + Faculty Satisfaction,20260796,2,4,93.514,93.2771,92.87,0,0,92.5,1.5,0.4,0.15,0.1681
TLBO + Dynamic Priority + Faculty Satisfaction,20260796,2,5,93.5524,93.3803,93.0204,0,0,92.5,1.5,0.4,0.15,0.156
TLBO + Dynamic Priority + Faculty Satisfaction,20260796,2,6,93.6712,93.4755,93.058,0,0,92.5,1.5,0.4,0.15,0.1258
TLBO + Dynamic Priority + Faculty Satisfaction,20260796,2,7,93.7576,93.6346,93.514,0,0,92.5,1.5,0.4,0.15,0.1343
TLBO + Dynamic Priority + Faculty Satisfaction,20260796,2,8,93.7576,93.7064,93.5908,0,0,92.5,1.5,0.4,0.15,0.1329
TLBO + Dynamic Priority + Faculty Satisfaction,20260796,2,9,93.7576,93.7325,93.6712,0,0,92.5,1.5,0.4,0.15,0.0928
TLBO + Dynamic Priority + Faculty Satisfaction,20260796,2,10,93.802,93.7488,93.6872,0,0,92.5,1.5,0.4,0.15,0.1104
TLBO + Dynamic Priority + Faculty Satisfaction,20260796,2,11,93.802,93.7692,93.7132,0,0,92.5,1.5,0.4,0.15,0.0991
TLBO + Dynamic Priority + Faculty Satisfaction,20260796,2,12,93.802,93.7919,93.7616,0,0,92.5,1.5,0.4,0.15,0.1054
TLBO + Dynamic Priority + Faculty Satisfaction,20260796,2,13,93.806,93.7974,93.7616,0,0,92.5,1.5,0.4,0.15,0.0935
TLBO + Dynamic Priority + Faculty Satisfaction,20260796,2,14,93.85,93.809,93.802,0,0,92.5,1.5,0.4,0.15,0.1198
TLBO + Dynamic Priority + Faculty Satisfaction,20260796,2,15,93.8992,93.8332,93.802,0,0,92.5,1.5,0.4,0.15,0.1005
TLBO + Dynamic Priority + Faculty Satisfaction,20260796,2,16,93.8992,93.8636,93.802,0,0,92.5,1.5,0.4,0.15,0.1276
TLBO + Dynamic Priority + Faculty Satisfaction,20260796,2,17,93.8992,93.8757,93.806,0,0,92.5,1.5,0.4,0.15,0.1036
TLBO + Dynamic Priority + Faculty Satisfaction,20260796,2,18,93.8992,93.893,93.85,0,0,92.5,1.5,0.4,0.15,0.0843
TLBO + Dynamic Priority + Faculty Satisfaction,20260796,2,19,93.8992,93.8992,93.8992,0,0,92.5,1.5,0.4,0.15,0.0594
TLBO + Dynamic Priority + Faculty Satisfaction,20260796,2,20,93.8992,93.8992,93.8992,0,0,92.5,1.5,0.4,0.15,0.0669
TLBO + Dynamic Priority + Faculty Satisfaction,20260796,2,21,93.8992,93.8992,93.8992,0,0,92.5,1.5,0.4,0.15,0.0698
TLBO + Dynamic Priority + Faculty Satisfaction,20260796,2,22,93.8992,93.8992,93.8992,0,0,92.5,1.5,0.4,0.15,0.0789
TLBO + Dynamic Priority + Faculty Satisfaction,20260796,2,23,93.8992,93.8992,93.8992,0,0,92.5,1.5,0.4,0.15,0.0567
TLBO + Dynamic Priority + Faculty Satisfaction,20260796,2,24,93.8992,93.8992,93.8992,0,0,92.5,1.5,0.4,0.15,0.0525
TLBO + Dynamic Priority + Faculty Satisfaction,20260796,2,25,93.8992,93.8992,93.8992,0,0,92.5,1.5,0.4,0.15,0.0519
TLBO + Dynamic Priority + Faculty Satisfaction,20260796,2,26,93.8992,93.8992,93.8992,0,0,92.5,1.5,0.4,0.15,0.0531
TLBO + Dynamic Priority + Faculty Satisfaction,20260796,2,27,93.9032,93.8997,93.8992,0,0,92.5,1.5,0.4,0.15,0.0794
TLBO + Dynamic Priority + Faculty Satisfaction,20260796,2,28,93.9032,93.9012,93.8992,0,0,92.5,1.5,0.4,0.15,0.0998
TLBO + Dynamic Priority + Faculty Satisfaction,20260796,2,29,93.9032,93.9022,93.8992,0,0,92.5,1.5,0.4,0.15,0.0943
TLBO + Dynamic Priority + Faculty Satisfaction,20260796,2,30,93.9032,93.9032,93.9032,0,0,92.5,1.5,0.4,0.15,0.066
TLBO + Dynamic Priority + Faculty Satisfaction,20260796,2,31,93.9032,93.9032,93.9032,0,0,92.5,1.5,0.4,0.15,0.0621
TLBO + Dynamic Priority + Faculty Satisfaction,20260796,2,32,93.9032,93.9032,93.9032,0,0,92.5,1.5,0.4,0.15,0.0643
TLBO + Dynamic Priority + Faculty Satisfaction,20260796,2,33,93.9032,93.9032,93.9032,0,0,92.5,1.5,0.4,0.15,0.0498
TLBO + Dynamic Priority + Faculty Satisfaction,20260796,2,34,93.9032,93.9032,93.9032,0,0,92.5,1.5,0.4,0.15,0.0641
TLBO + Dynamic Priority + Faculty Satisfaction,20260796,2,35,93.9032,93.9032,93.9032,0,0,92.5,1.5,0.4,0.15,0.0608
TLBO + Dynamic Priority + Faculty Satisfaction,20260796,2,36,93.9032,93.9032,93.9032,0,0,92.5,1.5,0.4,0.15,0.0535
TLBO + Dynamic Priority + Faculty Satisfaction,20260796,2,37,93.9032,93.9032,93.9032,0,0,92.5,1.5,0.4,0.15,0.059
TLBO + Dynamic Priority + Faculty Satisfaction,20260796,2,38,93.9032,93.9032,93.9032,0,0,92.5,1.5,0.4,0.15,0.0633
TLBO + Dynamic Priority + Faculty Satisfaction,20260796,2,39,93.9032,93.9032,93.9032,0,0,92.5,1.5,0.4,0.15,0.0696
TLBO + Dynamic Priority + Faculty Satisfaction,20260796,2,40,93.9032,93.9032,93.9032,0,0,92.5,1.5,0.4,0.15,0.0543
TLBO + Dynamic Priority + Faculty Satisfaction,20260796,2,41,93.9032,93.9032,93.9032,0,0,92.5,1.5,0.4,0.15,0.051
TLBO + Dynamic Priority + Faculty Satisfaction,20260796,2,42,93.9032,93.9032,93.9032,0,0,92.5,1.5,0.4,0.15,0.0556
TLBO + Dynamic Priority + Faculty Satisfaction,20260796,2,43,93.9032,93.9032,93.9032,0,0,92.5,1.5,0.4,0.15,0.0507
TLBO + Dynamic Priority + Faculty Satisfaction,20260796,2,44,93.9032,93.9032,93.9032,0,0,92.5,1.5,0.4,0.15,0.043
TLBO + Dynamic Priority + Faculty Satisfaction,20260796,2,45,93.9032,93.9032,93.9032,0,0,92.5,1.5,0.4,0.15,0.0441
TLBO + Dynamic Priority + Faculty Satisfaction,20260796,2,46,93.9032,93.9032,93.9032,0,0,92.5,1.5,0.4,0.15,0.0633
TLBO + Dynamic Priority + Faculty Satisfaction,20260796,2,47,93.9032,93.9032,93.9032,0,0,92.5,1.5,0.4,0.15,0.0548
TLBO + Dynamic Priority + Faculty Satisfaction,20260796,2,48,93.9032,93.9032,93.9032,0,0,92.5,1.5,0.4,0.15,0.0532
TLBO + Dynamic Priority + Faculty Satisfaction,20260796,2,49,93.9032,93.9032,93.9032,0,0,92.5,1.5,0.4,0.15,0.0578
TLBO + Dynamic Priority + Faculty Satisfaction,20260796,2,50,93.9032,93.9032,93.9032,0,0,92.5,1.5,0.4,0.15,0.0475
TLBO + Dynamic Priority + Faculty Satisfaction,20260797,3,1,93.6148,46.4771,0.0,0,0,92.5,1.5,0.4,0.15,0.1987
TLBO + Dynamic Priority + Faculty Satisfaction,20260797,3,2,93.6148,81.5495,0.0,0,0,92.5,1.5,0.4,0.15,0.1788
TLBO + Dynamic Priority + Faculty Satisfaction,20260797,3,3,93.6148,93.2514,92.5844,0,0,92.5,1.5,0.4,0.15,0.1619
TLBO + Dynamic Priority + Faculty Satisfaction,20260797,3,4,93.6148,93.3849,92.674,0,0,92.5,1.5,0.4,0.15,0.1508
TLBO + Dynamic Priority + Faculty Satisfaction,20260797,3,5,93.6148,93.5025,92.9436,0,0,92.5,1.5,0.4,0.15,0.1238
TLBO + Dynamic Priority + Faculty Satisfaction,20260797,3,6,93.6148,93.5864,93.49,0,0,92.5,1.5,0.4,0.15,0.093
TLBO + Dynamic Priority + Faculty Satisfaction,20260797,3,7,93.6148,93.602,93.5124,0,0,92.5,1.5,0.4,0.15,0.0718
TLBO + Dynamic Priority + Faculty Satisfaction,20260797,3,8,93.6148,93.6148,93.6148,0,0,92.5,1.5,0.4,0.15,0.0566
TLBO + Dynamic Priority + Faculty Satisfaction,20260797,3,9,93.6148,93.6148,93.6148,0,0,92.5,1.5,0.4,0.15,0.043
TLBO + Dynamic Priority + Faculty Satisfaction,20260797,3,10,93.6148,93.6148,93.6148,0,0,92.5,1.5,0.4,0.15,0.0505
TLBO + Dynamic Priority + Faculty Satisfaction,20260797,3,11,93.6188,93.6153,93.6148,0,0,92.5,1.5,0.4,0.15,0.064
TLBO + Dynamic Priority + Faculty Satisfaction,20260797,3,12,93.7372,93.6411,93.6148,0,0,92.5,1.5,0.4,0.15,0.117
TLBO + Dynamic Priority + Faculty Satisfaction,20260797,3,13,93.7412,93.6718,93.6148,0,0,92.5,1.5,0.4,0.15,0.1285
TLBO + Dynamic Priority + Faculty Satisfaction,20260797,3,14,93.7672,93.7167,93.6188,0,0,92.5,1.5,0.4,0.15,0.1423
TLBO + Dynamic Priority + Faculty Satisfaction,20260797,3,15,93.7816,93.746,93.6952,0,0,92.5,1.5,0.4,0.15,0.1363
TLBO + Dynamic Priority + Faculty Satisfaction,20260797,3,16,93.874,93.7843,93.7372,0,0,92.5,1.5,0.4,0.15,0.1248
TLBO + Dynamic Priority + Faculty Satisfaction,20260797,3,17,93.874,93.8076,93.7412,0,0,92.5,1.5,0.4,0.15,0.1369
TLBO + Dynamic Priority + Faculty Satisfaction,20260797,3,18,93.874,93.8298,93.7412,0,0,92.5,1.5,0.4,0.15,0.1426
TLBO + Dynamic Priority + Faculty Satisfaction,20260797,3,19,93.874,93.8524,93.7732,0,0,92.5,1.5,0.4,0.15,0.1163
TLBO + Dynamic Priority + Faculty Satisfaction,20260797,3,20,93.874,93.8657,93.826,0,0,92.5,1.5,0.4,0.15,0.0875
TLBO + Dynamic Priority + Faculty Satisfaction,20260797,3,21,93.904,93.8777,93.874,0,0,92.5,1.5,0.4,0.15,0.0857
TLBO + Dynamic Priority + Faculty Satisfaction,20260797,3,22,93.904,93.8815,93.874,0,0,92.5,1.5,0.4,0.15,0.1094
TLBO + Dynamic Priority + Faculty Satisfaction,20260797,3,23,93.904,93.8852,93.874,0,0,92.5,1.5,0.4,0.15,0.1098
TLBO + Dynamic Priority + Faculty Satisfaction,20260797,3,24,93.904,93.889,93.874,0,0,92.5,1.5,0.4,0.15,0.078
TLBO + Dynamic Priority + Faculty Satisfaction,20260797,3,25,93.904,93.8927,93.874,0,0,92.5,1.5,0.4,0.15,0.1072
TLBO + Dynamic Priority + Faculty Satisfaction,20260797,3,26,93.908,93.897,93.874,0,0,92.5,1.5,0.4,0.15,0.1097
TLBO + Dynamic Priority + Faculty Satisfaction,20260797,3,27,93.908,93.9017,93.874,0,0,92.5,1.5,0.4,0.15,0.1176
TLBO + Dynamic Priority + Faculty Satisfaction,20260797,3,28,93.9572,93.9137,93.904,0,0,92.5,1.5,0.4,0.15,0.0891
TLBO + Dynamic Priority + Faculty Satisfaction,20260797,3,29,93.9572,93.9382,93.908,0,0,92.5,1.5,0.4,0.15,0.0794
TLBO + Dynamic Priority + Faculty Satisfaction,20260797,3,30,93.9572,93.951,93.908,0,0,92.5,1.5,0.4,0.15,0.082
TLBO + Dynamic Priority + Faculty Satisfaction,20260797,3,31,93.9572,93.9572,93.9572,0,0,92.5,1.5,0.4,0.15,0.0509
TLBO + Dynamic Priority + Faculty Satisfaction,20260797,3,32,93.9572,93.9572,93.9572,0,0,92.5,1.5,0.4,0.15,0.0406
TLBO + Dynamic Priority + Faculty Satisfaction,20260797,3,33,93.9572,93.9572,93.9572,0,0,92.5,1.5,0.4,0.15,0.0527
TLBO + Dynamic Priority + Faculty Satisfaction,20260797,3,34,93.9572,93.9572,93.9572,0,0,92.5,1.5,0.4,0.15,0.0463
TLBO + Dynamic Priority + Faculty Satisfaction,20260797,3,35,93.9572,93.9572,93.9572,0,0,92.5,1.5,0.4,0.15,0.0485
TLBO + Dynamic Priority + Faculty Satisfaction,20260797,3,36,93.9572,93.9572,93.9572,0,0,92.5,1.5,0.4,0.15,0.0554
TLBO + Dynamic Priority + Faculty Satisfaction,20260797,3,37,93.9572,93.9572,93.9572,0,0,92.5,1.5,0.4,0.15,0.0562
TLBO + Dynamic Priority + Faculty Satisfaction,20260797,3,38,93.9572,93.9572,93.9572,0,0,92.5,1.5,0.4,0.15,0.0556
TLBO + Dynamic Priority + Faculty Satisfaction,20260797,3,39,93.9572,93.9572,93.9572,0,0,92.5,1.5,0.4,0.15,0.0626
TLBO + Dynamic Priority + Faculty Satisfaction,20260797,3,40,93.9572,93.9572,93.9572,0,0,92.5,1.5,0.4,0.15,0.0607
TLBO + Dynamic Priority + Faculty Satisfaction,20260797,3,41,93.9572,93.9572,93.9572,0,0,92.5,1.5,0.4,0.15,0.0519
TLBO + Dynamic Priority + Faculty Satisfaction,20260797,3,42,93.9572,93.9572,93.9572,0,0,92.5,1.5,0.4,0.15,0.056
TLBO + Dynamic Priority + Faculty Satisfaction,20260797,3,43,93.9572,93.9572,93.9572,0,0,92.5,1.5,0.4,0.15,0.0483
TLBO + Dynamic Priority + Faculty Satisfaction,20260797,3,44,93.9572,93.9572,93.9572,0,0,92.5,1.5,0.4,0.15,0.0652
TLBO + Dynamic Priority + Faculty Satisfaction,20260797,3,45,93.9572,93.9572,93.9572,0,0,92.5,1.5,0.4,0.15,0.0613
TLBO + Dynamic Priority + Faculty Satisfaction,20260797,3,46,93.9572,93.9572,93.9572,0,0,92.5,1.5,0.4,0.15,0.0514
TLBO + Dynamic Priority + Faculty Satisfaction,20260797,3,47,93.9572,93.9572,93.9572,0,0,92.5,1.5,0.4,0.15,0.0538
TLBO + Dynamic Priority + Faculty Satisfaction,20260797,3,48,93.9572,93.9572,93.9572,0,0,92.5,1.5,0.4,0.15,0.0452
TLBO + Dynamic Priority + Faculty Satisfaction,20260797,3,49,93.9572,93.9572,93.9572,0,0,92.5,1.5,0.4,0.15,0.0578
TLBO + Dynamic Priority + Faculty Satisfaction,20260797,3,50,93.9572,93.9572,93.9572,0,0,92.5,1.5,0.4,0.15,0.0523
TLBO + Dynamic Priority + Faculty Satisfaction,20260798,4,1,93.4752,69.7502,0.0,0,0,92.5,1.5,0.4,0.15,0.1992
TLBO + Dynamic Priority + Faculty Satisfaction,20260798,4,2,93.4752,81.4346,0.0,0,0,92.5,1.5,0.4,0.15,0.1846
TLBO + Dynamic Priority + Faculty Satisfaction,20260798,4,3,93.4752,93.119,91.7716,0,0,92.5,1.5,0.4,0.15,0.1455
TLBO + Dynamic Priority + Faculty Satisfaction,20260798,4,4,93.4752,93.332,92.9836,0,0,92.5,1.5,0.4,0.15,0.1502
TLBO + Dynamic Priority + Faculty Satisfaction,20260798,4,5,93.4752,93.3934,93.126,0,0,92.5,1.5,0.4,0.15,0.1247
TLBO + Dynamic Priority + Faculty Satisfaction,20260798,4,6,93.4752,93.437,93.1892,0,0,92.5,1.5,0.4,0.15,0.0955
TLBO + Dynamic Priority + Faculty Satisfaction,20260798,4,7,93.542,93.4811,93.456,0,0,92.5,1.5,0.4,0.15,0.0973
TLBO + Dynamic Priority + Faculty Satisfaction,20260798,4,8,93.578,93.5086,93.4752,0,0,92.5,1.5,0.4,0.15,0.1015
TLBO + Dynamic Priority + Faculty Satisfaction,20260798,4,9,93.578,93.5449,93.4752,0,0,92.5,1.5,0.4,0.15,0.1441
TLBO + Dynamic Priority + Faculty Satisfaction,20260798,4,10,93.7772,93.5827,93.488,0,0,92.5,1.5,0.4,0.15,0.1294
TLBO + Dynamic Priority + Faculty Satisfaction,20260798,4,11,93.7772,93.6568,93.542,0,0,92.5,1.5,0.4,0.15,0.1363
TLBO + Dynamic Priority + Faculty Satisfaction,20260798,4,12,93.8216,93.7373,93.578,0,0,92.5,1.5,0.4,0.15,0.1204
TLBO + Dynamic Priority + Faculty Satisfaction,20260798,4,13,93.8216,93.7938,93.7772,0,0,92.5,1.5,0.4,0.15,0.1065
TLBO + Dynamic Priority + Faculty Satisfaction,20260798,4,14,93.8216,93.8105,93.7772,0,0,92.5,1.5,0.4,0.15,0.105
TLBO + Dynamic Priority + Faculty Satisfaction,20260798,4,15,93.8216,93.8216,93.8216,0,0,92.5,1.5,0.4,0.15,0.0751
TLBO + Dynamic Priority + Faculty Satisfaction,20260798,4,16,93.866,93.8272,93.8216,0,0,92.5,1.5,0.4,0.15,0.0788
TLBO + Dynamic Priority + Faculty Satisfaction,20260798,4,17,93.866,93.8383,93.8216,0,0,92.5,1.5,0.4,0.15,0.0973
TLBO + Dynamic Priority + Faculty Satisfaction,20260798,4,18,93.866,93.8438,93.8216,0,0,92.5,1.5,0.4,0.15,0.0994
TLBO + Dynamic Priority + Faculty Satisfaction,20260798,4,19,93.88,93.8567,93.8216,0,0,92.5,1.5,0.4,0.15,0.1145
TLBO + Dynamic Priority + Faculty Satisfaction,20260798,4,20,93.914,93.8815,93.866,0,0,92.5,1.5,0.4,0.15,0.1182
TLBO + Dynamic Priority + Faculty Satisfaction,20260798,4,21,93.914,93.8875,93.866,0,0,92.5,1.5,0.4,0.15,0.1526
TLBO + Dynamic Priority + Faculty Satisfaction,20260798,4,22,93.914,93.8995,93.866,0,0,92.5,1.5,0.4,0.15,0.1069
TLBO + Dynamic Priority + Faculty Satisfaction,20260798,4,23,93.914,93.9098,93.88,0,0,92.5,1.5,0.4,0.15,0.0969
TLBO + Dynamic Priority + Faculty Satisfaction,20260798,4,24,93.914,93.914,93.914,0,0,92.5,1.5,0.4,0.15,0.075
TLBO + Dynamic Priority + Faculty Satisfaction,20260798,4,25,93.914,93.914,93.914,0,0,92.5,1.5,0.4,0.15,0.0913
TLBO + Dynamic Priority + Faculty Satisfaction,20260798,4,26,93.914,93.914,93.914,0,0,92.5,1.5,0.4,0.15,0.1011
TLBO + Dynamic Priority + Faculty Satisfaction,20260798,4,27,93.914,93.914,93.914,0,0,92.5,1.5,0.4,0.15,0.0949
TLBO + Dynamic Priority + Faculty Satisfaction,20260798,4,28,93.914,93.914,93.914,0,0,92.5,1.5,0.4,0.15,0.0817
TLBO + Dynamic Priority + Faculty Satisfaction,20260798,4,29,93.914,93.914,93.914,0,0,92.5,1.5,0.4,0.15,0.0775
TLBO + Dynamic Priority + Faculty Satisfaction,20260798,4,30,93.914,93.914,93.914,0,0,92.5,1.5,0.4,0.15,0.0859
TLBO + Dynamic Priority + Faculty Satisfaction,20260798,4,31,93.914,93.914,93.914,0,0,92.5,1.5,0.4,0.15,0.095
TLBO + Dynamic Priority + Faculty Satisfaction,20260798,4,32,93.914,93.914,93.914,0,0,92.5,1.5,0.4,0.15,0.092
TLBO + Dynamic Priority + Faculty Satisfaction,20260798,4,33,93.918,93.9145,93.914,0,0,92.5,1.5,0.4,0.15,0.1017
TLBO + Dynamic Priority + Faculty Satisfaction,20260798,4,34,93.918,93.915,93.914,0,0,92.5,1.5,0.4,0.15,0.1255
TLBO + Dynamic Priority + Faculty Satisfaction,20260798,4,35,93.918,93.9155,93.914,0,0,92.5,1.5,0.4,0.15,0.1396
TLBO + Dynamic Priority + Faculty Satisfaction,20260798,4,36,93.918,93.916,93.914,0,0,92.5,1.5,0.4,0.15,0.1044
TLBO + Dynamic Priority + Faculty Satisfaction,20260798,4,37,93.918,93.9165,93.914,0,0,92.5,1.5,0.4,0.15,0.1071
TLBO + Dynamic Priority + Faculty Satisfaction,20260798,4,38,93.918,93.917,93.914,0,0,92.5,1.5,0.4,0.15,0.0797
TLBO + Dynamic Priority + Faculty Satisfaction,20260798,4,39,93.918,93.9175,93.914,0,0,92.5,1.5,0.4,0.15,0.0561
TLBO + Dynamic Priority + Faculty Satisfaction,20260798,4,40,93.918,93.918,93.918,0,0,92.5,1.5,0.4,0.15,0.0377
TLBO + Dynamic Priority + Faculty Satisfaction,20260798,4,41,93.918,93.918,93.918,0,0,92.5,1.5,0.4,0.15,0.0538
TLBO + Dynamic Priority + Faculty Satisfaction,20260798,4,42,93.918,93.918,93.918,0,0,92.5,1.5,0.4,0.15,0.0467
TLBO + Dynamic Priority + Faculty Satisfaction,20260798,4,43,93.918,93.918,93.918,0,0,92.5,1.5,0.4,0.15,0.0516
TLBO + Dynamic Priority + Faculty Satisfaction,20260798,4,44,93.918,93.918,93.918,0,0,92.5,1.5,0.4,0.15,0.0534
TLBO + Dynamic Priority + Faculty Satisfaction,20260798,4,45,93.918,93.918,93.918,0,0,92.5,1.5,0.4,0.15,0.0579
TLBO + Dynamic Priority + Faculty Satisfaction,20260798,4,46,93.918,93.918,93.918,0,0,92.5,1.5,0.4,0.15,0.0517
TLBO + Dynamic Priority + Faculty Satisfaction,20260798,4,47,93.918,93.918,93.918,0,0,92.5,1.5,0.4,0.15,0.056
TLBO + Dynamic Priority + Faculty Satisfaction,20260798,4,48,93.918,93.918,93.918,0,0,92.5,1.5,0.4,0.15,0.0505
TLBO + Dynamic Priority + Faculty Satisfaction,20260798,4,49,93.918,93.918,93.918,0,0,92.5,1.5,0.4,0.15,0.0518
TLBO + Dynamic Priority + Faculty Satisfaction,20260798,4,50,93.918,93.918,93.918,0,0,92.5,1.5,0.4,0.15,0.0457
TLBO + Dynamic Priority + Faculty Satisfaction,20260799,5,1,93.184,80.9995,0.0,0,0,92.5,1.5,0.4,0.15,0.1998
TLBO + Dynamic Priority + Faculty Satisfaction,20260799,5,2,93.184,92.6475,91.8556,0,0,92.5,1.5,0.4,0.15,0.2033
TLBO + Dynamic Priority + Faculty Satisfaction,20260799,5,3,93.184,92.8135,92.0492,0,0,92.5,1.5,0.4,0.15,0.1684
TLBO + Dynamic Priority + Faculty Satisfaction,20260799,5,4,93.3856,92.9806,92.4684,0,0,92.5,1.5,0.4,0.15,0.176
TLBO + Dynamic Priority + Faculty Satisfaction,20260799,5,5,93.3856,93.1047,92.6224,0,0,92.5,1.5,0.4,0.15,0.1588
TLBO + Dynamic Priority + Faculty Satisfaction,20260799,5,6,93.49,93.2342,92.756,0,0,92.5,1.5,0.4,0.15,0.1563
TLBO + Dynamic Priority + Faculty Satisfaction,20260799,5,7,93.494,93.3616,93.0604,0,0,92.5,1.5,0.4,0.15,0.1672
TLBO + Dynamic Priority + Faculty Satisfaction,20260799,5,8,93.556,93.4724,93.362,0,0,92.5,1.5,0.4,0.15,0.1521
TLBO + Dynamic Priority + Faculty Satisfaction,20260799,5,9,93.7592,93.5298,93.3856,0,0,92.5,1.5,0.4,0.15,0.1496
TLBO + Dynamic Priority + Faculty Satisfaction,20260799,5,10,93.848,93.67,93.494,0,0,92.5,1.5,0.4,0.15,0.1492
TLBO + Dynamic Priority + Faculty Satisfaction,20260799,5,11,93.848,93.7394,93.5668,0,0,92.5,1.5,0.4,0.15,0.1455
TLBO + Dynamic Priority + Faculty Satisfaction,20260799,5,12,93.848,93.8025,93.6028,0,0,92.5,1.5,0.4,0.15,0.1166
TLBO + Dynamic Priority + Faculty Satisfaction,20260799,5,13,93.848,93.8387,93.7736,0,0,92.5,1.5,0.4,0.15,0.0861
TLBO + Dynamic Priority + Faculty Satisfaction,20260799,5,14,93.848,93.848,93.848,0,0,92.5,1.5,0.4,0.15,0.0864
TLBO + Dynamic Priority + Faculty Satisfaction,20260799,5,15,93.848,93.848,93.848,0,0,92.5,1.5,0.4,0.15,0.0661
TLBO + Dynamic Priority + Faculty Satisfaction,20260799,5,16,93.848,93.848,93.848,0,0,92.5,1.5,0.4,0.15,0.0527
TLBO + Dynamic Priority + Faculty Satisfaction,20260799,5,17,93.848,93.848,93.848,0,0,92.5,1.5,0.4,0.15,0.0552
TLBO + Dynamic Priority + Faculty Satisfaction,20260799,5,18,93.848,93.848,93.848,0,0,92.5,1.5,0.4,0.15,0.0483
TLBO + Dynamic Priority + Faculty Satisfaction,20260799,5,19,93.848,93.848,93.848,0,0,92.5,1.5,0.4,0.15,0.0468
TLBO + Dynamic Priority + Faculty Satisfaction,20260799,5,20,93.848,93.848,93.848,0,0,92.5,1.5,0.4,0.15,0.0523
TLBO + Dynamic Priority + Faculty Satisfaction,20260799,5,21,93.848,93.848,93.848,0,0,92.5,1.5,0.4,0.15,0.0603
TLBO + Dynamic Priority + Faculty Satisfaction,20260799,5,22,93.848,93.848,93.848,0,0,92.5,1.5,0.4,0.15,0.0507
TLBO + Dynamic Priority + Faculty Satisfaction,20260799,5,23,93.848,93.848,93.848,0,0,92.5,1.5,0.4,0.15,0.0417
TLBO + Dynamic Priority + Faculty Satisfaction,20260799,5,24,93.848,93.848,93.848,0,0,92.5,1.5,0.4,0.15,0.0577
TLBO + Dynamic Priority + Faculty Satisfaction,20260799,5,25,93.848,93.848,93.848,0,0,92.5,1.5,0.4,0.15,0.0414
TLBO + Dynamic Priority + Faculty Satisfaction,20260799,5,26,93.848,93.848,93.848,0,0,92.5,1.5,0.4,0.15,0.0625
TLBO + Dynamic Priority + Faculty Satisfaction,20260799,5,27,93.848,93.848,93.848,0,0,92.5,1.5,0.4,0.15,0.0506
TLBO + Dynamic Priority + Faculty Satisfaction,20260799,5,28,93.848,93.848,93.848,0,0,92.5,1.5,0.4,0.15,0.0493
TLBO + Dynamic Priority + Faculty Satisfaction,20260799,5,29,93.848,93.848,93.848,0,0,92.5,1.5,0.4,0.15,0.0551
TLBO + Dynamic Priority + Faculty Satisfaction,20260799,5,30,93.848,93.848,93.848,0,0,92.5,1.5,0.4,0.15,0.0531
TLBO + Dynamic Priority + Faculty Satisfaction,20260799,5,31,93.848,93.848,93.848,0,0,92.5,1.5,0.4,0.15,0.0514
TLBO + Dynamic Priority + Faculty Satisfaction,20260799,5,32,93.848,93.848,93.848,0,0,92.5,1.5,0.4,0.15,0.0495
TLBO + Dynamic Priority + Faculty Satisfaction,20260799,5,33,93.848,93.848,93.848,0,0,92.5,1.5,0.4,0.15,0.0421
TLBO + Dynamic Priority + Faculty Satisfaction,20260799,5,34,93.848,93.848,93.848,0,0,92.5,1.5,0.4,0.15,0.0525
TLBO + Dynamic Priority + Faculty Satisfaction,20260799,5,35,93.848,93.848,93.848,0,0,92.5,1.5,0.4,0.15,0.0469
TLBO + Dynamic Priority + Faculty Satisfaction,20260799,5,36,93.848,93.848,93.848,0,0,92.5,1.5,0.4,0.15,0.0458
TLBO + Dynamic Priority + Faculty Satisfaction,20260799,5,37,93.848,93.848,93.848,0,0,92.5,1.5,0.4,0.15,0.0463
TLBO + Dynamic Priority + Faculty Satisfaction,20260799,5,38,93.848,93.848,93.848,0,0,92.5,1.5,0.4,0.15,0.0372
TLBO + Dynamic Priority + Faculty Satisfaction,20260799,5,39,93.848,93.848,93.848,0,0,92.5,1.5,0.4,0.15,0.0691
TLBO + Dynamic Priority + Faculty Satisfaction,20260799,5,40,93.848,93.848,93.848,0,0,92.5,1.5,0.4,0.15,0.0591
TLBO + Dynamic Priority + Faculty Satisfaction,20260799,5,41,93.848,93.848,93.848,0,0,92.5,1.5,0.4,0.15,0.0506
TLBO + Dynamic Priority + Faculty Satisfaction,20260799,5,42,93.848,93.848,93.848,0,0,92.5,1.5,0.4,0.15,0.0457
TLBO + Dynamic Priority + Faculty Satisfaction,20260799,5,43,93.848,93.848,93.848,0,0,92.5,1.5,0.4,0.15,0.046
TLBO + Dynamic Priority + Faculty Satisfaction,20260799,5,44,93.848,93.848,93.848,0,0,92.5,1.5,0.4,0.15,0.0427
TLBO + Dynamic Priority + Faculty Satisfaction,20260799,5,45,93.848,93.848,93.848,0,0,92.5,1.5,0.4,0.15,0.0563
TLBO + Dynamic Priority + Faculty Satisfaction,20260799,5,46,93.848,93.848,93.848,0,0,92.5,1.5,0.4,0.15,0.0418
TLBO + Dynamic Priority + Faculty Satisfaction,20260799,5,47,93.848,93.848,93.848,0,0,92.5,1.5,0.4,0.15,0.0513
TLBO + Dynamic Priority + Faculty Satisfaction,20260799,5,48,93.848,93.848,93.848,0,0,92.5,1.5,0.4,0.15,0.0417
TLBO + Dynamic Priority + Faculty Satisfaction,20260799,5,49,93.848,93.848,93.848,0,0,92.5,1.5,0.4,0.15,0.0546
TLBO + Dynamic Priority + Faculty Satisfaction,20260799,5,50,93.848,93.848,93.848,0,0,92.5,1.5,0.4,0.15,0.0437
TLBO + Dynamic Priority + Faculty Satisfaction,20260800,6,1,93.6288,34.9736,0.0,0,0,92.5,1.5,0.4,0.15,0.1824
TLBO + Dynamic Priority + Faculty Satisfaction,20260800,6,2,93.6288,46.6772,0.0,0,0,92.5,1.5,0.4,0.15,0.1761
TLBO + Dynamic Priority + Faculty Satisfaction,20260800,6,3,93.6288,69.9819,0.0,0,0,92.5,1.5,0.4,0.15,0.1611
TLBO + Dynamic Priority + Faculty Satisfaction,20260800,6,4,93.6512,81.7177,0.0,0,0,92.5,1.5,0.4,0.15,0.1431
TLBO + Dynamic Priority + Faculty Satisfaction,20260800,6,5,93.7496,93.4506,93.0588,0,0,92.5,1.5,0.4,0.15,0.1404
TLBO + Dynamic Priority + Faculty Satisfaction,20260800,6,6,93.764,93.5525,93.1012,0,0,92.5,1.5,0.4,0.15,0.1415
TLBO + Dynamic Priority + Faculty Satisfaction,20260800,6,7,93.764,93.6505,93.1352,0,0,92.5,1.5,0.4,0.15,0.1378
TLBO + Dynamic Priority + Faculty Satisfaction,20260800,6,8,93.798,93.7603,93.6992,0,0,92.5,1.5,0.4,0.15,0.1177
TLBO + Dynamic Priority + Faculty Satisfaction,20260800,6,9,93.842,93.7924,93.7496,0,0,92.5,1.5,0.4,0.15,0.1239
TLBO + Dynamic Priority + Faculty Satisfaction,20260800,6,10,93.87,93.816,93.764,0,0,92.5,1.5,0.4,0.15,0.1259
TLBO + Dynamic Priority + Faculty Satisfaction,20260800,6,11,93.87,93.8425,93.798,0,0,92.5,1.5,0.4,0.15,0.1231
TLBO + Dynamic Priority + Faculty Satisfaction,20260800,6,12,93.87,93.8515,93.822,0,0,92.5,1.5,0.4,0.15,0.1205
TLBO + Dynamic Priority + Faculty Satisfaction,20260800,6,13,93.87,93.8575,93.842,0,0,92.5,1.5,0.4,0.15,0.1125
TLBO + Dynamic Priority + Faculty Satisfaction,20260800,6,14,93.87,93.861,93.842,0,0,92.5,1.5,0.4,0.15,0.1013
TLBO + Dynamic Priority + Faculty Satisfaction,20260800,6,15,93.8852,93.8719,93.87,0,0,92.5,1.5,0.4,0.15,0.1166
TLBO + Dynamic Priority + Faculty Satisfaction,20260800,6,16,93.9192,93.8923,93.87,0,0,92.5,1.5,0.4,0.15,0.1251
TLBO + Dynamic Priority + Faculty Satisfaction,20260800,6,17,93.972,93.9173,93.8852,0,0,92.5,1.5,0.4,0.15,0.113
TLBO + Dynamic Priority + Faculty Satisfaction,20260800,6,18,93.972,93.9522,93.9192,0,0,92.5,1.5,0.4,0.15,0.0967
TLBO + Dynamic Priority + Faculty Satisfaction,20260800,6,19,93.972,93.9654,93.9192,0,0,92.5,1.5,0.4,0.15,0.0874
TLBO + Dynamic Priority + Faculty Satisfaction,20260800,6,20,93.972,93.972,93.972,0,0,92.5,1.5,0.4,0.15,0.0693
TLBO + Dynamic Priority + Faculty Satisfaction,20260800,6,21,93.972,93.972,93.972,0,0,92.5,1.5,0.4,0.15,0.0508
TLBO + Dynamic Priority + Faculty Satisfaction,20260800,6,22,93.972,93.972,93.972,0,0,92.5,1.5,0.4,0.15,0.0426
TLBO + Dynamic Priority + Faculty Satisfaction,20260800,6,23,93.972,93.972,93.972,0,0,92.5,1.5,0.4,0.15,0.0374
TLBO + Dynamic Priority + Faculty Satisfaction,20260800,6,24,93.972,93.972,93.972,0,0,92.5,1.5,0.4,0.15,0.0469
TLBO + Dynamic Priority + Faculty Satisfaction,20260800,6,25,93.972,93.972,93.972,0,0,92.5,1.5,0.4,0.15,0.0712
TLBO + Dynamic Priority + Faculty Satisfaction,20260800,6,26,93.972,93.972,93.972,0,0,92.5,1.5,0.4,0.15,0.0521
TLBO + Dynamic Priority + Faculty Satisfaction,20260800,6,27,93.972,93.972,93.972,0,0,92.5,1.5,0.4,0.15,0.0559
TLBO + Dynamic Priority + Faculty Satisfaction,20260800,6,28,93.972,93.972,93.972,0,0,92.5,1.5,0.4,0.15,0.0503
TLBO + Dynamic Priority + Faculty Satisfaction,20260800,6,29,93.972,93.972,93.972,0,0,92.5,1.5,0.4,0.15,0.0619
TLBO + Dynamic Priority + Faculty Satisfaction,20260800,6,30,93.972,93.972,93.972,0,0,92.5,1.5,0.4,0.15,0.0598
TLBO + Dynamic Priority + Faculty Satisfaction,20260800,6,31,93.972,93.972,93.972,0,0,92.5,1.5,0.4,0.15,0.0487
TLBO + Dynamic Priority + Faculty Satisfaction,20260800,6,32,93.972,93.972,93.972,0,0,92.5,1.5,0.4,0.15,0.059
TLBO + Dynamic Priority + Faculty Satisfaction,20260800,6,33,93.972,93.972,93.972,0,0,92.5,1.5,0.4,0.15,0.0455
TLBO + Dynamic Priority + Faculty Satisfaction,20260800,6,34,93.972,93.972,93.972,0,0,92.5,1.5,0.4,0.15,0.0556
TLBO + Dynamic Priority + Faculty Satisfaction,20260800,6,35,93.972,93.972,93.972,0,0,92.5,1.5,0.4,0.15,0.0567
TLBO + Dynamic Priority + Faculty Satisfaction,20260800,6,36,93.972,93.972,93.972,0,0,92.5,1.5,0.4,0.15,0.0558
TLBO + Dynamic Priority + Faculty Satisfaction,20260800,6,37,93.972,93.972,93.972,0,0,92.5,1.5,0.4,0.15,0.0429
TLBO + Dynamic Priority + Faculty Satisfaction,20260800,6,38,93.972,93.972,93.972,0,0,92.5,1.5,0.4,0.15,0.0498
TLBO + Dynamic Priority + Faculty Satisfaction,20260800,6,39,93.972,93.972,93.972,0,0,92.5,1.5,0.4,0.15,0.0424
TLBO + Dynamic Priority + Faculty Satisfaction,20260800,6,40,93.972,93.972,93.972,0,0,92.5,1.5,0.4,0.15,0.0376
TLBO + Dynamic Priority + Faculty Satisfaction,20260800,6,41,93.972,93.972,93.972,0,0,92.5,1.5,0.4,0.15,0.0452
TLBO + Dynamic Priority + Faculty Satisfaction,20260800,6,42,93.972,93.972,93.972,0,0,92.5,1.5,0.4,0.15,0.0474
TLBO + Dynamic Priority + Faculty Satisfaction,20260800,6,43,93.972,93.972,93.972,0,0,92.5,1.5,0.4,0.15,0.0437
TLBO + Dynamic Priority + Faculty Satisfaction,20260800,6,44,93.972,93.972,93.972,0,0,92.5,1.5,0.4,0.15,0.054
TLBO + Dynamic Priority + Faculty Satisfaction,20260800,6,45,93.972,93.972,93.972,0,0,92.5,1.5,0.4,0.15,0.0473
TLBO + Dynamic Priority + Faculty Satisfaction,20260800,6,46,93.972,93.972,93.972,0,0,92.5,1.5,0.4,0.15,0.0554
TLBO + Dynamic Priority + Faculty Satisfaction,20260800,6,47,93.972,93.972,93.972,0,0,92.5,1.5,0.4,0.15,0.0514
TLBO + Dynamic Priority + Faculty Satisfaction,20260800,6,48,93.972,93.972,93.972,0,0,92.5,1.5,0.4,0.15,0.0453
TLBO + Dynamic Priority + Faculty Satisfaction,20260800,6,49,93.972,93.972,93.972,0,0,92.5,1.5,0.4,0.15,0.0406
TLBO + Dynamic Priority + Faculty Satisfaction,20260800,6,50,93.972,93.972,93.972,0,0,92.5,1.5,0.4,0.15,0.0521
TLBO + Dynamic Priority + Faculty Satisfaction,20260801,7,1,93.5124,46.6404,0.0,0,0,92.5,1.5,0.4,0.15,0.1834
TLBO + Dynamic Priority + Faculty Satisfaction,20260801,7,2,93.5124,58.3295,0.0,0,0,92.5,1.5,0.4,0.15,0.1797
TLBO + Dynamic Priority + Faculty Satisfaction,20260801,7,3,93.6012,81.6154,0.0,0,0,92.5,1.5,0.4,0.15,0.1636
TLBO + Dynamic Priority + Faculty Satisfaction,20260801,7,4,93.6012,93.3155,92.686,0,0,92.5,1.5,0.4,0.15,0.168
TLBO + Dynamic Priority + Faculty Satisfaction,20260801,7,5,93.6012,93.4309,92.8972,0,0,92.5,1.5,0.4,0.15,0.1332
TLBO + Dynamic Priority + Faculty Satisfaction,20260801,7,6,93.6012,93.519,93.2616,0,0,92.5,1.5,0.4,0.15,0.123
TLBO + Dynamic Priority + Faculty Satisfaction,20260801,7,7,93.6012,93.5614,93.452,0,0,92.5,1.5,0.4,0.15,0.1113
TLBO + Dynamic Priority + Faculty Satisfaction,20260801,7,8,93.6012,93.5999,93.5904,0,0,92.5,1.5,0.4,0.15,0.0623
TLBO + Dynamic Priority + Faculty Satisfaction,20260801,7,9,93.6012,93.6012,93.6012,0,0,92.5,1.5,0.4,0.15,0.0629
TLBO + Dynamic Priority + Faculty Satisfaction,20260801,7,10,93.6012,93.6012,93.6012,0,0,92.5,1.5,0.4,0.15,0.0705
TLBO + Dynamic Priority + Faculty Satisfaction,20260801,7,11,93.6012,93.6012,93.6012,0,0,92.5,1.5,0.4,0.15,0.0532
TLBO + Dynamic Priority + Faculty Satisfaction,20260801,7,12,93.6012,93.6012,93.6012,0,0,92.5,1.5,0.4,0.15,0.0446
TLBO + Dynamic Priority + Faculty Satisfaction,20260801,7,13,93.6052,93.6022,93.6012,0,0,92.5,1.5,0.4,0.15,0.0597
TLBO + Dynamic Priority + Faculty Satisfaction,20260801,7,14,93.6052,93.6027,93.6012,0,0,92.5,1.5,0.4,0.15,0.0793
TLBO + Dynamic Priority + Faculty Satisfaction,20260801,7,15,93.6052,93.6037,93.6012,0,0,92.5,1.5,0.4,0.15,0.0654
TLBO + Dynamic Priority + Faculty Satisfaction,20260801,7,16,93.6052,93.6042,93.6012,0,0,92.5,1.5,0.4,0.15,0.0759
TLBO + Dynamic Priority + Faculty Satisfaction,20260801,7,17,93.6052,93.6047,93.6012,0,0,92.5,1.5,0.4,0.15,0.0584
TLBO + Dynamic Priority + Faculty Satisfaction,20260801,7,18,93.6512,93.611,93.6052,0,0,92.5,1.5,0.4,0.15,0.0657
TLBO + Dynamic Priority + Faculty Satisfaction,20260801,7,19,93.6612,93.6237,93.6052,0,0,92.5,1.5,0.4,0.15,0.112
TLBO + Dynamic Priority + Faculty Satisfaction,20260801,7,20,93.6612,93.6307,93.6052,0,0,92.5,1.5,0.4,0.15,0.1278
TLBO + Dynamic Priority + Faculty Satisfaction,20260801,7,21,93.6612,93.6377,93.6052,0,0,92.5,1.5,0.4,0.15,0.115
TLBO + Dynamic Priority + Faculty Satisfaction,20260801,7,22,93.76,93.6641,93.6052,0,0,92.5,1.5,0.4,0.15,0.12
TLBO + Dynamic Priority + Faculty Satisfaction,20260801,7,23,93.76,93.6834,93.6512,0,0,92.5,1.5,0.4,0.15,0.1247
TLBO + Dynamic Priority + Faculty Satisfaction,20260801,7,24,93.76,93.697,93.6512,0,0,92.5,1.5,0.4,0.15,0.1076
TLBO + Dynamic Priority + Faculty Satisfaction,20260801,7,25,93.76,93.7194,93.6612,0,0,92.5,1.5,0.4,0.15,0.1115
TLBO + Dynamic Priority + Faculty Satisfaction,20260801,7,26,93.76,93.7318,93.6612,0,0,92.5,1.5,0.4,0.15,0.085
TLBO + Dynamic Priority + Faculty Satisfaction,20260801,7,27,93.76,93.7442,93.6612,0,0,92.5,1.5,0.4,0.15,0.0914
TLBO + Dynamic Priority + Faculty Satisfaction,20260801,7,28,93.76,93.7565,93.732,0,0,92.5,1.5,0.4,0.15,0.0699
TLBO + Dynamic Priority + Faculty Satisfaction,20260801,7,29,93.76,93.76,93.76,0,0,92.5,1.5,0.4,0.15,0.0684
TLBO + Dynamic Priority + Faculty Satisfaction,20260801,7,30,93.76,93.76,93.76,0,0,92.5,1.5,0.4,0.15,0.0668
TLBO + Dynamic Priority + Faculty Satisfaction,20260801,7,31,93.76,93.76,93.76,0,0,92.5,1.5,0.4,0.15,0.0456
TLBO + Dynamic Priority + Faculty Satisfaction,20260801,7,32,93.76,93.76,93.76,0,0,92.5,1.5,0.4,0.15,0.0449
TLBO + Dynamic Priority + Faculty Satisfaction,20260801,7,33,93.76,93.76,93.76,0,0,92.5,1.5,0.4,0.15,0.0497
TLBO + Dynamic Priority + Faculty Satisfaction,20260801,7,34,93.76,93.76,93.76,0,0,92.5,1.5,0.4,0.15,0.0501
TLBO + Dynamic Priority + Faculty Satisfaction,20260801,7,35,93.76,93.76,93.76,0,0,92.5,1.5,0.4,0.15,0.054
TLBO + Dynamic Priority + Faculty Satisfaction,20260801,7,36,93.76,93.76,93.76,0,0,92.5,1.5,0.4,0.15,0.0724
TLBO + Dynamic Priority + Faculty Satisfaction,20260801,7,37,93.76,93.76,93.76,0,0,92.5,1.5,0.4,0.15,0.0697
TLBO + Dynamic Priority + Faculty Satisfaction,20260801,7,38,93.76,93.76,93.76,0,0,92.5,1.5,0.4,0.15,0.0588
TLBO + Dynamic Priority + Faculty Satisfaction,20260801,7,39,93.76,93.76,93.76,0,0,92.5,1.5,0.4,0.15,0.0534
TLBO + Dynamic Priority + Faculty Satisfaction,20260801,7,40,93.76,93.76,93.76,0,0,92.5,1.5,0.4,0.15,0.0699
TLBO + Dynamic Priority + Faculty Satisfaction,20260801,7,41,93.76,93.76,93.76,0,0,92.5,1.5,0.4,0.15,0.0739
TLBO + Dynamic Priority + Faculty Satisfaction,20260801,7,42,93.76,93.76,93.76,0,0,92.5,1.5,0.4,0.15,0.0675
TLBO + Dynamic Priority + Faculty Satisfaction,20260801,7,43,93.76,93.76,93.76,0,0,92.5,1.5,0.4,0.15,0.0869
TLBO + Dynamic Priority + Faculty Satisfaction,20260801,7,44,93.76,93.76,93.76,0,0,92.5,1.5,0.4,0.15,0.0733
TLBO + Dynamic Priority + Faculty Satisfaction,20260801,7,45,93.76,93.76,93.76,0,0,92.5,1.5,0.4,0.15,0.071
TLBO + Dynamic Priority + Faculty Satisfaction,20260801,7,46,93.76,93.76,93.76,0,0,92.5,1.5,0.4,0.15,0.077
TLBO + Dynamic Priority + Faculty Satisfaction,20260801,7,47,93.76,93.76,93.76,0,0,92.5,1.5,0.4,0.15,0.0895
TLBO + Dynamic Priority + Faculty Satisfaction,20260801,7,48,93.76,93.76,93.76,0,0,92.5,1.5,0.4,0.15,0.0747
TLBO + Dynamic Priority + Faculty Satisfaction,20260801,7,49,93.76,93.76,93.76,0,0,92.5,1.5,0.4,0.15,0.0862
TLBO + Dynamic Priority + Faculty Satisfaction,20260801,7,50,93.76,93.76,93.76,0,0,92.5,1.5,0.4,0.15,0.074
TLBO + Dynamic Priority + Faculty Satisfaction,20260802,8,1,93.7972,46.6525,0.0,0,0,92.5,1.5,0.4,0.15,0.1791
TLBO + Dynamic Priority + Faculty Satisfaction,20260802,8,2,93.7972,69.8965,0.0,0,0,92.5,1.5,0.4,0.15,0.1744
TLBO + Dynamic Priority + Faculty Satisfaction,20260802,8,3,93.7972,81.6211,0.0,0,0,92.5,1.5,0.4,0.15,0.1413
TLBO + Dynamic Priority + Faculty Satisfaction,20260802,8,4,93.7972,93.3457,92.154,0,0,92.5,1.5,0.4,0.15,0.138
TLBO + Dynamic Priority + Faculty Satisfaction,20260802,8,5,93.7972,93.5512,92.9224,0,0,92.5,1.5,0.4,0.15,0.1108
TLBO + Dynamic Priority + Faculty Satisfaction,20260802,8,6,93.7972,93.6605,93.1812,0,0,92.5,1.5,0.4,0.15,0.1031
TLBO + Dynamic Priority + Faculty Satisfaction,20260802,8,7,93.7972,93.7375,93.3196,0,0,92.5,1.5,0.4,0.15,0.075
TLBO + Dynamic Priority + Faculty Satisfaction,20260802,8,8,93.7972,93.7972,93.7972,0,0,92.5,1.5,0.4,0.15,0.0522
TLBO + Dynamic Priority + Faculty Satisfaction,20260802,8,9,93.7972,93.7972,93.7972,0,0,92.5,1.5,0.4,0.15,0.0419
TLBO + Dynamic Priority + Faculty Satisfaction,20260802,8,10,93.7972,93.7972,93.7972,0,0,92.5,1.5,0.4,0.15,0.0467
TLBO + Dynamic Priority + Faculty Satisfaction,20260802,8,11,93.7972,93.7972,93.7972,0,0,92.5,1.5,0.4,0.15,0.0541
TLBO + Dynamic Priority + Faculty Satisfaction,20260802,8,12,93.7972,93.7972,93.7972,0,0,92.5,1.5,0.4,0.15,0.0482
TLBO + Dynamic Priority + Faculty Satisfaction,20260802,8,13,93.7972,93.7972,93.7972,0,0,92.5,1.5,0.4,0.15,0.0679
TLBO + Dynamic Priority + Faculty Satisfaction,20260802,8,14,93.7972,93.7972,93.7972,0,0,92.5,1.5,0.4,0.15,0.0471
TLBO + Dynamic Priority + Faculty Satisfaction,20260802,8,15,93.7972,93.7972,93.7972,0,0,92.5,1.5,0.4,0.15,0.0606
TLBO + Dynamic Priority + Faculty Satisfaction,20260802,8,16,93.7972,93.7972,93.7972,0,0,92.5,1.5,0.4,0.15,0.0422
TLBO + Dynamic Priority + Faculty Satisfaction,20260802,8,17,93.7972,93.7972,93.7972,0,0,92.5,1.5,0.4,0.15,0.0421
TLBO + Dynamic Priority + Faculty Satisfaction,20260802,8,18,93.7972,93.7972,93.7972,0,0,92.5,1.5,0.4,0.15,0.0425
TLBO + Dynamic Priority + Faculty Satisfaction,20260802,8,19,93.7972,93.7972,93.7972,0,0,92.5,1.5,0.4,0.15,0.0506
TLBO + Dynamic Priority + Faculty Satisfaction,20260802,8,20,93.7972,93.7972,93.7972,0,0,92.5,1.5,0.4,0.15,0.0574
TLBO + Dynamic Priority + Faculty Satisfaction,20260802,8,21,93.7972,93.7972,93.7972,0,0,92.5,1.5,0.4,0.15,0.0458
TLBO + Dynamic Priority + Faculty Satisfaction,20260802,8,22,93.7972,93.7972,93.7972,0,0,92.5,1.5,0.4,0.15,0.0458
TLBO + Dynamic Priority + Faculty Satisfaction,20260802,8,23,93.7972,93.7972,93.7972,0,0,92.5,1.5,0.4,0.15,0.0445
TLBO + Dynamic Priority + Faculty Satisfaction,20260802,8,24,93.7972,93.7972,93.7972,0,0,92.5,1.5,0.4,0.15,0.0524
TLBO + Dynamic Priority + Faculty Satisfaction,20260802,8,25,93.7972,93.7972,93.7972,0,0,92.5,1.5,0.4,0.15,0.0509
TLBO + Dynamic Priority + Faculty Satisfaction,20260802,8,26,93.7972,93.7972,93.7972,0,0,92.5,1.5,0.4,0.15,0.0516
TLBO + Dynamic Priority + Faculty Satisfaction,20260802,8,27,93.7972,93.7972,93.7972,0,0,92.5,1.5,0.4,0.15,0.0485
TLBO + Dynamic Priority + Faculty Satisfaction,20260802,8,28,93.7972,93.7972,93.7972,0,0,92.5,1.5,0.4,0.15,0.0474
TLBO + Dynamic Priority + Faculty Satisfaction,20260802,8,29,93.7972,93.7972,93.7972,0,0,92.5,1.5,0.4,0.15,0.0571
TLBO + Dynamic Priority + Faculty Satisfaction,20260802,8,30,93.7972,93.7972,93.7972,0,0,92.5,1.5,0.4,0.15,0.0617
TLBO + Dynamic Priority + Faculty Satisfaction,20260802,8,31,93.7972,93.7972,93.7972,0,0,92.5,1.5,0.4,0.15,0.0523
TLBO + Dynamic Priority + Faculty Satisfaction,20260802,8,32,93.7972,93.7972,93.7972,0,0,92.5,1.5,0.4,0.15,0.0414
TLBO + Dynamic Priority + Faculty Satisfaction,20260802,8,33,93.7972,93.7972,93.7972,0,0,92.5,1.5,0.4,0.15,0.0376
TLBO + Dynamic Priority + Faculty Satisfaction,20260802,8,34,93.7972,93.7972,93.7972,0,0,92.5,1.5,0.4,0.15,0.0444
TLBO + Dynamic Priority + Faculty Satisfaction,20260802,8,35,93.7972,93.7972,93.7972,0,0,92.5,1.5,0.4,0.15,0.0429
TLBO + Dynamic Priority + Faculty Satisfaction,20260802,8,36,93.7972,93.7972,93.7972,0,0,92.5,1.5,0.4,0.15,0.064
TLBO + Dynamic Priority + Faculty Satisfaction,20260802,8,37,93.7972,93.7972,93.7972,0,0,92.5,1.5,0.4,0.15,0.0609
TLBO + Dynamic Priority + Faculty Satisfaction,20260802,8,38,93.7972,93.7972,93.7972,0,0,92.5,1.5,0.4,0.15,0.0655
TLBO + Dynamic Priority + Faculty Satisfaction,20260802,8,39,93.7972,93.7972,93.7972,0,0,92.5,1.5,0.4,0.15,0.0592
TLBO + Dynamic Priority + Faculty Satisfaction,20260802,8,40,93.7972,93.7972,93.7972,0,0,92.5,1.5,0.4,0.15,0.0537
TLBO + Dynamic Priority + Faculty Satisfaction,20260802,8,41,93.7972,93.7972,93.7972,0,0,92.5,1.5,0.4,0.15,0.0455
TLBO + Dynamic Priority + Faculty Satisfaction,20260802,8,42,93.7972,93.7972,93.7972,0,0,92.5,1.5,0.4,0.15,0.042
TLBO + Dynamic Priority + Faculty Satisfaction,20260802,8,43,93.7972,93.7972,93.7972,0,0,92.5,1.5,0.4,0.15,0.0584
TLBO + Dynamic Priority + Faculty Satisfaction,20260802,8,44,93.7972,93.7972,93.7972,0,0,92.5,1.5,0.4,0.15,0.0393
TLBO + Dynamic Priority + Faculty Satisfaction,20260802,8,45,93.7972,93.7972,93.7972,0,0,92.5,1.5,0.4,0.15,0.0634
TLBO + Dynamic Priority + Faculty Satisfaction,20260802,8,46,93.7972,93.7972,93.7972,0,0,92.5,1.5,0.4,0.15,0.06
TLBO + Dynamic Priority + Faculty Satisfaction,20260802,8,47,93.7972,93.7972,93.7972,0,0,92.5,1.5,0.4,0.15,0.056
TLBO + Dynamic Priority + Faculty Satisfaction,20260802,8,48,93.7972,93.7972,93.7972,0,0,92.5,1.5,0.4,0.15,0.0545
TLBO + Dynamic Priority + Faculty Satisfaction,20260802,8,49,93.7972,93.7972,93.7972,0,0,92.5,1.5,0.4,0.15,0.0462
TLBO + Dynamic Priority + Faculty Satisfaction,20260802,8,50,93.7972,93.7972,93.7972,0,0,92.5,1.5,0.4,0.15,0.0423
TLBO + Dynamic Priority + Faculty Satisfaction,20260803,9,1,93.3404,57.9346,0.0,0,0,92.5,1.5,0.4,0.15,0.1957
TLBO + Dynamic Priority + Faculty Satisfaction,20260803,9,2,93.3404,69.6022,0.0,0,0,92.5,1.5,0.4,0.15,0.1842
TLBO + Dynamic Priority + Faculty Satisfaction,20260803,9,3,93.3404,92.8982,91.866,0,0,92.5,1.5,0.4,0.15,0.1508
TLBO + Dynamic Priority + Faculty Satisfaction,20260803,9,4,93.3404,93.0825,92.3748,0,0,92.5,1.5,0.4,0.15,0.158
TLBO + Dynamic Priority + Faculty Satisfaction,20260803,9,5,93.506,93.2361,92.9236,0,0,92.5,1.5,0.4,0.15,0.1326
TLBO + Dynamic Priority + Faculty Satisfaction,20260803,9,6,93.506,93.3375,93.0276,0,0,92.5,1.5,0.4,0.15,0.1394
TLBO + Dynamic Priority + Faculty Satisfaction,20260803,9,7,93.572,93.4473,93.0388,0,0,92.5,1.5,0.4,0.15,0.1223
TLBO + Dynamic Priority + Faculty Satisfaction,20260803,9,8,93.926,93.5747,93.3716,0,0,92.5,1.5,0.4,0.15,0.1377
TLBO + Dynamic Priority + Faculty Satisfaction,20260803,9,9,93.926,93.7284,93.506,0,0,92.5,1.5,0.4,0.15,0.1232
TLBO + Dynamic Priority + Faculty Satisfaction,20260803,9,10,93.926,93.8264,93.572,0,0,92.5,1.5,0.4,0.15,0.1106
TLBO + Dynamic Priority + Faculty Satisfaction,20260803,9,11,93.926,93.8815,93.8072,0,0,92.5,1.5,0.4,0.15,0.1346
TLBO + Dynamic Priority + Faculty Satisfaction,20260803,9,12,93.926,93.9074,93.8072,0,0,92.5,1.5,0.4,0.15,0.1158
TLBO + Dynamic Priority + Faculty Satisfaction,20260803,9,13,93.926,93.9223,93.896,0,0,92.5,1.5,0.4,0.15,0.1136
TLBO + Dynamic Priority + Faculty Satisfaction,20260803,9,14,93.926,93.926,93.926,0,0,92.5,1.5,0.4,0.15,0.0671
TLBO + Dynamic Priority + Faculty Satisfaction,20260803,9,15,93.926,93.926,93.926,0,0,92.5,1.5,0.4,0.15,0.0776
TLBO + Dynamic Priority + Faculty Satisfaction,20260803,9,16,93.956,93.9297,93.926,0,0,92.5,1.5,0.4,0.15,0.0654
TLBO + Dynamic Priority + Faculty Satisfaction,20260803,9,17,93.96,93.9377,93.926,0,0,92.5,1.5,0.4,0.15,0.0975
TLBO + Dynamic Priority + Faculty Satisfaction,20260803,9,18,93.96,93.9425,93.926,0,0,92.5,1.5,0.4,0.15,0.0925
TLBO + Dynamic Priority + Faculty Satisfaction,20260803,9,19,93.96,93.9515,93.926,0,0,92.5,1.5,0.4,0.15,0.0859
TLBO + Dynamic Priority + Faculty Satisfaction,20260803,9,20,93.96,93.9557,93.926,0,0,92.5,1.5,0.4,0.15,0.0641
TLBO + Dynamic Priority + Faculty Satisfaction,20260803,9,21,93.96,93.96,93.96,0,0,92.5,1.5,0.4,0.15,0.0553
TLBO + Dynamic Priority + Faculty Satisfaction,20260803,9,22,93.96,93.96,93.96,0,0,92.5,1.5,0.4,0.15,0.059
TLBO + Dynamic Priority + Faculty Satisfaction,20260803,9,23,93.96,93.96,93.96,0,0,92.5,1.5,0.4,0.15,0.0648
TLBO + Dynamic Priority + Faculty Satisfaction,20260803,9,24,93.96,93.96,93.96,0,0,92.5,1.5,0.4,0.15,0.0709
TLBO + Dynamic Priority + Faculty Satisfaction,20260803,9,25,93.96,93.96,93.96,0,0,92.5,1.5,0.4,0.15,0.0692
TLBO + Dynamic Priority + Faculty Satisfaction,20260803,9,26,93.96,93.96,93.96,0,0,92.5,1.5,0.4,0.15,0.0666
TLBO + Dynamic Priority + Faculty Satisfaction,20260803,9,27,93.96,93.96,93.96,0,0,92.5,1.5,0.4,0.15,0.0786
TLBO + Dynamic Priority + Faculty Satisfaction,20260803,9,28,93.96,93.96,93.96,0,0,92.5,1.5,0.4,0.15,0.0804
TLBO + Dynamic Priority + Faculty Satisfaction,20260803,9,29,93.96,93.96,93.96,0,0,92.5,1.5,0.4,0.15,0.0783
TLBO + Dynamic Priority + Faculty Satisfaction,20260803,9,30,93.96,93.96,93.96,0,0,92.5,1.5,0.4,0.15,0.0764
TLBO + Dynamic Priority + Faculty Satisfaction,20260803,9,31,93.96,93.96,93.96,0,0,92.5,1.5,0.4,0.15,0.0572
TLBO + Dynamic Priority + Faculty Satisfaction,20260803,9,32,93.96,93.96,93.96,0,0,92.5,1.5,0.4,0.15,0.0811
TLBO + Dynamic Priority + Faculty Satisfaction,20260803,9,33,93.96,93.96,93.96,0,0,92.5,1.5,0.4,0.15,0.0718
TLBO + Dynamic Priority + Faculty Satisfaction,20260803,9,34,93.96,93.96,93.96,0,0,92.5,1.5,0.4,0.15,0.067
TLBO + Dynamic Priority + Faculty Satisfaction,20260803,9,35,93.96,93.96,93.96,0,0,92.5,1.5,0.4,0.15,0.0649
TLBO + Dynamic Priority + Faculty Satisfaction,20260803,9,36,93.96,93.96,93.96,0,0,92.5,1.5,0.4,0.15,0.0607
TLBO + Dynamic Priority + Faculty Satisfaction,20260803,9,37,93.96,93.96,93.96,0,0,92.5,1.5,0.4,0.15,0.0503
TLBO + Dynamic Priority + Faculty Satisfaction,20260803,9,38,93.96,93.96,93.96,0,0,92.5,1.5,0.4,0.15,0.0464
TLBO + Dynamic Priority + Faculty Satisfaction,20260803,9,39,93.96,93.96,93.96,0,0,92.5,1.5,0.4,0.15,0.0409
TLBO + Dynamic Priority + Faculty Satisfaction,20260803,9,40,93.96,93.96,93.96,0,0,92.5,1.5,0.4,0.15,0.0657
TLBO + Dynamic Priority + Faculty Satisfaction,20260803,9,41,93.96,93.96,93.96,0,0,92.5,1.5,0.4,0.15,0.0562
TLBO + Dynamic Priority + Faculty Satisfaction,20260803,9,42,93.96,93.96,93.96,0,0,92.5,1.5,0.4,0.15,0.0701
TLBO + Dynamic Priority + Faculty Satisfaction,20260803,9,43,93.96,93.96,93.96,0,0,92.5,1.5,0.4,0.15,0.0832
TLBO + Dynamic Priority + Faculty Satisfaction,20260803,9,44,93.96,93.96,93.96,0,0,92.5,1.5,0.4,0.15,0.0662
TLBO + Dynamic Priority + Faculty Satisfaction,20260803,9,45,93.96,93.96,93.96,0,0,92.5,1.5,0.4,0.15,0.0562
TLBO + Dynamic Priority + Faculty Satisfaction,20260803,9,46,93.96,93.96,93.96,0,0,92.5,1.5,0.4,0.15,0.062
TLBO + Dynamic Priority + Faculty Satisfaction,20260803,9,47,93.96,93.96,93.96,0,0,92.5,1.5,0.4,0.15,0.0561
TLBO + Dynamic Priority + Faculty Satisfaction,20260803,9,48,93.96,93.96,93.96,0,0,92.5,1.5,0.4,0.15,0.0598
TLBO + Dynamic Priority + Faculty Satisfaction,20260803,9,49,93.96,93.96,93.96,0,0,92.5,1.5,0.4,0.15,0.0821
TLBO + Dynamic Priority + Faculty Satisfaction,20260803,9,50,93.96,93.96,93.96,0,0,92.5,1.5,0.4,0.15,0.0471
TLBO + Dynamic Priority + Faculty Satisfaction,20260804,10,1,93.2756,57.9678,0.0,0,0,92.5,1.5,0.4,0.15,0.1879
TLBO + Dynamic Priority + Faculty Satisfaction,20260804,10,2,93.2756,69.713,0.0,0,0,92.5,1.5,0.4,0.15,0.1614
TLBO + Dynamic Priority + Faculty Satisfaction,20260804,10,3,93.2756,81.3725,0.0,0,0,92.5,1.5,0.4,0.15,0.1496
TLBO + Dynamic Priority + Faculty Satisfaction,20260804,10,4,93.3752,93.0526,92.564,0,0,92.5,1.5,0.4,0.15,0.1478
TLBO + Dynamic Priority + Faculty Satisfaction,20260804,10,5,93.3752,93.195,92.7736,0,0,92.5,1.5,0.4,0.15,0.153
TLBO + Dynamic Priority + Faculty Satisfaction,20260804,10,6,93.3752,93.2853,93.0176,0,0,92.5,1.5,0.4,0.15,0.1418
TLBO + Dynamic Priority + Faculty Satisfaction,20260804,10,7,93.418,93.3403,93.22,0,0,92.5,1.5,0.4,0.15,0.1066
TLBO + Dynamic Priority + Faculty Satisfaction,20260804,10,8,93.418,93.3651,93.2756,0,0,92.5,1.5,0.4,0.15,0.1346
TLBO + Dynamic Priority + Faculty Satisfaction,20260804,10,9,93.444,93.3999,93.3752,0,0,92.5,1.5,0.4,0.15,0.101
TLBO + Dynamic Priority + Faculty Satisfaction,20260804,10,10,93.4564,93.4206,93.3752,0,0,92.5,1.5,0.4,0.15,0.1221
TLBO + Dynamic Priority + Faculty Satisfaction,20260804,10,11,93.4824,93.4356,93.3752,0,0,92.5,1.5,0.4,0.15,0.1279
TLBO + Dynamic Priority + Faculty Satisfaction,20260804,10,12,93.5164,93.4592,93.418,0,0,92.5,1.5,0.4,0.15,0.1384
TLBO + Dynamic Priority + Faculty Satisfaction,20260804,10,13,93.5944,93.4973,93.418,0,0,92.5,1.5,0.4,0.15,0.1411
TLBO + Dynamic Priority + Faculty Satisfaction,20260804,10,14,93.5944,93.5366,93.478,0,0,92.5,1.5,0.4,0.15,0.1443
TLBO + Dynamic Priority + Faculty Satisfaction,20260804,10,15,93.5944,93.5607,93.482,0,0,92.5,1.5,0.4,0.15,0.1399
TLBO + Dynamic Priority + Faculty Satisfaction,20260804,10,16,93.5944,93.5747,93.5164,0,0,92.5,1.5,0.4,0.15,0.1344
TLBO + Dynamic Priority + Faculty Satisfaction,20260804,10,17,93.5944,93.5845,93.5548,0,0,92.5,1.5,0.4,0.15,0.1172
TLBO + Dynamic Priority + Faculty Satisfaction,20260804,10,18,93.5984,93.5904,93.5548,0,0,92.5,1.5,0.4,0.15,0.1102
TLBO + Dynamic Priority + Faculty Satisfaction,20260804,10,19,93.5984,93.5964,93.5944,0,0,92.5,1.5,0.4,0.15,0.1107
TLBO + Dynamic Priority + Faculty Satisfaction,20260804,10,20,93.5984,93.5974,93.5944,0,0,92.5,1.5,0.4,0.15,0.1164
TLBO + Dynamic Priority + Faculty Satisfaction,20260804,10,21,93.5984,93.5979,93.5944,0,0,92.5,1.5,0.4,0.15,0.0975
TLBO + Dynamic Priority + Faculty Satisfaction,20260804,10,22,93.5984,93.5984,93.5984,0,0,92.5,1.5,0.4,0.15,0.0724
TLBO + Dynamic Priority + Faculty Satisfaction,20260804,10,23,93.5984,93.5984,93.5984,0,0,92.5,1.5,0.4,0.15,0.0683
TLBO + Dynamic Priority + Faculty Satisfaction,20260804,10,24,93.5984,93.5984,93.5984,0,0,92.5,1.5,0.4,0.15,0.0688
TLBO + Dynamic Priority + Faculty Satisfaction,20260804,10,25,93.5984,93.5984,93.5984,0,0,92.5,1.5,0.4,0.15,0.0535
TLBO + Dynamic Priority + Faculty Satisfaction,20260804,10,26,93.5984,93.5984,93.5984,0,0,92.5,1.5,0.4,0.15,0.0608
TLBO + Dynamic Priority + Faculty Satisfaction,20260804,10,27,93.5984,93.5984,93.5984,0,0,92.5,1.5,0.4,0.15,0.051
TLBO + Dynamic Priority + Faculty Satisfaction,20260804,10,28,93.5984,93.5984,93.5984,0,0,92.5,1.5,0.4,0.15,0.0652
TLBO + Dynamic Priority + Faculty Satisfaction,20260804,10,29,93.5984,93.5984,93.5984,0,0,92.5,1.5,0.4,0.15,0.0482
TLBO + Dynamic Priority + Faculty Satisfaction,20260804,10,30,93.5984,93.5984,93.5984,0,0,92.5,1.5,0.4,0.15,0.056
TLBO + Dynamic Priority + Faculty Satisfaction,20260804,10,31,93.5984,93.5984,93.5984,0,0,92.5,1.5,0.4,0.15,0.0372
TLBO + Dynamic Priority + Faculty Satisfaction,20260804,10,32,93.5984,93.5984,93.5984,0,0,92.5,1.5,0.4,0.15,0.0503
TLBO + Dynamic Priority + Faculty Satisfaction,20260804,10,33,93.5984,93.5984,93.5984,0,0,92.5,1.5,0.4,0.15,0.0519
TLBO + Dynamic Priority + Faculty Satisfaction,20260804,10,34,93.5984,93.5984,93.5984,0,0,92.5,1.5,0.4,0.15,0.0464
TLBO + Dynamic Priority + Faculty Satisfaction,20260804,10,35,93.5984,93.5984,93.5984,0,0,92.5,1.5,0.4,0.15,0.0674
TLBO + Dynamic Priority + Faculty Satisfaction,20260804,10,36,93.5984,93.5984,93.5984,0,0,92.5,1.5,0.4,0.15,0.0432
TLBO + Dynamic Priority + Faculty Satisfaction,20260804,10,37,93.5984,93.5984,93.5984,0,0,92.5,1.5,0.4,0.15,0.0483
TLBO + Dynamic Priority + Faculty Satisfaction,20260804,10,38,93.5984,93.5984,93.5984,0,0,92.5,1.5,0.4,0.15,0.0432
TLBO + Dynamic Priority + Faculty Satisfaction,20260804,10,39,93.5984,93.5984,93.5984,0,0,92.5,1.5,0.4,0.15,0.0585
TLBO + Dynamic Priority + Faculty Satisfaction,20260804,10,40,93.5984,93.5984,93.5984,0,0,92.5,1.5,0.4,0.15,0.0576
TLBO + Dynamic Priority + Faculty Satisfaction,20260804,10,41,93.5984,93.5984,93.5984,0,0,92.5,1.5,0.4,0.15,0.0756
TLBO + Dynamic Priority + Faculty Satisfaction,20260804,10,42,93.5984,93.5984,93.5984,0,0,92.5,1.5,0.4,0.15,0.0683
TLBO + Dynamic Priority + Faculty Satisfaction,20260804,10,43,93.5984,93.5984,93.5984,0,0,92.5,1.5,0.4,0.15,0.0647
TLBO + Dynamic Priority + Faculty Satisfaction,20260804,10,44,93.5984,93.5984,93.5984,0,0,92.5,1.5,0.4,0.15,0.0713
TLBO + Dynamic Priority + Faculty Satisfaction,20260804,10,45,93.5984,93.5984,93.5984,0,0,92.5,1.5,0.4,0.15,0.0776
TLBO + Dynamic Priority + Faculty Satisfaction,20260804,10,46,93.5984,93.5984,93.5984,0,0,92.5,1.5,0.4,0.15,0.0574
TLBO + Dynamic Priority + Faculty Satisfaction,20260804,10,47,93.5984,93.5984,93.5984,0,0,92.5,1.5,0.4,0.15,0.0733
TLBO + Dynamic Priority + Faculty Satisfaction,20260804,10,48,93.5984,93.5984,93.5984,0,0,92.5,1.5,0.4,0.15,0.0856
TLBO + Dynamic Priority + Faculty Satisfaction,20260804,10,49,93.5984,93.5984,93.5984,0,0,92.5,1.5,0.4,0.15,0.0652
TLBO + Dynamic Priority + Faculty Satisfaction,20260804,10,50,93.5984,93.5984,93.5984,0,0,92.5,1.5,0.4,0.15,0.0696
TLBO + Dynamic Priority + Faculty Satisfaction,20260805,11,1,92.954,58.0007,0.0,0,0,92.5,1.5,0.4,0.15,0.1788
TLBO + Dynamic Priority + Faculty Satisfaction,20260805,11,2,93.2652,81.2865,0.0,0,0,92.5,1.5,0.4,0.15,0.169
TLBO + Dynamic Priority + Faculty Satisfaction,20260805,11,3,93.2652,92.9446,92.4708,0,0,92.5,1.5,0.4,0.15,0.1662
TLBO + Dynamic Priority + Faculty Satisfaction,20260805,11,4,93.2652,93.0439,92.8092,0,0,92.5,1.5,0.4,0.15,0.1478
TLBO + Dynamic Priority + Faculty Satisfaction,20260805,11,5,93.2652,93.1009,92.9056,0,0,92.5,1.5,0.4,0.15,0.1341
TLBO + Dynamic Priority + Faculty Satisfaction,20260805,11,6,93.2652,93.1459,92.9332,0,0,92.5,1.5,0.4,0.15,0.1216
TLBO + Dynamic Priority + Faculty Satisfaction,20260805,11,7,93.2652,93.1874,92.954,0,0,92.5,1.5,0.4,0.15,0.1006
TLBO + Dynamic Priority + Faculty Satisfaction,20260805,11,8,93.2652,93.2263,92.954,0,0,92.5,1.5,0.4,0.15,0.0626
TLBO + Dynamic Priority + Faculty Satisfaction,20260805,11,9,93.52,93.297,93.2652,0,0,92.5,1.5,0.4,0.15,0.0626
TLBO + Dynamic Priority + Faculty Satisfaction,20260805,11,10,93.52,93.3768,93.2652,0,0,92.5,1.5,0.4,0.15,0.1224
TLBO + Dynamic Priority + Faculty Satisfaction,20260805,11,11,93.8396,93.5633,93.2652,0,0,92.5,1.5,0.4,0.15,0.1307
TLBO + Dynamic Priority + Faculty Satisfaction,20260805,11,12,93.8396,93.65,93.3856,0,0,92.5,1.5,0.4,0.15,0.1313
TLBO + Dynamic Priority + Faculty Satisfaction,20260805,11,13,93.8396,93.734,93.52,0,0,92.5,1.5,0.4,0.15,0.1207
TLBO + Dynamic Priority + Faculty Satisfaction,20260805,11,14,93.8396,93.774,93.6388,0,0,92.5,1.5,0.4,0.15,0.1172
TLBO + Dynamic Priority + Faculty Satisfaction,20260805,11,15,93.8396,93.8053,93.6884,0,0,92.5,1.5,0.4,0.15,0.0981
TLBO + Dynamic Priority + Faculty Satisfaction,20260805,11,16,93.8396,93.8242,93.7344,0,0,92.5,1.5,0.4,0.15,0.0899
TLBO + Dynamic Priority + Faculty Satisfaction,20260805,11,17,93.8396,93.8374,93.8216,0,0,92.5,1.5,0.4,0.15,0.0683
TLBO + Dynamic Priority + Faculty Satisfaction,20260805,11,18,93.8396,93.8396,93.8396,0,0,92.5,1.5,0.4,0.15,0.0418
TLBO + Dynamic Priority + Faculty Satisfaction,20260805,11,19,93.884,93.8452,93.8396,0,0,92.5,1.5,0.4,0.15,0.0646
TLBO + Dynamic Priority + Faculty Satisfaction,20260805,11,20,93.904,93.8588,93.8396,0,0,92.5,1.5,0.4,0.15,0.1129
TLBO + Dynamic Priority + Faculty Satisfaction,20260805,11,21,93.932,93.8783,93.8396,0,0,92.5,1.5,0.4,0.15,0.1053
TLBO + Dynamic Priority + Faculty Satisfaction,20260805,11,22,93.932,93.8954,93.8396,0,0,92.5,1.5,0.4,0.15,0.1325
TLBO + Dynamic Priority + Faculty Satisfaction,20260805,11,23,93.932,93.9165,93.884,0,0,92.5,1.5,0.4,0.15,0.1301
TLBO + Dynamic Priority + Faculty Satisfaction,20260805,11,24,93.932,93.9225,93.884,0,0,92.5,1.5,0.4,0.15,0.111
TLBO + Dynamic Priority + Faculty Satisfaction,20260805,11,25,93.932,93.9285,93.904,0,0,92.5,1.5,0.4,0.15,0.1033
TLBO + Dynamic Priority + Faculty Satisfaction,20260805,11,26,93.932,93.932,93.932,0,0,92.5,1.5,0.4,0.15,0.0717
TLBO + Dynamic Priority + Faculty Satisfaction,20260805,11,27,93.932,93.932,93.932,0,0,92.5,1.5,0.4,0.15,0.0751
TLBO + Dynamic Priority + Faculty Satisfaction,20260805,11,28,93.932,93.932,93.932,0,0,92.5,1.5,0.4,0.15,0.072
TLBO + Dynamic Priority + Faculty Satisfaction,20260805,11,29,93.932,93.932,93.932,0,0,92.5,1.5,0.4,0.15,0.0691
TLBO + Dynamic Priority + Faculty Satisfaction,20260805,11,30,93.932,93.932,93.932,0,0,92.5,1.5,0.4,0.15,0.0689
TLBO + Dynamic Priority + Faculty Satisfaction,20260805,11,31,93.932,93.932,93.932,0,0,92.5,1.5,0.4,0.15,0.0581
TLBO + Dynamic Priority + Faculty Satisfaction,20260805,11,32,93.932,93.932,93.932,0,0,92.5,1.5,0.4,0.15,0.0726
TLBO + Dynamic Priority + Faculty Satisfaction,20260805,11,33,93.932,93.932,93.932,0,0,92.5,1.5,0.4,0.15,0.0592
TLBO + Dynamic Priority + Faculty Satisfaction,20260805,11,34,93.932,93.932,93.932,0,0,92.5,1.5,0.4,0.15,0.0649
TLBO + Dynamic Priority + Faculty Satisfaction,20260805,11,35,93.932,93.932,93.932,0,0,92.5,1.5,0.4,0.15,0.0469
TLBO + Dynamic Priority + Faculty Satisfaction,20260805,11,36,93.932,93.932,93.932,0,0,92.5,1.5,0.4,0.15,0.0595
TLBO + Dynamic Priority + Faculty Satisfaction,20260805,11,37,93.932,93.932,93.932,0,0,92.5,1.5,0.4,0.15,0.0649
TLBO + Dynamic Priority + Faculty Satisfaction,20260805,11,38,93.932,93.932,93.932,0,0,92.5,1.5,0.4,0.15,0.0671
TLBO + Dynamic Priority + Faculty Satisfaction,20260805,11,39,93.932,93.932,93.932,0,0,92.5,1.5,0.4,0.15,0.0549
TLBO + Dynamic Priority + Faculty Satisfaction,20260805,11,40,93.932,93.932,93.932,0,0,92.5,1.5,0.4,0.15,0.059
TLBO + Dynamic Priority + Faculty Satisfaction,20260805,11,41,93.932,93.932,93.932,0,0,92.5,1.5,0.4,0.15,0.0654
TLBO + Dynamic Priority + Faculty Satisfaction,20260805,11,42,93.932,93.932,93.932,0,0,92.5,1.5,0.4,0.15,0.0619
TLBO + Dynamic Priority + Faculty Satisfaction,20260805,11,43,93.932,93.932,93.932,0,0,92.5,1.5,0.4,0.15,0.0675
TLBO + Dynamic Priority + Faculty Satisfaction,20260805,11,44,93.932,93.932,93.932,0,0,92.5,1.5,0.4,0.15,0.0545
TLBO + Dynamic Priority + Faculty Satisfaction,20260805,11,45,93.932,93.932,93.932,0,0,92.5,1.5,0.4,0.15,0.0537
TLBO + Dynamic Priority + Faculty Satisfaction,20260805,11,46,93.932,93.932,93.932,0,0,92.5,1.5,0.4,0.15,0.0534
TLBO + Dynamic Priority + Faculty Satisfaction,20260805,11,47,93.932,93.932,93.932,0,0,92.5,1.5,0.4,0.15,0.0718
TLBO + Dynamic Priority + Faculty Satisfaction,20260805,11,48,93.932,93.932,93.932,0,0,92.5,1.5,0.4,0.15,0.0661
TLBO + Dynamic Priority + Faculty Satisfaction,20260805,11,49,93.932,93.932,93.932,0,0,92.5,1.5,0.4,0.15,0.0699
TLBO + Dynamic Priority + Faculty Satisfaction,20260805,11,50,93.932,93.932,93.932,0,0,92.5,1.5,0.4,0.15,0.0709
TLBO + Dynamic Priority + Faculty Satisfaction,20260806,12,1,93.242,69.732,0.0,0,0,92.5,1.5,0.4,0.15,0.185
TLBO + Dynamic Priority + Faculty Satisfaction,20260806,12,2,93.242,81.3872,0.0,0,0,92.5,1.5,0.4,0.15,0.1663
TLBO + Dynamic Priority + Faculty Satisfaction,20260806,12,3,93.242,93.0425,92.742,0,0,92.5,1.5,0.4,0.15,0.1489
TLBO + Dynamic Priority + Faculty Satisfaction,20260806,12,4,93.5764,93.185,92.8716,0,0,92.5,1.5,0.4,0.15,0.1488
TLBO + Dynamic Priority + Faculty Satisfaction,20260806,12,5,93.5764,93.2731,92.9756,0,0,92.5,1.5,0.4,0.15,0.1408
TLBO + Dynamic Priority + Faculty Satisfaction,20260806,12,6,93.5764,93.3482,93.0884,0,0,92.5,1.5,0.4,0.15,0.1235
TLBO + Dynamic Priority + Faculty Satisfaction,20260806,12,7,93.5764,93.4092,93.242,0,0,92.5,1.5,0.4,0.15,0.1158
TLBO + Dynamic Priority + Faculty Satisfaction,20260806,12,8,93.5764,93.451,93.242,0,0,92.5,1.5,0.4,0.15,0.1223
TLBO + Dynamic Priority + Faculty Satisfaction,20260806,12,9,93.5764,93.4928,93.242,0,0,92.5,1.5,0.4,0.15,0.1049
TLBO + Dynamic Priority + Faculty Satisfaction,20260806,12,10,93.5764,93.5346,93.242,0,0,92.5,1.5,0.4,0.15,0.0629
TLBO + Dynamic Priority + Faculty Satisfaction,20260806,12,11,93.5764,93.5764,93.5764,0,0,92.5,1.5,0.4,0.15,0.0615
TLBO + Dynamic Priority + Faculty Satisfaction,20260806,12,12,93.5764,93.5764,93.5764,0,0,92.5,1.5,0.4,0.15,0.0643
TLBO + Dynamic Priority + Faculty Satisfaction,20260806,12,13,93.5764,93.5764,93.5764,0,0,92.5,1.5,0.4,0.15,0.0622
TLBO + Dynamic Priority + Faculty Satisfaction,20260806,12,14,93.6148,93.5812,93.5764,0,0,92.5,1.5,0.4,0.15,0.0742
TLBO + Dynamic Priority + Faculty Satisfaction,20260806,12,15,93.6188,93.5961,93.5764,0,0,92.5,1.5,0.4,0.15,0.1137
TLBO + Dynamic Priority + Faculty Satisfaction,20260806,12,16,93.6188,93.6178,93.6108,0,0,92.5,1.5,0.4,0.15,0.0972
TLBO + Dynamic Priority + Faculty Satisfaction,20260806,12,17,93.6188,93.6188,93.6188,0,0,92.5,1.5,0.4,0.15,0.0661
TLBO + Dynamic Priority + Faculty Satisfaction,20260806,12,18,93.6188,93.6188,93.6188,0,0,92.5,1.5,0.4,0.15,0.0762
TLBO + Dynamic Priority + Faculty Satisfaction,20260806,12,19,93.6188,93.6188,93.6188,0,0,92.5,1.5,0.4,0.15,0.063
TLBO + Dynamic Priority + Faculty Satisfaction,20260806,12,20,93.6188,93.6188,93.6188,0,0,92.5,1.5,0.4,0.15,0.0731
TLBO + Dynamic Priority + Faculty Satisfaction,20260806,12,21,93.6188,93.6188,93.6188,0,0,92.5,1.5,0.4,0.15,0.0734
TLBO + Dynamic Priority + Faculty Satisfaction,20260806,12,22,93.6188,93.6188,93.6188,0,0,92.5,1.5,0.4,0.15,0.0607
TLBO + Dynamic Priority + Faculty Satisfaction,20260806,12,23,93.6188,93.6188,93.6188,0,0,92.5,1.5,0.4,0.15,0.0537
TLBO + Dynamic Priority + Faculty Satisfaction,20260806,12,24,93.6188,93.6188,93.6188,0,0,92.5,1.5,0.4,0.15,0.0587
TLBO + Dynamic Priority + Faculty Satisfaction,20260806,12,25,93.6188,93.6188,93.6188,0,0,92.5,1.5,0.4,0.15,0.0528
TLBO + Dynamic Priority + Faculty Satisfaction,20260806,12,26,93.6188,93.6188,93.6188,0,0,92.5,1.5,0.4,0.15,0.0626
TLBO + Dynamic Priority + Faculty Satisfaction,20260806,12,27,93.6188,93.6188,93.6188,0,0,92.5,1.5,0.4,0.15,0.0728
TLBO + Dynamic Priority + Faculty Satisfaction,20260806,12,28,93.6188,93.6188,93.6188,0,0,92.5,1.5,0.4,0.15,0.0768
TLBO + Dynamic Priority + Faculty Satisfaction,20260806,12,29,93.6188,93.6188,93.6188,0,0,92.5,1.5,0.4,0.15,0.0797
TLBO + Dynamic Priority + Faculty Satisfaction,20260806,12,30,93.6188,93.6188,93.6188,0,0,92.5,1.5,0.4,0.15,0.0909
TLBO + Dynamic Priority + Faculty Satisfaction,20260806,12,31,93.6188,93.6188,93.6188,0,0,92.5,1.5,0.4,0.15,0.0761
TLBO + Dynamic Priority + Faculty Satisfaction,20260806,12,32,93.6188,93.6188,93.6188,0,0,92.5,1.5,0.4,0.15,0.0831
TLBO + Dynamic Priority + Faculty Satisfaction,20260806,12,33,93.6188,93.6188,93.6188,0,0,92.5,1.5,0.4,0.15,0.0749
TLBO + Dynamic Priority + Faculty Satisfaction,20260806,12,34,93.6188,93.6188,93.6188,0,0,92.5,1.5,0.4,0.15,0.0734
TLBO + Dynamic Priority + Faculty Satisfaction,20260806,12,35,93.6188,93.6188,93.6188,0,0,92.5,1.5,0.4,0.15,0.0572
TLBO + Dynamic Priority + Faculty Satisfaction,20260806,12,36,93.6188,93.6188,93.6188,0,0,92.5,1.5,0.4,0.15,0.0571
TLBO + Dynamic Priority + Faculty Satisfaction,20260806,12,37,93.6188,93.6188,93.6188,0,0,92.5,1.5,0.4,0.15,0.0461
TLBO + Dynamic Priority + Faculty Satisfaction,20260806,12,38,93.6188,93.6188,93.6188,0,0,92.5,1.5,0.4,0.15,0.0558
TLBO + Dynamic Priority + Faculty Satisfaction,20260806,12,39,93.6188,93.6188,93.6188,0,0,92.5,1.5,0.4,0.15,0.0421
TLBO + Dynamic Priority + Faculty Satisfaction,20260806,12,40,93.6188,93.6188,93.6188,0,0,92.5,1.5,0.4,0.15,0.0547
TLBO + Dynamic Priority + Faculty Satisfaction,20260806,12,41,93.6188,93.6188,93.6188,0,0,92.5,1.5,0.4,0.15,0.0543
TLBO + Dynamic Priority + Faculty Satisfaction,20260806,12,42,93.6188,93.6188,93.6188,0,0,92.5,1.5,0.4,0.15,0.0546
TLBO + Dynamic Priority + Faculty Satisfaction,20260806,12,43,93.6188,93.6188,93.6188,0,0,92.5,1.5,0.4,0.15,0.0502
TLBO + Dynamic Priority + Faculty Satisfaction,20260806,12,44,93.6188,93.6188,93.6188,0,0,92.5,1.5,0.4,0.15,0.0498
TLBO + Dynamic Priority + Faculty Satisfaction,20260806,12,45,93.6188,93.6188,93.6188,0,0,92.5,1.5,0.4,0.15,0.05
TLBO + Dynamic Priority + Faculty Satisfaction,20260806,12,46,93.6188,93.6188,93.6188,0,0,92.5,1.5,0.4,0.15,0.0458
TLBO + Dynamic Priority + Faculty Satisfaction,20260806,12,47,93.6188,93.6188,93.6188,0,0,92.5,1.5,0.4,0.15,0.0434
TLBO + Dynamic Priority + Faculty Satisfaction,20260806,12,48,93.6188,93.6188,93.6188,0,0,92.5,1.5,0.4,0.15,0.0463
TLBO + Dynamic Priority + Faculty Satisfaction,20260806,12,49,93.6188,93.6188,93.6188,0,0,92.5,1.5,0.4,0.15,0.0471
TLBO + Dynamic Priority + Faculty Satisfaction,20260806,12,50,93.6188,93.6188,93.6188,0,0,92.5,1.5,0.4,0.15,0.0563
TLBO + Dynamic Priority + Faculty Satisfaction,20260807,13,1,93.0252,81.136,0.0,0,0,92.5,1.5,0.4,0.15,0.1988
TLBO + Dynamic Priority + Faculty Satisfaction,20260807,13,2,93.0252,92.8182,91.996,0,0,92.5,1.5,0.4,0.15,0.1627
TLBO + Dynamic Priority + Faculty Satisfaction,20260807,13,3,93.3652,92.9894,92.8224,0,0,92.5,1.5,0.4,0.15,0.1569
TLBO + Dynamic Priority + Faculty Satisfaction,20260807,13,4,93.3652,93.074,92.86,0,0,92.5,1.5,0.4,0.15,0.1636
TLBO + Dynamic Priority + Faculty Satisfaction,20260807,13,5,93.3652,93.1719,92.8708,0,0,92.5,1.5,0.4,0.15,0.1377
TLBO + Dynamic Priority + Faculty Satisfaction,20260807,13,6,93.3652,93.2408,92.9548,0,0,92.5,1.5,0.4,0.15,0.1147
TLBO + Dynamic Priority + Faculty Satisfaction,20260807,13,7,93.3964,93.3224,92.9912,0,0,92.5,1.5,0.4,0.15,0.1079
TLBO + Dynamic Priority + Faculty Satisfaction,20260807,13,8,93.3964,93.3808,93.3652,0,0,92.5,1.5,0.4,0.15,0.0819
TLBO + Dynamic Priority + Faculty Satisfaction,20260807,13,9,93.486,93.3959,93.3652,0,0,92.5,1.5,0.4,0.15,0.0577
TLBO + Dynamic Priority + Faculty Satisfaction,20260807,13,10,93.486,93.4372,93.3964,0,0,92.5,1.5,0.4,0.15,0.1048
TLBO + Dynamic Priority + Faculty Satisfaction,20260807,13,11,93.486,93.4649,93.3964,0,0,92.5,1.5,0.4,0.15,0.1113
TLBO + Dynamic Priority + Faculty Satisfaction,20260807,13,12,93.486,93.4842,93.4716,0,0,92.5,1.5,0.4,0.15,0.0892
TLBO + Dynamic Priority + Faculty Satisfaction,20260807,13,13,93.486,93.486,93.486,0,0,92.5,1.5,0.4,0.15,0.0554
TLBO + Dynamic Priority + Faculty Satisfaction,20260807,13,14,93.486,93.486,93.486,0,0,92.5,1.5,0.4,0.15,0.0698
TLBO + Dynamic Priority + Faculty Satisfaction,20260807,13,15,93.486,93.486,93.486,0,0,92.5,1.5,0.4,0.15,0.0655
TLBO + Dynamic Priority + Faculty Satisfaction,20260807,13,16,93.486,93.486,93.486,0,0,92.5,1.5,0.4,0.15,0.0796
TLBO + Dynamic Priority + Faculty Satisfaction,20260807,13,17,93.486,93.486,93.486,0,0,92.5,1.5,0.4,0.15,0.0768
TLBO + Dynamic Priority + Faculty Satisfaction,20260807,13,18,93.486,93.486,93.486,0,0,92.5,1.5,0.4,0.15,0.0858
TLBO + Dynamic Priority + Faculty Satisfaction,20260807,13,19,93.5196,93.4902,93.486,0,0,92.5,1.5,0.4,0.15,0.0797
TLBO + Dynamic Priority + Faculty Satisfaction,20260807,13,20,93.5196,93.4944,93.486,0,0,92.5,1.5,0.4,0.15,0.1313
TLBO + Dynamic Priority + Faculty Satisfaction,20260807,13,21,93.5196,93.5028,93.486,0,0,92.5,1.5,0.4,0.15,0.1085
TLBO + Dynamic Priority + Faculty Satisfaction,20260807,13,22,93.5196,93.507,93.486,0,0,92.5,1.5,0.4,0.15,0.0814
TLBO + Dynamic Priority + Faculty Satisfaction,20260807,13,23,93.5196,93.5112,93.486,0,0,92.5,1.5,0.4,0.15,0.0888
TLBO + Dynamic Priority + Faculty Satisfaction,20260807,13,24,93.5196,93.5154,93.486,0,0,92.5,1.5,0.4,0.15,0.077
TLBO + Dynamic Priority + Faculty Satisfaction,20260807,13,25,93.5196,93.5196,93.5196,0,0,92.5,1.5,0.4,0.15,0.0667
TLBO + Dynamic Priority + Faculty Satisfaction,20260807,13,26,93.588,93.5323,93.5196,0,0,92.5,1.5,0.4,0.15,0.1115
TLBO + Dynamic Priority + Faculty Satisfaction,20260807,13,27,93.588,93.558,93.5196,0,0,92.5,1.5,0.4,0.15,0.1053
TLBO + Dynamic Priority + Faculty Satisfaction,20260807,13,28,93.588,93.5665,93.5196,0,0,92.5,1.5,0.4,0.15,0.1009
TLBO + Dynamic Priority + Faculty Satisfaction,20260807,13,29,93.62,93.5834,93.5196,0,0,92.5,1.5,0.4,0.15,0.0922
TLBO + Dynamic Priority + Faculty Satisfaction,20260807,13,30,93.62,93.604,93.588,0,0,92.5,1.5,0.4,0.15,0.0821
TLBO + Dynamic Priority + Faculty Satisfaction,20260807,13,31,93.62,93.612,93.588,0,0,92.5,1.5,0.4,0.15,0.079
TLBO + Dynamic Priority + Faculty Satisfaction,20260807,13,32,93.62,93.616,93.588,0,0,92.5,1.5,0.4,0.15,0.052
TLBO + Dynamic Priority + Faculty Satisfaction,20260807,13,33,93.62,93.62,93.62,0,0,92.5,1.5,0.4,0.15,0.0468
TLBO + Dynamic Priority + Faculty Satisfaction,20260807,13,34,93.62,93.62,93.62,0,0,92.5,1.5,0.4,0.15,0.0426
TLBO + Dynamic Priority + Faculty Satisfaction,20260807,13,35,93.624,93.6205,93.62,0,0,92.5,1.5,0.4,0.15,0.0491
TLBO + Dynamic Priority + Faculty Satisfaction,20260807,13,36,93.624,93.6225,93.62,0,0,92.5,1.5,0.4,0.15,0.1011
TLBO + Dynamic Priority + Faculty Satisfaction,20260807,13,37,93.624,93.623,93.62,0,0,92.5,1.5,0.4,0.15,0.0951
TLBO + Dynamic Priority + Faculty Satisfaction,20260807,13,38,93.624,93.624,93.624,0,0,92.5,1.5,0.4,0.15,0.0594
TLBO + Dynamic Priority + Faculty Satisfaction,20260807,13,39,93.624,93.624,93.624,0,0,92.5,1.5,0.4,0.15,0.0544
TLBO + Dynamic Priority + Faculty Satisfaction,20260807,13,40,93.624,93.624,93.624,0,0,92.5,1.5,0.4,0.15,0.0556
TLBO + Dynamic Priority + Faculty Satisfaction,20260807,13,41,93.624,93.624,93.624,0,0,92.5,1.5,0.4,0.15,0.0463
TLBO + Dynamic Priority + Faculty Satisfaction,20260807,13,42,93.624,93.624,93.624,0,0,92.5,1.5,0.4,0.15,0.0539
TLBO + Dynamic Priority + Faculty Satisfaction,20260807,13,43,93.624,93.624,93.624,0,0,92.5,1.5,0.4,0.15,0.0459
TLBO + Dynamic Priority + Faculty Satisfaction,20260807,13,44,93.624,93.624,93.624,0,0,92.5,1.5,0.4,0.15,0.0473
TLBO + Dynamic Priority + Faculty Satisfaction,20260807,13,45,93.624,93.624,93.624,0,0,92.5,1.5,0.4,0.15,0.062
TLBO + Dynamic Priority + Faculty Satisfaction,20260807,13,46,93.624,93.624,93.624,0,0,92.5,1.5,0.4,0.15,0.0451
TLBO + Dynamic Priority + Faculty Satisfaction,20260807,13,47,93.624,93.624,93.624,0,0,92.5,1.5,0.4,0.15,0.043
TLBO + Dynamic Priority + Faculty Satisfaction,20260807,13,48,93.624,93.624,93.624,0,0,92.5,1.5,0.4,0.15,0.0598
TLBO + Dynamic Priority + Faculty Satisfaction,20260807,13,49,93.624,93.624,93.624,0,0,92.5,1.5,0.4,0.15,0.0611
TLBO + Dynamic Priority + Faculty Satisfaction,20260807,13,50,93.624,93.624,93.624,0,0,92.5,1.5,0.4,0.15,0.0459
TLBO + Dynamic Priority + Faculty Satisfaction,20260808,14,1,93.3632,34.9447,0.0,0,0,92.5,1.5,0.4,0.15,0.1974
TLBO + Dynamic Priority + Faculty Satisfaction,20260808,14,2,93.3632,69.7611,0.0,0,0,92.5,1.5,0.4,0.15,0.1628
TLBO + Dynamic Priority + Faculty Satisfaction,20260808,14,3,93.3632,81.4315,0.0,0,0,92.5,1.5,0.4,0.15,0.1649
TLBO + Dynamic Priority + Faculty Satisfaction,20260808,14,4,93.3632,93.2758,92.9196,0,0,92.5,1.5,0.4,0.15,0.1292
TLBO + Dynamic Priority + Faculty Satisfaction,20260808,14,5,93.3632,93.3312,93.27,0,0,92.5,1.5,0.4,0.15,0.1159
TLBO + Dynamic Priority + Faculty Satisfaction,20260808,14,6,93.376,93.3556,93.2896,0,0,92.5,1.5,0.4,0.15,0.0989
TLBO + Dynamic Priority + Faculty Satisfaction,20260808,14,7,93.376,93.3664,93.3632,0,0,92.5,1.5,0.4,0.15,0.1102
TLBO + Dynamic Priority + Faculty Satisfaction,20260808,14,8,93.376,93.368,93.3632,0,0,92.5,1.5,0.4,0.15,0.0922
TLBO + Dynamic Priority + Faculty Satisfaction,20260808,14,9,93.5424,93.392,93.3632,0,0,92.5,1.5,0.4,0.15,0.1251
TLBO + Dynamic Priority + Faculty Satisfaction,20260808,14,10,93.5424,93.4144,93.3632,0,0,92.5,1.5,0.4,0.15,0.1402
TLBO + Dynamic Priority + Faculty Satisfaction,20260808,14,11,93.5968,93.4644,93.3632,0,0,92.5,1.5,0.4,0.15,0.1178
TLBO + Dynamic Priority + Faculty Satisfaction,20260808,14,12,93.5968,93.4936,93.376,0,0,92.5,1.5,0.4,0.15,0.1365
TLBO + Dynamic Priority + Faculty Satisfaction,20260808,14,13,93.5968,93.5212,93.376,0,0,92.5,1.5,0.4,0.15,0.1219
TLBO + Dynamic Priority + Faculty Satisfaction,20260808,14,14,93.5968,93.5488,93.376,0,0,92.5,1.5,0.4,0.15,0.1251
TLBO + Dynamic Priority + Faculty Satisfaction,20260808,14,15,93.5968,93.5764,93.5424,0,0,92.5,1.5,0.4,0.15,0.0964
TLBO + Dynamic Priority + Faculty Satisfaction,20260808,14,16,93.5968,93.5889,93.5424,0,0,92.5,1.5,0.4,0.15,0.0896
TLBO + Dynamic Priority + Faculty Satisfaction,20260808,14,17,93.5968,93.5957,93.5884,0,0,92.5,1.5,0.4,0.15,0.0881
TLBO + Dynamic Priority + Faculty Satisfaction,20260808,14,18,93.5968,93.5968,93.5968,0,0,92.5,1.5,0.4,0.15,0.0588
TLBO + Dynamic Priority + Faculty Satisfaction,20260808,14,19,93.7192,93.6121,93.5968,0,0,92.5,1.5,0.4,0.15,0.0787
TLBO + Dynamic Priority + Faculty Satisfaction,20260808,14,20,93.82,93.6756,93.5968,0,0,92.5,1.5,0.4,0.15,0.115
TLBO + Dynamic Priority + Faculty Satisfaction,20260808,14,21,93.82,93.7035,93.5968,0,0,92.5,1.5,0.4,0.15,0.1136
TLBO + Dynamic Priority + Faculty Satisfaction,20260808,14,22,93.82,93.7519,93.6488,0,0,92.5,1.5,0.4,0.15,0.1251
TLBO + Dynamic Priority + Faculty Satisfaction,20260808,14,23,93.82,93.7733,93.7192,0,0,92.5,1.5,0.4,0.15,0.1059
TLBO + Dynamic Priority + Faculty Satisfaction,20260808,14,24,93.82,93.7859,93.7192,0,0,92.5,1.5,0.4,0.15,0.1002
TLBO + Dynamic Priority + Faculty Satisfaction,20260808,14,25,93.82,93.7985,93.7192,0,0,92.5,1.5,0.4,0.15,0.1082
TLBO + Dynamic Priority + Faculty Satisfaction,20260808,14,26,93.82,93.8111,93.7492,0,0,92.5,1.5,0.4,0.15,0.0662
TLBO + Dynamic Priority + Faculty Satisfaction,20260808,14,27,93.82,93.82,93.82,0,0,92.5,1.5,0.4,0.15,0.0616
TLBO + Dynamic Priority + Faculty Satisfaction,20260808,14,28,93.868,93.826,93.82,0,0,92.5,1.5,0.4,0.15,0.0538
TLBO + Dynamic Priority + Faculty Satisfaction,20260808,14,29,93.868,93.844,93.82,0,0,92.5,1.5,0.4,0.15,0.0967
TLBO + Dynamic Priority + Faculty Satisfaction,20260808,14,30,93.868,93.856,93.82,0,0,92.5,1.5,0.4,0.15,0.1149
TLBO + Dynamic Priority + Faculty Satisfaction,20260808,14,31,93.89,93.8708,93.868,0,0,92.5,1.5,0.4,0.15,0.0711
TLBO + Dynamic Priority + Faculty Satisfaction,20260808,14,32,93.89,93.8735,93.868,0,0,92.5,1.5,0.4,0.15,0.1061
TLBO + Dynamic Priority + Faculty Satisfaction,20260808,14,33,93.89,93.8786,93.868,0,0,92.5,1.5,0.4,0.15,0.1052
TLBO + Dynamic Priority + Faculty Satisfaction,20260808,14,34,93.89,93.8817,93.868,0,0,92.5,1.5,0.4,0.15,0.0998
TLBO + Dynamic Priority + Faculty Satisfaction,20260808,14,35,93.89,93.8872,93.868,0,0,92.5,1.5,0.4,0.15,0.0996
TLBO + Dynamic Priority + Faculty Satisfaction,20260808,14,36,93.9392,93.8962,93.89,0,0,92.5,1.5,0.4,0.15,0.0672
TLBO + Dynamic Priority + Faculty Satisfaction,20260808,14,37,93.9392,93.9023,93.89,0,0,92.5,1.5,0.4,0.15,0.0821
TLBO + Dynamic Priority + Faculty Satisfaction,20260808,14,38,93.9392,93.9085,93.89,0,0,92.5,1.5,0.4,0.15,0.0812
TLBO + Dynamic Priority + Faculty Satisfaction,20260808,14,39,93.9392,93.9207,93.89,0,0,92.5,1.5,0.4,0.15,0.1036
TLBO + Dynamic Priority + Faculty Satisfaction,20260808,14,40,93.9392,93.933,93.89,0,0,92.5,1.5,0.4,0.15,0.0683
TLBO + Dynamic Priority + Faculty Satisfaction,20260808,14,41,93.9392,93.9392,93.9392,0,0,92.5,1.5,0.4,0.15,0.0418
TLBO + Dynamic Priority + Faculty Satisfaction,20260808,14,42,93.9392,93.9392,93.9392,0,0,92.5,1.5,0.4,0.15,0.0418
TLBO + Dynamic Priority + Faculty Satisfaction,20260808,14,43,93.9392,93.9392,93.9392,0,0,92.5,1.5,0.4,0.15,0.0603
TLBO + Dynamic Priority + Faculty Satisfaction,20260808,14,44,93.9392,93.9392,93.9392,0,0,92.5,1.5,0.4,0.15,0.0526
TLBO + Dynamic Priority + Faculty Satisfaction,20260808,14,45,93.9392,93.9392,93.9392,0,0,92.5,1.5,0.4,0.15,0.0689
TLBO + Dynamic Priority + Faculty Satisfaction,20260808,14,46,93.9392,93.9392,93.9392,0,0,92.5,1.5,0.4,0.15,0.049
TLBO + Dynamic Priority + Faculty Satisfaction,20260808,14,47,93.9392,93.9392,93.9392,0,0,92.5,1.5,0.4,0.15,0.0586
TLBO + Dynamic Priority + Faculty Satisfaction,20260808,14,48,93.9392,93.9392,93.9392,0,0,92.5,1.5,0.4,0.15,0.0495
TLBO + Dynamic Priority + Faculty Satisfaction,20260808,14,49,93.9392,93.9392,93.9392,0,0,92.5,1.5,0.4,0.15,0.0377
TLBO + Dynamic Priority + Faculty Satisfaction,20260808,14,50,93.9392,93.9392,93.9392,0,0,92.5,1.5,0.4,0.15,0.056
TLBO + Dynamic Priority + Faculty Satisfaction,20260809,15,1,93.5172,46.477,0.0,0,0,92.5,1.5,0.4,0.15,0.1844
TLBO + Dynamic Priority + Faculty Satisfaction,20260809,15,2,93.5172,69.8251,0.0,0,0,92.5,1.5,0.4,0.15,0.1685
TLBO + Dynamic Priority + Faculty Satisfaction,20260809,15,3,93.5172,81.53,0.0,0,0,92.5,1.5,0.4,0.15,0.1463
TLBO + Dynamic Priority + Faculty Satisfaction,20260809,15,4,93.5172,93.2197,92.6036,0,0,92.5,1.5,0.4,0.15,0.1508
TLBO + Dynamic Priority + Faculty Satisfaction,20260809,15,5,93.7048,93.4248,93.0716,0,0,92.5,1.5,0.4,0.15,0.1151
TLBO + Dynamic Priority + Faculty Satisfaction,20260809,15,6,93.7048,93.5433,93.2812,0,0,92.5,1.5,0.4,0.15,0.1357
TLBO + Dynamic Priority + Faculty Satisfaction,20260809,15,7,93.7048,93.5962,93.286,0,0,92.5,1.5,0.4,0.15,0.1382
TLBO + Dynamic Priority + Faculty Satisfaction,20260809,15,8,93.7048,93.6486,93.5172,0,0,92.5,1.5,0.4,0.15,0.1325
TLBO + Dynamic Priority + Faculty Satisfaction,20260809,15,9,93.7048,93.6879,93.636,0,0,92.5,1.5,0.4,0.15,0.1224
TLBO + Dynamic Priority + Faculty Satisfaction,20260809,15,10,93.7048,93.6965,93.6424,0,0,92.5,1.5,0.4,0.15,0.1122
TLBO + Dynamic Priority + Faculty Satisfaction,20260809,15,11,93.7048,93.7043,93.7008,0,0,92.5,1.5,0.4,0.15,0.0701
TLBO + Dynamic Priority + Faculty Satisfaction,20260809,15,12,93.7048,93.7048,93.7048,0,0,92.5,1.5,0.4,0.15,0.0406
TLBO + Dynamic Priority + Faculty Satisfaction,20260809,15,13,93.7048,93.7048,93.7048,0,0,92.5,1.5,0.4,0.15,0.0511
TLBO + Dynamic Priority + Faculty Satisfaction,20260809,15,14,93.7048,93.7048,93.7048,0,0,92.5,1.5,0.4,0.15,0.0561
TLBO + Dynamic Priority + Faculty Satisfaction,20260809,15,15,93.7048,93.7048,93.7048,0,0,92.5,1.5,0.4,0.15,0.0473
TLBO + Dynamic Priority + Faculty Satisfaction,20260809,15,16,93.7048,93.7048,93.7048,0,0,92.5,1.5,0.4,0.15,0.0522
TLBO + Dynamic Priority + Faculty Satisfaction,20260809,15,17,93.7048,93.7048,93.7048,0,0,92.5,1.5,0.4,0.15,0.0451
TLBO + Dynamic Priority + Faculty Satisfaction,20260809,15,18,93.7048,93.7048,93.7048,0,0,92.5,1.5,0.4,0.15,0.0529
TLBO + Dynamic Priority + Faculty Satisfaction,20260809,15,19,93.7048,93.7048,93.7048,0,0,92.5,1.5,0.4,0.15,0.0526
TLBO + Dynamic Priority + Faculty Satisfaction,20260809,15,20,93.7048,93.7048,93.7048,0,0,92.5,1.5,0.4,0.15,0.0525
TLBO + Dynamic Priority + Faculty Satisfaction,20260809,15,21,93.7048,93.7048,93.7048,0,0,92.5,1.5,0.4,0.15,0.0479
TLBO + Dynamic Priority + Faculty Satisfaction,20260809,15,22,93.7048,93.7048,93.7048,0,0,92.5,1.5,0.4,0.15,0.0501
TLBO + Dynamic Priority + Faculty Satisfaction,20260809,15,23,93.7164,93.7063,93.7048,0,0,92.5,1.5,0.4,0.15,0.053
TLBO + Dynamic Priority + Faculty Satisfaction,20260809,15,24,93.7164,93.7077,93.7048,0,0,92.5,1.5,0.4,0.15,0.0994
TLBO + Dynamic Priority + Faculty Satisfaction,20260809,15,25,93.7164,93.7091,93.7048,0,0,92.5,1.5,0.4,0.15,0.0998
TLBO + Dynamic Priority + Faculty Satisfaction,20260809,15,26,93.7164,93.7106,93.7048,0,0,92.5,1.5,0.4,0.15,0.0832
TLBO + Dynamic Priority + Faculty Satisfaction,20260809,15,27,93.7852,93.7221,93.7048,0,0,92.5,1.5,0.4,0.15,0.1063
TLBO + Dynamic Priority + Faculty Satisfaction,20260809,15,28,93.7852,93.7351,93.7164,0,0,92.5,1.5,0.4,0.15,0.1114
TLBO + Dynamic Priority + Faculty Satisfaction,20260809,15,29,93.7852,93.7488,93.7164,0,0,92.5,1.5,0.4,0.15,0.1211
TLBO + Dynamic Priority + Faculty Satisfaction,20260809,15,30,93.8556,93.7929,93.7164,0,0,92.5,1.5,0.4,0.15,0.1226
TLBO + Dynamic Priority + Faculty Satisfaction,20260809,15,31,93.8556,93.8103,93.7852,0,0,92.5,1.5,0.4,0.15,0.1339
TLBO + Dynamic Priority + Faculty Satisfaction,20260809,15,32,93.8556,93.8226,93.7852,0,0,92.5,1.5,0.4,0.15,0.1224
TLBO + Dynamic Priority + Faculty Satisfaction,20260809,15,33,93.8716,93.8422,93.7852,0,0,92.5,1.5,0.4,0.15,0.1141
TLBO + Dynamic Priority + Faculty Satisfaction,20260809,15,34,93.8716,93.853,93.8032,0,0,92.5,1.5,0.4,0.15,0.0957
TLBO + Dynamic Priority + Faculty Satisfaction,20260809,15,35,93.8716,93.8616,93.8556,0,0,92.5,1.5,0.4,0.15,0.101
TLBO + Dynamic Priority + Faculty Satisfaction,20260809,15,36,93.948,93.8751,93.8556,0,0,92.5,1.5,0.4,0.15,0.0974
TLBO + Dynamic Priority + Faculty Satisfaction,20260809,15,37,93.948,93.9133,93.8556,0,0,92.5,1.5,0.4,0.15,0.1177
TLBO + Dynamic Priority + Faculty Satisfaction,20260809,15,38,93.948,93.9249,93.8716,0,0,92.5,1.5,0.4,0.15,0.1191
TLBO + Dynamic Priority + Faculty Satisfaction,20260809,15,39,93.948,93.944,93.916,0,0,92.5,1.5,0.4,0.15,0.1167
TLBO + Dynamic Priority + Faculty Satisfaction,20260809,15,40,93.948,93.948,93.948,0,0,92.5,1.5,0.4,0.15,0.1113
TLBO + Dynamic Priority + Faculty Satisfaction,20260809,15,41,93.948,93.948,93.948,0,0,92.5,1.5,0.4,0.15,0.1083
TLBO + Dynamic Priority + Faculty Satisfaction,20260809,15,42,93.948,93.948,93.948,0,0,92.5,1.5,0.4,0.15,0.0991
TLBO + Dynamic Priority + Faculty Satisfaction,20260809,15,43,93.9972,93.9541,93.948,0,0,92.5,1.5,0.4,0.15,0.1087
TLBO + Dynamic Priority + Faculty Satisfaction,20260809,15,44,93.9972,93.9603,93.948,0,0,92.5,1.5,0.4,0.15,0.1087
TLBO + Dynamic Priority + Faculty Satisfaction,20260809,15,45,93.9972,93.9664,93.948,0,0,92.5,1.5,0.4,0.15,0.1151
TLBO + Dynamic Priority + Faculty Satisfaction,20260809,15,46,93.9972,93.9726,93.948,0,0,92.5,1.5,0.4,0.15,0.113
TLBO + Dynamic Priority + Faculty Satisfaction,20260809,15,47,93.9972,93.9788,93.948,0,0,92.5,1.5,0.4,0.15,0.107
TLBO + Dynamic Priority + Faculty Satisfaction,20260809,15,48,93.9972,93.9849,93.948,0,0,92.5,1.5,0.4,0.15,0.1011
TLBO + Dynamic Priority + Faculty Satisfaction,20260809,15,49,93.9972,93.9911,93.948,0,0,92.5,1.5,0.4,0.15,0.0664
TLBO + Dynamic Priority + Faculty Satisfaction,20260809,15,50,93.9972,93.9972,93.9972,0,0,92.5,1.5,0.4,0.15,0.0389
TLBO + Dynamic Priority + Faculty Satisfaction,20260810,16,1,92.666,46.187,0.0,0,0,92.5,1.5,0.4,0.15,0.181
TLBO + Dynamic Priority + Faculty Satisfaction,20260810,16,2,92.666,57.7703,0.0,0,0,92.5,1.5,0.4,0.15,0.155
TLBO + Dynamic Priority + Faculty Satisfaction,20260810,16,3,92.9012,92.5711,91.9972,0,0,92.5,1.5,0.4,0.15,0.1433
TLBO + Dynamic Priority + Faculty Satisfaction,20260810,16,4,92.9032,92.7279,92.1764,0,0,92.5,1.5,0.4,0.15,0.1607
TLBO + Dynamic Priority + Faculty Satisfaction,20260810,16,5,93.384,92.8791,92.666,0,0,92.5,1.5,0.4,0.15,0.151
TLBO + Dynamic Priority + Faculty Satisfaction,20260810,16,6,93.384,92.9689,92.666,0,0,92.5,1.5,0.4,0.15,0.1599
TLBO + Dynamic Priority + Faculty Satisfaction,20260810,16,7,93.384,93.0587,92.77,0,0,92.5,1.5,0.4,0.15,0.1351
TLBO + Dynamic Priority + Faculty Satisfaction,20260810,16,8,93.384,93.1562,92.8396,0,0,92.5,1.5,0.4,0.15,0.1339
TLBO + Dynamic Priority + Faculty Satisfaction,20260810,16,9,93.384,93.2243,92.9012,0,0,92.5,1.5,0.4,0.15,0.1091
TLBO + Dynamic Priority + Faculty Satisfaction,20260810,16,10,93.384,93.2846,92.95,0,0,92.5,1.5,0.4,0.15,0.1038
TLBO + Dynamic Priority + Faculty Satisfaction,20260810,16,11,93.384,93.3389,93.0232,0,0,92.5,1.5,0.4,0.15,0.0712
TLBO + Dynamic Priority + Faculty Satisfaction,20260810,16,12,93.4684,93.3945,93.384,0,0,92.5,1.5,0.4,0.15,0.0668
TLBO + Dynamic Priority + Faculty Satisfaction,20260810,16,13,93.6996,93.4446,93.384,0,0,92.5,1.5,0.4,0.15,0.1097
TLBO + Dynamic Priority + Faculty Satisfaction,20260810,16,14,93.6996,93.4983,93.384,0,0,92.5,1.5,0.4,0.15,0.1279
TLBO + Dynamic Priority + Faculty Satisfaction,20260810,16,15,93.6996,93.6024,93.4684,0,0,92.5,1.5,0.4,0.15,0.1214
TLBO + Dynamic Priority + Faculty Satisfaction,20260810,16,16,93.7036,93.65,93.5108,0,0,92.5,1.5,0.4,0.15,0.1408
TLBO + Dynamic Priority + Faculty Satisfaction,20260810,16,17,93.7036,93.69,93.6552,0,0,92.5,1.5,0.4,0.15,0.1192
TLBO + Dynamic Priority + Faculty Satisfaction,20260810,16,18,93.7036,93.7021,93.6996,0,0,92.5,1.5,0.4,0.15,0.1162
TLBO + Dynamic Priority + Faculty Satisfaction,20260810,16,19,93.7036,93.7026,93.6996,0,0,92.5,1.5,0.4,0.15,0.1174
TLBO + Dynamic Priority + Faculty Satisfaction,20260810,16,20,93.744,93.7086,93.7036,0,0,92.5,1.5,0.4,0.15,0.0928
TLBO + Dynamic Priority + Faculty Satisfaction,20260810,16,21,93.744,93.7137,93.7036,0,0,92.5,1.5,0.4,0.15,0.1283
TLBO + Dynamic Priority + Faculty Satisfaction,20260810,16,22,93.744,93.7188,93.7036,0,0,92.5,1.5,0.4,0.15,0.1167
TLBO + Dynamic Priority + Faculty Satisfaction,20260810,16,23,93.744,93.7288,93.7036,0,0,92.5,1.5,0.4,0.15,0.1158
TLBO + Dynamic Priority + Faculty Satisfaction,20260810,16,24,93.744,93.7352,93.7036,0,0,92.5,1.5,0.4,0.15,0.0982
TLBO + Dynamic Priority + Faculty Satisfaction,20260810,16,25,93.744,93.7403,93.714,0,0,92.5,1.5,0.4,0.15,0.0864
TLBO + Dynamic Priority + Faculty Satisfaction,20260810,16,26,93.762,93.7463,93.744,0,0,92.5,1.5,0.4,0.15,0.0745
TLBO + Dynamic Priority + Faculty Satisfaction,20260810,16,27,93.762,93.7485,93.744,0,0,92.5,1.5,0.4,0.15,0.0903
TLBO + Dynamic Priority + Faculty Satisfaction,20260810,16,28,93.762,93.7507,93.744,0,0,92.5,1.5,0.4,0.15,0.0903
TLBO + Dynamic Priority + Faculty Satisfaction,20260810,16,29,93.762,93.753,93.744,0,0,92.5,1.5,0.4,0.15,0.0898
TLBO + Dynamic Priority + Faculty Satisfaction,20260810,16,30,93.762,93.7553,93.744,0,0,92.5,1.5,0.4,0.15,0.0709
TLBO + Dynamic Priority + Faculty Satisfaction,20260810,16,31,93.762,93.7575,93.744,0,0,92.5,1.5,0.4,0.15,0.0809
TLBO + Dynamic Priority + Faculty Satisfaction,20260810,16,32,93.762,93.7597,93.744,0,0,92.5,1.5,0.4,0.15,0.0709
TLBO + Dynamic Priority + Faculty Satisfaction,20260810,16,33,93.762,93.762,93.762,0,0,92.5,1.5,0.4,0.15,0.0464
TLBO + Dynamic Priority + Faculty Satisfaction,20260810,16,34,93.762,93.762,93.762,0,0,92.5,1.5,0.4,0.15,0.0414
TLBO + Dynamic Priority + Faculty Satisfaction,20260810,16,35,93.8112,93.7682,93.762,0,0,92.5,1.5,0.4,0.15,0.067
TLBO + Dynamic Priority + Faculty Satisfaction,20260810,16,36,93.8112,93.7743,93.762,0,0,92.5,1.5,0.4,0.15,0.0955
TLBO + Dynamic Priority + Faculty Satisfaction,20260810,16,37,93.8112,93.7805,93.762,0,0,92.5,1.5,0.4,0.15,0.0988
TLBO + Dynamic Priority + Faculty Satisfaction,20260810,16,38,93.8112,93.7866,93.762,0,0,92.5,1.5,0.4,0.15,0.1115
TLBO + Dynamic Priority + Faculty Satisfaction,20260810,16,39,93.8112,93.7989,93.762,0,0,92.5,1.5,0.4,0.15,0.1056
TLBO + Dynamic Priority + Faculty Satisfaction,20260810,16,40,93.8112,93.805,93.762,0,0,92.5,1.5,0.4,0.15,0.0803
TLBO + Dynamic Priority + Faculty Satisfaction,20260810,16,41,93.8112,93.8112,93.8112,0,0,92.5,1.5,0.4,0.15,0.064
TLBO + Dynamic Priority + Faculty Satisfaction,20260810,16,42,93.8112,93.8112,93.8112,0,0,92.5,1.5,0.4,0.15,0.0529
TLBO + Dynamic Priority + Faculty Satisfaction,20260810,16,43,93.8112,93.8112,93.8112,0,0,92.5,1.5,0.4,0.15,0.055
TLBO + Dynamic Priority + Faculty Satisfaction,20260810,16,44,93.8112,93.8112,93.8112,0,0,92.5,1.5,0.4,0.15,0.0543
TLBO + Dynamic Priority + Faculty Satisfaction,20260810,16,45,93.8112,93.8112,93.8112,0,0,92.5,1.5,0.4,0.15,0.0469
TLBO + Dynamic Priority + Faculty Satisfaction,20260810,16,46,93.8112,93.8112,93.8112,0,0,92.5,1.5,0.4,0.15,0.0472
TLBO + Dynamic Priority + Faculty Satisfaction,20260810,16,47,93.8112,93.8112,93.8112,0,0,92.5,1.5,0.4,0.15,0.0482
TLBO + Dynamic Priority + Faculty Satisfaction,20260810,16,48,93.8112,93.8112,93.8112,0,0,92.5,1.5,0.4,0.15,0.0572
TLBO + Dynamic Priority + Faculty Satisfaction,20260810,16,49,93.8112,93.8112,93.8112,0,0,92.5,1.5,0.4,0.15,0.0472
TLBO + Dynamic Priority + Faculty Satisfaction,20260810,16,50,93.8112,93.8112,93.8112,0,0,92.5,1.5,0.4,0.15,0.0446
TLBO + Dynamic Priority + Faculty Satisfaction,20260811,17,1,93.4156,69.7416,0.0,0,0,92.5,1.5,0.4,0.15,0.1808
TLBO + Dynamic Priority + Faculty Satisfaction,20260811,17,2,93.4156,81.4185,0.0,0,0,92.5,1.5,0.4,0.15,0.1648
TLBO + Dynamic Priority + Faculty Satisfaction,20260811,17,3,93.4196,93.096,92.3788,0,0,92.5,1.5,0.4,0.15,0.1717
TLBO + Dynamic Priority + Faculty Satisfaction,20260811,17,4,93.4492,93.2419,92.78,0,0,92.5,1.5,0.4,0.15,0.1541
TLBO + Dynamic Priority + Faculty Satisfaction,20260811,17,5,93.4532,93.3298,93.068,0,0,92.5,1.5,0.4,0.15,0.1516
TLBO + Dynamic Priority + Faculty Satisfaction,20260811,17,6,93.4532,93.3794,93.1168,0,0,92.5,1.5,0.4,0.15,0.1516
TLBO + Dynamic Priority + Faculty Satisfaction,20260811,17,7,93.556,93.4496,93.2624,0,0,92.5,1.5,0.4,0.15,0.1376
TLBO + Dynamic Priority + Faculty Satisfaction,20260811,17,8,93.614,93.5314,93.4492,0,0,92.5,1.5,0.4,0.15,0.1253
TLBO + Dynamic Priority + Faculty Satisfaction,20260811,17,9,93.644,93.5789,93.4532,0,0,92.5,1.5,0.4,0.15,0.1446
TLBO + Dynamic Priority + Faculty Satisfaction,20260811,17,10,93.644,93.6139,93.556,0,0,92.5,1.5,0.4,0.15,0.1327
TLBO + Dynamic Priority + Faculty Satisfaction,20260811,17,11,93.6908,93.6398,93.5884,0,0,92.5,1.5,0.4,0.15,0.1352
TLBO + Dynamic Priority + Faculty Satisfaction,20260811,17,12,93.6908,93.6536,93.606,0,0,92.5,1.5,0.4,0.15,0.1364
TLBO + Dynamic Priority + Faculty Satisfaction,20260811,17,13,93.6948,93.6734,93.644,0,0,92.5,1.5,0.4,0.15,0.133
TLBO + Dynamic Priority + Faculty Satisfaction,20260811,17,14,93.6948,93.6797,93.6448,0,0,92.5,1.5,0.4,0.15,0.1381
TLBO + Dynamic Priority + Faculty Satisfaction,20260811,17,15,93.6948,93.686,93.6524,0,0,92.5,1.5,0.4,0.15,0.1214
TLBO + Dynamic Priority + Faculty Satisfaction,20260811,17,16,93.6948,93.6913,93.6788,0,0,92.5,1.5,0.4,0.15,0.1129
TLBO + Dynamic Priority + Faculty Satisfaction,20260811,17,17,93.6948,93.6933,93.6908,0,0,92.5,1.5,0.4,0.15,0.1068
TLBO + Dynamic Priority + Faculty Satisfaction,20260811,17,18,93.6948,93.6938,93.6908,0,0,92.5,1.5,0.4,0.15,0.0657
TLBO + Dynamic Priority + Faculty Satisfaction,20260811,17,19,93.6948,93.6943,93.6908,0,0,92.5,1.5,0.4,0.15,0.0907
TLBO + Dynamic Priority + Faculty Satisfaction,20260811,17,20,93.7344,93.6997,93.6948,0,0,92.5,1.5,0.4,0.15,0.0672
TLBO + Dynamic Priority + Faculty Satisfaction,20260811,17,21,93.7344,93.7245,93.6948,0,0,92.5,1.5,0.4,0.15,0.0717
TLBO + Dynamic Priority + Faculty Satisfaction,20260811,17,22,93.7344,93.7294,93.6948,0,0,92.5,1.5,0.4,0.15,0.0579
TLBO + Dynamic Priority + Faculty Satisfaction,20260811,17,23,93.7344,93.7344,93.7344,0,0,92.5,1.5,0.4,0.15,0.0454
TLBO + Dynamic Priority + Faculty Satisfaction,20260811,17,24,93.7344,93.7344,93.7344,0,0,92.5,1.5,0.4,0.15,0.0669
TLBO + Dynamic Priority + Faculty Satisfaction,20260811,17,25,93.7344,93.7344,93.7344,0,0,92.5,1.5,0.4,0.15,0.0531
TLBO + Dynamic Priority + Faculty Satisfaction,20260811,17,26,93.7344,93.7344,93.7344,0,0,92.5,1.5,0.4,0.15,0.0647
TLBO + Dynamic Priority + Faculty Satisfaction,20260811,17,27,93.7344,93.7344,93.7344,0,0,92.5,1.5,0.4,0.15,0.0512
TLBO + Dynamic Priority + Faculty Satisfaction,20260811,17,28,93.7344,93.7344,93.7344,0,0,92.5,1.5,0.4,0.15,0.0561
TLBO + Dynamic Priority + Faculty Satisfaction,20260811,17,29,93.95,93.7613,93.7344,0,0,92.5,1.5,0.4,0.15,0.0746
TLBO + Dynamic Priority + Faculty Satisfaction,20260811,17,30,93.95,93.8302,93.7344,0,0,92.5,1.5,0.4,0.15,0.1081
TLBO + Dynamic Priority + Faculty Satisfaction,20260811,17,31,93.954,93.9141,93.8436,0,0,92.5,1.5,0.4,0.15,0.1193
TLBO + Dynamic Priority + Faculty Satisfaction,20260811,17,32,94.0032,93.9351,93.8576,0,0,92.5,1.5,0.4,0.15,0.1272
TLBO + Dynamic Priority + Faculty Satisfaction,20260811,17,33,94.0032,93.9778,93.902,0,0,92.5,1.5,0.4,0.15,0.1158
TLBO + Dynamic Priority + Faculty Satisfaction,20260811,17,34,94.0032,93.9904,93.954,0,0,92.5,1.5,0.4,0.15,0.09
TLBO + Dynamic Priority + Faculty Satisfaction,20260811,17,35,94.0032,94.0027,93.9992,0,0,92.5,1.5,0.4,0.15,0.0814
TLBO + Dynamic Priority + Faculty Satisfaction,20260811,17,36,94.0032,94.0032,94.0032,0,0,92.5,1.5,0.4,0.15,0.048
TLBO + Dynamic Priority + Faculty Satisfaction,20260811,17,37,94.0032,94.0032,94.0032,0,0,92.5,1.5,0.4,0.15,0.0662
TLBO + Dynamic Priority + Faculty Satisfaction,20260811,17,38,94.0032,94.0032,94.0032,0,0,92.5,1.5,0.4,0.15,0.0528
TLBO + Dynamic Priority + Faculty Satisfaction,20260811,17,39,94.0032,94.0032,94.0032,0,0,92.5,1.5,0.4,0.15,0.0527
TLBO + Dynamic Priority + Faculty Satisfaction,20260811,17,40,94.0032,94.0032,94.0032,0,0,92.5,1.5,0.4,0.15,0.0506
TLBO + Dynamic Priority + Faculty Satisfaction,20260811,17,41,94.0032,94.0032,94.0032,0,0,92.5,1.5,0.4,0.15,0.0673
TLBO + Dynamic Priority + Faculty Satisfaction,20260811,17,42,94.0032,94.0032,94.0032,0,0,92.5,1.5,0.4,0.15,0.0536
TLBO + Dynamic Priority + Faculty Satisfaction,20260811,17,43,94.0032,94.0032,94.0032,0,0,92.5,1.5,0.4,0.15,0.063
TLBO + Dynamic Priority + Faculty Satisfaction,20260811,17,44,94.0032,94.0032,94.0032,0,0,92.5,1.5,0.4,0.15,0.0638
TLBO + Dynamic Priority + Faculty Satisfaction,20260811,17,45,94.0032,94.0032,94.0032,0,0,92.5,1.5,0.4,0.15,0.0495
TLBO + Dynamic Priority + Faculty Satisfaction,20260811,17,46,94.0032,94.0032,94.0032,0,0,92.5,1.5,0.4,0.15,0.0756
TLBO + Dynamic Priority + Faculty Satisfaction,20260811,17,47,94.0032,94.0032,94.0032,0,0,92.5,1.5,0.4,0.15,0.0598
TLBO + Dynamic Priority + Faculty Satisfaction,20260811,17,48,94.0032,94.0032,94.0032,0,0,92.5,1.5,0.4,0.15,0.059
TLBO + Dynamic Priority + Faculty Satisfaction,20260811,17,49,94.0032,94.0032,94.0032,0,0,92.5,1.5,0.4,0.15,0.0729
TLBO + Dynamic Priority + Faculty Satisfaction,20260811,17,50,94.0032,94.0032,94.0032,0,0,92.5,1.5,0.4,0.15,0.0595
TLBO + Dynamic Priority + Faculty Satisfaction,20260812,18,1,93.1772,69.4308,0.0,0,0,92.5,1.5,0.4,0.15,0.1983
TLBO + Dynamic Priority + Faculty Satisfaction,20260812,18,2,93.1772,92.6193,92.032,0,0,92.5,1.5,0.4,0.15,0.1564
TLBO + Dynamic Priority + Faculty Satisfaction,20260812,18,3,93.1772,92.818,92.1704,0,0,92.5,1.5,0.4,0.15,0.1775
TLBO + Dynamic Priority + Faculty Satisfaction,20260812,18,4,93.1772,92.9439,92.5404,0,0,92.5,1.5,0.4,0.15,0.1329
TLBO + Dynamic Priority + Faculty Satisfaction,20260812,18,5,93.6484,93.1688,92.6164,0,0,92.5,1.5,0.4,0.15,0.14
TLBO + Dynamic Priority + Faculty Satisfaction,20260812,18,6,93.6484,93.3167,92.9596,0,0,92.5,1.5,0.4,0.15,0.1381
TLBO + Dynamic Priority + Faculty Satisfaction,20260812,18,7,93.6484,93.4217,93.1772,0,0,92.5,1.5,0.4,0.15,0.1434
TLBO + Dynamic Priority + Faculty Satisfaction,20260812,18,8,93.6484,93.4884,93.3284,0,0,92.5,1.5,0.4,0.15,0.1416
TLBO + Dynamic Priority + Faculty Satisfaction,20260812,18,9,93.6972,93.5345,93.3284,0,0,92.5,1.5,0.4,0.15,0.1234
TLBO + Dynamic Priority + Faculty Satisfaction,20260812,18,10,93.6972,93.5842,93.3284,0,0,92.5,1.5,0.4,0.15,0.1635
TLBO + Dynamic Priority + Faculty Satisfaction,20260812,18,11,93.7312,93.6459,93.3284,0,0,92.5,1.5,0.4,0.15,0.149
TLBO + Dynamic Priority + Faculty Satisfaction,20260812,18,12,93.7312,93.699,93.6484,0,0,92.5,1.5,0.4,0.15,0.1173
TLBO + Dynamic Priority + Faculty Satisfaction,20260812,18,13,93.7756,93.7191,93.6704,0,0,92.5,1.5,0.4,0.15,0.1303
TLBO + Dynamic Priority + Faculty Satisfaction,20260812,18,14,93.7756,93.7365,93.6972,0,0,92.5,1.5,0.4,0.15,0.1296
TLBO + Dynamic Priority + Faculty Satisfaction,20260812,18,15,93.7796,93.7579,93.7192,0,0,92.5,1.5,0.4,0.15,0.1422
TLBO + Dynamic Priority + Faculty Satisfaction,20260812,18,16,93.82,93.7849,93.7756,0,0,92.5,1.5,0.4,0.15,0.1386
TLBO + Dynamic Priority + Faculty Satisfaction,20260812,18,17,93.872,93.8251,93.7756,0,0,92.5,1.5,0.4,0.15,0.145
TLBO + Dynamic Priority + Faculty Satisfaction,20260812,18,18,93.89,93.852,93.7756,0,0,92.5,1.5,0.4,0.15,0.1434
TLBO + Dynamic Priority + Faculty Satisfaction,20260812,18,19,93.9392,93.8779,93.82,0,0,92.5,1.5,0.4,0.15,0.1292
TLBO + Dynamic Priority + Faculty Satisfaction,20260812,18,20,93.9392,93.9163,93.872,0,0,92.5,1.5,0.4,0.15,0.1094
TLBO + Dynamic Priority + Faculty Satisfaction,20260812,18,21,93.9392,93.933,93.89,0,0,92.5,1.5,0.4,0.15,0.0837
TLBO + Dynamic Priority + Faculty Satisfaction,20260812,18,22,93.9392,93.9392,93.9392,0,0,92.5,1.5,0.4,0.15,0.0878
TLBO + Dynamic Priority + Faculty Satisfaction,20260812,18,23,93.9392,93.9392,93.9392,0,0,92.5,1.5,0.4,0.15,0.0949
TLBO + Dynamic Priority + Faculty Satisfaction,20260812,18,24,93.9392,93.9392,93.9392,0,0,92.5,1.5,0.4,0.15,0.0678
TLBO + Dynamic Priority + Faculty Satisfaction,20260812,18,25,93.9392,93.9392,93.9392,0,0,92.5,1.5,0.4,0.15,0.0704
TLBO + Dynamic Priority + Faculty Satisfaction,20260812,18,26,93.9392,93.9392,93.9392,0,0,92.5,1.5,0.4,0.15,0.0844
TLBO + Dynamic Priority + Faculty Satisfaction,20260812,18,27,93.9392,93.9392,93.9392,0,0,92.5,1.5,0.4,0.15,0.0933
TLBO + Dynamic Priority + Faculty Satisfaction,20260812,18,28,93.9392,93.9392,93.9392,0,0,92.5,1.5,0.4,0.15,0.0805
TLBO + Dynamic Priority + Faculty Satisfaction,20260812,18,29,93.9392,93.9392,93.9392,0,0,92.5,1.5,0.4,0.15,0.073
TLBO + Dynamic Priority + Faculty Satisfaction,20260812,18,30,93.9392,93.9392,93.9392,0,0,92.5,1.5,0.4,0.15,0.0873
TLBO + Dynamic Priority + Faculty Satisfaction,20260812,18,31,93.9392,93.9392,93.9392,0,0,92.5,1.5,0.4,0.15,0.0791
TLBO + Dynamic Priority + Faculty Satisfaction,20260812,18,32,93.9392,93.9392,93.9392,0,0,92.5,1.5,0.4,0.15,0.086
TLBO + Dynamic Priority + Faculty Satisfaction,20260812,18,33,93.9392,93.9392,93.9392,0,0,92.5,1.5,0.4,0.15,0.0713
TLBO + Dynamic Priority + Faculty Satisfaction,20260812,18,34,93.9392,93.9392,93.9392,0,0,92.5,1.5,0.4,0.15,0.0921
TLBO + Dynamic Priority + Faculty Satisfaction,20260812,18,35,93.9392,93.9392,93.9392,0,0,92.5,1.5,0.4,0.15,0.1011
TLBO + Dynamic Priority + Faculty Satisfaction,20260812,18,36,93.9392,93.9392,93.9392,0,0,92.5,1.5,0.4,0.15,0.0887
TLBO + Dynamic Priority + Faculty Satisfaction,20260812,18,37,93.9392,93.9392,93.9392,0,0,92.5,1.5,0.4,0.15,0.0789
TLBO + Dynamic Priority + Faculty Satisfaction,20260812,18,38,93.9392,93.9392,93.9392,0,0,92.5,1.5,0.4,0.15,0.0775
TLBO + Dynamic Priority + Faculty Satisfaction,20260812,18,39,93.9392,93.9392,93.9392,0,0,92.5,1.5,0.4,0.15,0.074
TLBO + Dynamic Priority + Faculty Satisfaction,20260812,18,40,93.9392,93.9392,93.9392,0,0,92.5,1.5,0.4,0.15,0.0705
TLBO + Dynamic Priority + Faculty Satisfaction,20260812,18,41,93.9392,93.9392,93.9392,0,0,92.5,1.5,0.4,0.15,0.0793
TLBO + Dynamic Priority + Faculty Satisfaction,20260812,18,42,93.9392,93.9392,93.9392,0,0,92.5,1.5,0.4,0.15,0.0737
TLBO + Dynamic Priority + Faculty Satisfaction,20260812,18,43,93.9392,93.9392,93.9392,0,0,92.5,1.5,0.4,0.15,0.0707
TLBO + Dynamic Priority + Faculty Satisfaction,20260812,18,44,93.9392,93.9392,93.9392,0,0,92.5,1.5,0.4,0.15,0.0702
TLBO + Dynamic Priority + Faculty Satisfaction,20260812,18,45,93.9392,93.9392,93.9392,0,0,92.5,1.5,0.4,0.15,0.0703
TLBO + Dynamic Priority + Faculty Satisfaction,20260812,18,46,93.9392,93.9392,93.9392,0,0,92.5,1.5,0.4,0.15,0.0676
TLBO + Dynamic Priority + Faculty Satisfaction,20260812,18,47,93.9392,93.9392,93.9392,0,0,92.5,1.5,0.4,0.15,0.0727
TLBO + Dynamic Priority + Faculty Satisfaction,20260812,18,48,93.9392,93.9392,93.9392,0,0,92.5,1.5,0.4,0.15,0.0753
TLBO + Dynamic Priority + Faculty Satisfaction,20260812,18,49,93.9392,93.9392,93.9392,0,0,92.5,1.5,0.4,0.15,0.0703
TLBO + Dynamic Priority + Faculty Satisfaction,20260812,18,50,93.9392,93.9392,93.9392,0,0,92.5,1.5,0.4,0.15,0.0744
TLBO + Dynamic Priority + Faculty Satisfaction,20260813,19,1,93.51,58.0215,0.0,0,0,92.5,1.5,0.4,0.15,0.2141
TLBO + Dynamic Priority + Faculty Satisfaction,20260813,19,2,93.51,69.7103,0.0,0,0,92.5,1.5,0.4,0.15,0.1864
TLBO + Dynamic Priority + Faculty Satisfaction,20260813,19,3,93.51,81.399,0.0,0,0,92.5,1.5,0.4,0.15,0.1557
TLBO + Dynamic Priority + Faculty Satisfaction,20260813,19,4,93.51,93.231,91.972,0,0,92.5,1.5,0.4,0.15,0.1313
TLBO + Dynamic Priority + Faculty Satisfaction,20260813,19,5,93.51,93.4502,93.2892,0,0,92.5,1.5,0.4,0.15,0.1422
TLBO + Dynamic Priority + Faculty Satisfaction,20260813,19,6,93.51,93.4778,93.2904,0,0,92.5,1.5,0.4,0.15,0.1031
TLBO + Dynamic Priority + Faculty Satisfaction,20260813,19,7,93.6188,93.5276,93.472,0,0,92.5,1.5,0.4,0.15,0.1097
TLBO + Dynamic Priority + Faculty Satisfaction,20260813,19,8,93.6188,93.5548,93.51,0,0,92.5,1.5,0.4,0.15,0.1024
TLBO + Dynamic Priority + Faculty Satisfaction,20260813,19,9,93.7112,93.623,93.5804,0,0,92.5,1.5,0.4,0.15,0.1092
TLBO + Dynamic Priority + Faculty Satisfaction,20260813,19,10,93.7112,93.6393,93.5804,0,0,92.5,1.5,0.4,0.15,0.1477
TLBO + Dynamic Priority + Faculty Satisfaction,20260813,19,11,93.7112,93.6706,93.6188,0,0,92.5,1.5,0.4,0.15,0.1173
TLBO + Dynamic Priority + Faculty Satisfaction,20260813,19,12,93.7452,93.6908,93.6188,0,0,92.5,1.5,0.4,0.15,0.1298
TLBO + Dynamic Priority + Faculty Satisfaction,20260813,19,13,93.7452,93.7066,93.6188,0,0,92.5,1.5,0.4,0.15,0.1073
TLBO + Dynamic Priority + Faculty Satisfaction,20260813,19,14,93.7712,93.7314,93.7112,0,0,92.5,1.5,0.4,0.15,0.1211
TLBO + Dynamic Priority + Faculty Satisfaction,20260813,19,15,93.7712,93.739,93.7112,0,0,92.5,1.5,0.4,0.15,0.1128
TLBO + Dynamic Priority + Faculty Satisfaction,20260813,19,16,93.7712,93.7464,93.7112,0,0,92.5,1.5,0.4,0.15,0.1563
TLBO + Dynamic Priority + Faculty Satisfaction,20260813,19,17,93.834,93.7651,93.7112,0,0,92.5,1.5,0.4,0.15,0.1259
TLBO + Dynamic Priority + Faculty Satisfaction,20260813,19,18,93.834,93.7859,93.7452,0,0,92.5,1.5,0.4,0.15,0.151
TLBO + Dynamic Priority + Faculty Satisfaction,20260813,19,19,93.834,93.7994,93.7452,0,0,92.5,1.5,0.4,0.15,0.1492
TLBO + Dynamic Priority + Faculty Satisfaction,20260813,19,20,93.834,93.8105,93.7712,0,0,92.5,1.5,0.4,0.15,0.3799
TLBO + Dynamic Priority + Faculty Satisfaction,20260813,19,21,93.834,93.8206,93.7712,0,0,92.5,1.5,0.4,0.15,0.2058
TLBO + Dynamic Priority + Faculty Satisfaction,20260813,19,22,93.852,93.8363,93.834,0,0,92.5,1.5,0.4,0.15,0.0917
TLBO + Dynamic Priority + Faculty Satisfaction,20260813,19,23,93.9,93.8545,93.834,0,0,92.5,1.5,0.4,0.15,0.1277
TLBO + Dynamic Priority + Faculty Satisfaction,20260813,19,24,93.9,93.877,93.834,0,0,92.5,1.5,0.4,0.15,0.1319
TLBO + Dynamic Priority + Faculty Satisfaction,20260813,19,25,93.9,93.8918,93.834,0,0,92.5,1.5,0.4,0.15,0.0987
TLBO + Dynamic Priority + Faculty Satisfaction,20260813,19,26,93.9,93.9,93.9,0,0,92.5,1.5,0.4,0.15,0.08
TLBO + Dynamic Priority + Faculty Satisfaction,20260813,19,27,93.9,93.9,93.9,0,0,92.5,1.5,0.4,0.15,0.0849
TLBO + Dynamic Priority + Faculty Satisfaction,20260813,19,28,93.9,93.9,93.9,0,0,92.5,1.5,0.4,0.15,0.0916
TLBO + Dynamic Priority + Faculty Satisfaction,20260813,19,29,93.9,93.9,93.9,0,0,92.5,1.5,0.4,0.15,0.0608
TLBO + Dynamic Priority + Faculty Satisfaction,20260813,19,30,93.9,93.9,93.9,0,0,92.5,1.5,0.4,0.15,0.067
TLBO + Dynamic Priority + Faculty Satisfaction,20260813,19,31,93.9,93.9,93.9,0,0,92.5,1.5,0.4,0.15,0.0797
TLBO + Dynamic Priority + Faculty Satisfaction,20260813,19,32,93.9,93.9,93.9,0,0,92.5,1.5,0.4,0.15,0.1078
TLBO + Dynamic Priority + Faculty Satisfaction,20260813,19,33,93.9,93.9,93.9,0,0,92.5,1.5,0.4,0.15,0.1086
TLBO + Dynamic Priority + Faculty Satisfaction,20260813,19,34,93.9,93.9,93.9,0,0,92.5,1.5,0.4,0.15,0.094
TLBO + Dynamic Priority + Faculty Satisfaction,20260813,19,35,93.9,93.9,93.9,0,0,92.5,1.5,0.4,0.15,0.0831
TLBO + Dynamic Priority + Faculty Satisfaction,20260813,19,36,93.9,93.9,93.9,0,0,92.5,1.5,0.4,0.15,0.1006
TLBO + Dynamic Priority + Faculty Satisfaction,20260813,19,37,93.9,93.9,93.9,0,0,92.5,1.5,0.4,0.15,0.0901
TLBO + Dynamic Priority + Faculty Satisfaction,20260813,19,38,93.9,93.9,93.9,0,0,92.5,1.5,0.4,0.15,0.1051
TLBO + Dynamic Priority + Faculty Satisfaction,20260813,19,39,93.9,93.9,93.9,0,0,92.5,1.5,0.4,0.15,0.098
TLBO + Dynamic Priority + Faculty Satisfaction,20260813,19,40,93.9,93.9,93.9,0,0,92.5,1.5,0.4,0.15,0.0866
TLBO + Dynamic Priority + Faculty Satisfaction,20260813,19,41,93.9,93.9,93.9,0,0,92.5,1.5,0.4,0.15,0.067
TLBO + Dynamic Priority + Faculty Satisfaction,20260813,19,42,93.9,93.9,93.9,0,0,92.5,1.5,0.4,0.15,0.0605
TLBO + Dynamic Priority + Faculty Satisfaction,20260813,19,43,93.9,93.9,93.9,0,0,92.5,1.5,0.4,0.15,0.0789
TLBO + Dynamic Priority + Faculty Satisfaction,20260813,19,44,93.9,93.9,93.9,0,0,92.5,1.5,0.4,0.15,0.0521
TLBO + Dynamic Priority + Faculty Satisfaction,20260813,19,45,93.9,93.9,93.9,0,0,92.5,1.5,0.4,0.15,0.0725
TLBO + Dynamic Priority + Faculty Satisfaction,20260813,19,46,93.9,93.9,93.9,0,0,92.5,1.5,0.4,0.15,0.0841
TLBO + Dynamic Priority + Faculty Satisfaction,20260813,19,47,93.9,93.9,93.9,0,0,92.5,1.5,0.4,0.15,0.0738
TLBO + Dynamic Priority + Faculty Satisfaction,20260813,19,48,93.9,93.9,93.9,0,0,92.5,1.5,0.4,0.15,0.0758
TLBO + Dynamic Priority + Faculty Satisfaction,20260813,19,49,93.9,93.9,93.9,0,0,92.5,1.5,0.4,0.15,0.063
TLBO + Dynamic Priority + Faculty Satisfaction,20260813,19,50,93.9,93.9,93.9,0,0,92.5,1.5,0.4,0.15,0.0716
TLBO + Dynamic Priority + Faculty Satisfaction,20260814,20,1,93.1752,46.4802,0.0,0,0,92.5,1.5,0.4,0.15,0.1906
TLBO + Dynamic Priority + Faculty Satisfaction,20260814,20,2,93.1752,58.1271,0.0,0,0,92.5,1.5,0.4,0.15,0.1788
TLBO + Dynamic Priority + Faculty Satisfaction,20260814,20,3,93.1752,81.3063,0.0,0,0,92.5,1.5,0.4,0.15,0.1463
TLBO + Dynamic Priority + Faculty Satisfaction,20260814,20,4,93.204,92.9568,92.2588,0,0,92.5,1.5,0.4,0.15,0.151
TLBO + Dynamic Priority + Faculty Satisfaction,20260814,20,5,93.4872,93.114,92.748,0,0,92.5,1.5,0.4,0.15,0.1682
TLBO + Dynamic Priority + Faculty Satisfaction,20260814,20,6,93.4872,93.2455,92.754,0,0,92.5,1.5,0.4,0.15,0.1408
TLBO + Dynamic Priority + Faculty Satisfaction,20260814,20,7,93.4872,93.3769,93.164,0,0,92.5,1.5,0.4,0.15,0.1194
TLBO + Dynamic Priority + Faculty Satisfaction,20260814,20,8,93.4872,93.4398,93.296,0,0,92.5,1.5,0.4,0.15,0.1007
TLBO + Dynamic Priority + Faculty Satisfaction,20260814,20,9,93.4872,93.4637,93.2992,0,0,92.5,1.5,0.4,0.15,0.0892
TLBO + Dynamic Priority + Faculty Satisfaction,20260814,20,10,93.4872,93.4872,93.4872,0,0,92.5,1.5,0.4,0.15,0.0636
TLBO + Dynamic Priority + Faculty Satisfaction,20260814,20,11,93.4872,93.4872,93.4872,0,0,92.5,1.5,0.4,0.15,0.0718
TLBO + Dynamic Priority + Faculty Satisfaction,20260814,20,12,93.646,93.5071,93.4872,0,0,92.5,1.5,0.4,0.15,0.0832
TLBO + Dynamic Priority + Faculty Satisfaction,20260814,20,13,93.646,93.5688,93.4872,0,0,92.5,1.5,0.4,0.15,0.1389
TLBO + Dynamic Priority + Faculty Satisfaction,20260814,20,14,93.646,93.6261,93.4872,0,0,92.5,1.5,0.4,0.15,0.1245
TLBO + Dynamic Priority + Faculty Satisfaction,20260814,20,15,93.6844,93.6508,93.646,0,0,92.5,1.5,0.4,0.15,0.0933
TLBO + Dynamic Priority + Faculty Satisfaction,20260814,20,16,93.7624,93.6702,93.646,0,0,92.5,1.5,0.4,0.15,0.1049
TLBO + Dynamic Priority + Faculty Satisfaction,20260814,20,17,93.7624,93.6945,93.646,0,0,92.5,1.5,0.4,0.15,0.0874
TLBO + Dynamic Priority + Faculty Satisfaction,20260814,20,18,93.7624,93.7236,93.646,0,0,92.5,1.5,0.4,0.15,0.103
TLBO + Dynamic Priority + Faculty Satisfaction,20260814,20,19,93.7624,93.7575,93.7228,0,0,92.5,1.5,0.4,0.15,0.0821
TLBO + Dynamic Priority + Faculty Satisfaction,20260814,20,20,93.7624,93.7624,93.7624,0,0,92.5,1.5,0.4,0.15,0.0444
TLBO + Dynamic Priority + Faculty Satisfaction,20260814,20,21,93.7624,93.7624,93.7624,0,0,92.5,1.5,0.4,0.15,0.0494
TLBO + Dynamic Priority + Faculty Satisfaction,20260814,20,22,93.7624,93.7624,93.7624,0,0,92.5,1.5,0.4,0.15,0.0444
TLBO + Dynamic Priority + Faculty Satisfaction,20260814,20,23,93.7624,93.7624,93.7624,0,0,92.5,1.5,0.4,0.15,0.0631
TLBO + Dynamic Priority + Faculty Satisfaction,20260814,20,24,93.7624,93.7624,93.7624,0,0,92.5,1.5,0.4,0.15,0.0587
TLBO + Dynamic Priority + Faculty Satisfaction,20260814,20,25,93.7624,93.7624,93.7624,0,0,92.5,1.5,0.4,0.15,0.0449
TLBO + Dynamic Priority + Faculty Satisfaction,20260814,20,26,93.7624,93.7624,93.7624,0,0,92.5,1.5,0.4,0.15,0.0605
TLBO + Dynamic Priority + Faculty Satisfaction,20260814,20,27,93.7624,93.7624,93.7624,0,0,92.5,1.5,0.4,0.15,0.0674
TLBO + Dynamic Priority + Faculty Satisfaction,20260814,20,28,93.7624,93.7624,93.7624,0,0,92.5,1.5,0.4,0.15,0.0423
TLBO + Dynamic Priority + Faculty Satisfaction,20260814,20,29,93.7624,93.7624,93.7624,0,0,92.5,1.5,0.4,0.15,0.0694
TLBO + Dynamic Priority + Faculty Satisfaction,20260814,20,30,93.7624,93.7624,93.7624,0,0,92.5,1.5,0.4,0.15,0.0468
TLBO + Dynamic Priority + Faculty Satisfaction,20260814,20,31,93.7624,93.7624,93.7624,0,0,92.5,1.5,0.4,0.15,0.0431
TLBO + Dynamic Priority + Faculty Satisfaction,20260814,20,32,93.7624,93.7624,93.7624,0,0,92.5,1.5,0.4,0.15,0.0548
TLBO + Dynamic Priority + Faculty Satisfaction,20260814,20,33,93.7624,93.7624,93.7624,0,0,92.5,1.5,0.4,0.15,0.0585
TLBO + Dynamic Priority + Faculty Satisfaction,20260814,20,34,93.7624,93.7624,93.7624,0,0,92.5,1.5,0.4,0.15,0.056
TLBO + Dynamic Priority + Faculty Satisfaction,20260814,20,35,93.7624,93.7624,93.7624,0,0,92.5,1.5,0.4,0.15,0.0489
TLBO + Dynamic Priority + Faculty Satisfaction,20260814,20,36,93.7624,93.7624,93.7624,0,0,92.5,1.5,0.4,0.15,0.0451
TLBO + Dynamic Priority + Faculty Satisfaction,20260814,20,37,93.7624,93.7624,93.7624,0,0,92.5,1.5,0.4,0.15,0.0519
TLBO + Dynamic Priority + Faculty Satisfaction,20260814,20,38,93.7624,93.7624,93.7624,0,0,92.5,1.5,0.4,0.15,0.0495
TLBO + Dynamic Priority + Faculty Satisfaction,20260814,20,39,93.7624,93.7624,93.7624,0,0,92.5,1.5,0.4,0.15,0.0501
TLBO + Dynamic Priority + Faculty Satisfaction,20260814,20,40,93.7624,93.7624,93.7624,0,0,92.5,1.5,0.4,0.15,0.0539
TLBO + Dynamic Priority + Faculty Satisfaction,20260814,20,41,93.7624,93.7624,93.7624,0,0,92.5,1.5,0.4,0.15,0.0493
TLBO + Dynamic Priority + Faculty Satisfaction,20260814,20,42,93.7624,93.7624,93.7624,0,0,92.5,1.5,0.4,0.15,0.0471
TLBO + Dynamic Priority + Faculty Satisfaction,20260814,20,43,93.7624,93.7624,93.7624,0,0,92.5,1.5,0.4,0.15,0.0616
TLBO + Dynamic Priority + Faculty Satisfaction,20260814,20,44,93.7624,93.7624,93.7624,0,0,92.5,1.5,0.4,0.15,0.0545
TLBO + Dynamic Priority + Faculty Satisfaction,20260814,20,45,93.7624,93.7624,93.7624,0,0,92.5,1.5,0.4,0.15,0.0543
TLBO + Dynamic Priority + Faculty Satisfaction,20260814,20,46,93.7624,93.7624,93.7624,0,0,92.5,1.5,0.4,0.15,0.0589
TLBO + Dynamic Priority + Faculty Satisfaction,20260814,20,47,93.7624,93.7624,93.7624,0,0,92.5,1.5,0.4,0.15,0.0501
TLBO + Dynamic Priority + Faculty Satisfaction,20260814,20,48,93.7624,93.7624,93.7624,0,0,92.5,1.5,0.4,0.15,0.0571
TLBO + Dynamic Priority + Faculty Satisfaction,20260814,20,49,93.7624,93.7624,93.7624,0,0,92.5,1.5,0.4,0.15,0.0408
TLBO + Dynamic Priority + Faculty Satisfaction,20260814,20,50,93.7624,93.7624,93.7624,0,0,92.5,1.5,0.4,0.15,0.0482
TLBO + Dynamic Priority + Faculty Satisfaction,20260815,21,1,92.402,11.5503,0.0,0,0,92.5,1.5,0.4,0.15,0.1905
TLBO + Dynamic Priority + Faculty Satisfaction,20260815,21,2,93.3232,46.3706,0.0,0,0,92.5,1.5,0.4,0.15,0.1691
TLBO + Dynamic Priority + Faculty Satisfaction,20260815,21,3,93.3232,58.0361,0.0,0,0,92.5,1.5,0.4,0.15,0.1608
TLBO + Dynamic Priority + Faculty Satisfaction,20260815,21,4,93.3232,69.7014,0.0,0,0,92.5,1.5,0.4,0.15,0.1485
TLBO + Dynamic Priority + Faculty Satisfaction,20260815,21,5,93.3232,81.3668,0.0,0,0,92.5,1.5,0.4,0.15,0.133
TLBO + Dynamic Priority + Faculty Satisfaction,20260815,21,6,93.3232,93.1982,92.402,0,0,92.5,1.5,0.4,0.15,0.111
TLBO + Dynamic Priority + Faculty Satisfaction,20260815,21,7,93.7792,93.3761,93.2904,0,0,92.5,1.5,0.4,0.15,0.0985
TLBO + Dynamic Priority + Faculty Satisfaction,20260815,21,8,93.7792,93.4372,93.3232,0,0,92.5,1.5,0.4,0.15,0.1177
TLBO + Dynamic Priority + Faculty Satisfaction,20260815,21,9,93.7792,93.5072,93.3232,0,0,92.5,1.5,0.4,0.15,0.1245
TLBO + Dynamic Priority + Faculty Satisfaction,20260815,21,10,93.7792,93.5643,93.3232,0,0,92.5,1.5,0.4,0.15,0.1271
TLBO + Dynamic Priority + Faculty Satisfaction,20260815,21,11,93.7792,93.6213,93.3232,0,0,92.5,1.5,0.4,0.15,0.1245
TLBO + Dynamic Priority + Faculty Satisfaction,20260815,21,12,93.7792,93.7034,93.4276,0,0,92.5,1.5,0.4,0.15,0.1125
TLBO + Dynamic Priority + Faculty Satisfaction,20260815,21,13,93.8656,93.7684,93.524,0,0,92.5,1.5,0.4,0.15,0.0943
TLBO + Dynamic Priority + Faculty Satisfaction,20260815,21,14,93.8656,93.8163,93.7792,0,0,92.5,1.5,0.4,0.15,0.1261
TLBO + Dynamic Priority + Faculty Satisfaction,20260815,21,15,93.954,93.849,93.7792,0,0,92.5,1.5,0.4,0.15,0.1273
TLBO + Dynamic Priority + Faculty Satisfaction,20260815,21,16,93.954,93.8902,93.8212,0,0,92.5,1.5,0.4,0.15,0.1481
TLBO + Dynamic Priority + Faculty Satisfaction,20260815,21,17,93.958,93.9241,93.8656,0,0,92.5,1.5,0.4,0.15,0.1337
TLBO + Dynamic Priority + Faculty Satisfaction,20260815,21,18,94.0072,93.9569,93.928,0,0,92.5,1.5,0.4,0.15,0.1293
TLBO + Dynamic Priority + Faculty Satisfaction,20260815,21,19,94.0072,93.9668,93.934,0,0,92.5,1.5,0.4,0.15,0.128
TLBO + Dynamic Priority + Faculty Satisfaction,20260815,21,20,94.0072,93.9887,93.958,0,0,92.5,1.5,0.4,0.15,0.1073
TLBO + Dynamic Priority + Faculty Satisfaction,20260815,21,21,94.0072,93.9949,93.958,0,0,92.5,1.5,0.4,0.15,0.0908
TLBO + Dynamic Priority + Faculty Satisfaction,20260815,21,22,94.0072,94.001,93.958,0,0,92.5,1.5,0.4,0.15,0.092
TLBO + Dynamic Priority + Faculty Satisfaction,20260815,21,23,94.0072,94.0072,94.0072,0,0,92.5,1.5,0.4,0.15,0.08
TLBO + Dynamic Priority + Faculty Satisfaction,20260815,21,24,94.0072,94.0072,94.0072,0,0,92.5,1.5,0.4,0.15,0.0862
TLBO + Dynamic Priority + Faculty Satisfaction,20260815,21,25,94.0072,94.0072,94.0072,0,0,92.5,1.5,0.4,0.15,0.0729
TLBO + Dynamic Priority + Faculty Satisfaction,20260815,21,26,94.0072,94.0072,94.0072,0,0,92.5,1.5,0.4,0.15,0.0739
TLBO + Dynamic Priority + Faculty Satisfaction,20260815,21,27,94.0072,94.0072,94.0072,0,0,92.5,1.5,0.4,0.15,0.0603
TLBO + Dynamic Priority + Faculty Satisfaction,20260815,21,28,94.0072,94.0072,94.0072,0,0,92.5,1.5,0.4,0.15,0.0731
TLBO + Dynamic Priority + Faculty Satisfaction,20260815,21,29,94.0072,94.0072,94.0072,0,0,92.5,1.5,0.4,0.15,0.0693
TLBO + Dynamic Priority + Faculty Satisfaction,20260815,21,30,94.0072,94.0072,94.0072,0,0,92.5,1.5,0.4,0.15,0.0925
TLBO + Dynamic Priority + Faculty Satisfaction,20260815,21,31,94.0072,94.0072,94.0072,0,0,92.5,1.5,0.4,0.15,0.0787
TLBO + Dynamic Priority + Faculty Satisfaction,20260815,21,32,94.0072,94.0072,94.0072,0,0,92.5,1.5,0.4,0.15,0.0757
TLBO + Dynamic Priority + Faculty Satisfaction,20260815,21,33,94.0072,94.0072,94.0072,0,0,92.5,1.5,0.4,0.15,0.0734
TLBO + Dynamic Priority + Faculty Satisfaction,20260815,21,34,94.0072,94.0072,94.0072,0,0,92.5,1.5,0.4,0.15,0.08
TLBO + Dynamic Priority + Faculty Satisfaction,20260815,21,35,94.0072,94.0072,94.0072,0,0,92.5,1.5,0.4,0.15,0.0763
TLBO + Dynamic Priority + Faculty Satisfaction,20260815,21,36,94.0072,94.0072,94.0072,0,0,92.5,1.5,0.4,0.15,0.0842
TLBO + Dynamic Priority + Faculty Satisfaction,20260815,21,37,94.0072,94.0072,94.0072,0,0,92.5,1.5,0.4,0.15,0.0946
TLBO + Dynamic Priority + Faculty Satisfaction,20260815,21,38,94.0072,94.0072,94.0072,0,0,92.5,1.5,0.4,0.15,0.098
TLBO + Dynamic Priority + Faculty Satisfaction,20260815,21,39,94.0072,94.0072,94.0072,0,0,92.5,1.5,0.4,0.15,0.096
TLBO + Dynamic Priority + Faculty Satisfaction,20260815,21,40,94.0072,94.0072,94.0072,0,0,92.5,1.5,0.4,0.15,0.0972
TLBO + Dynamic Priority + Faculty Satisfaction,20260815,21,41,94.0072,94.0072,94.0072,0,0,92.5,1.5,0.4,0.15,0.0933
TLBO + Dynamic Priority + Faculty Satisfaction,20260815,21,42,94.0072,94.0072,94.0072,0,0,92.5,1.5,0.4,0.15,0.1023
TLBO + Dynamic Priority + Faculty Satisfaction,20260815,21,43,94.0072,94.0072,94.0072,0,0,92.5,1.5,0.4,0.15,0.1183
TLBO + Dynamic Priority + Faculty Satisfaction,20260815,21,44,94.0072,94.0072,94.0072,0,0,92.5,1.5,0.4,0.15,0.1206
TLBO + Dynamic Priority + Faculty Satisfaction,20260815,21,45,94.0072,94.0072,94.0072,0,0,92.5,1.5,0.4,0.15,0.1098
TLBO + Dynamic Priority + Faculty Satisfaction,20260815,21,46,94.0072,94.0072,94.0072,0,0,92.5,1.5,0.4,0.15,0.0996
TLBO + Dynamic Priority + Faculty Satisfaction,20260815,21,47,94.0072,94.0072,94.0072,0,0,92.5,1.5,0.4,0.15,0.1005
TLBO + Dynamic Priority + Faculty Satisfaction,20260815,21,48,94.0072,94.0072,94.0072,0,0,92.5,1.5,0.4,0.15,0.1179
TLBO + Dynamic Priority + Faculty Satisfaction,20260815,21,49,94.0072,94.0072,94.0072,0,0,92.5,1.5,0.4,0.15,0.0882
TLBO + Dynamic Priority + Faculty Satisfaction,20260815,21,50,94.0072,94.0072,94.0072,0,0,92.5,1.5,0.4,0.15,0.1119
TLBO + Dynamic Priority + Faculty Satisfaction,20260816,22,1,93.0788,46.4211,0.0,0,0,92.5,1.5,0.4,0.15,0.1887
TLBO + Dynamic Priority + Faculty Satisfaction,20260816,22,2,93.0788,69.6889,0.0,0,0,92.5,1.5,0.4,0.15,0.1649
TLBO + Dynamic Priority + Faculty Satisfaction,20260816,22,3,93.2964,92.9857,92.696,0,0,92.5,1.5,0.4,0.15,0.1629
TLBO + Dynamic Priority + Faculty Satisfaction,20260816,22,4,93.2964,93.0608,92.768,0,0,92.5,1.5,0.4,0.15,0.1638
TLBO + Dynamic Priority + Faculty Satisfaction,20260816,22,5,93.2964,93.1269,92.8264,0,0,92.5,1.5,0.4,0.15,0.1743
TLBO + Dynamic Priority + Faculty Satisfaction,20260816,22,6,93.3316,93.19,93.0628,0,0,92.5,1.5,0.4,0.15,0.1305
TLBO + Dynamic Priority + Faculty Satisfaction,20260816,22,7,93.462,93.2531,93.0788,0,0,92.5,1.5,0.4,0.15,0.1135
TLBO + Dynamic Priority + Faculty Satisfaction,20260816,22,8,93.462,93.3046,93.0788,0,0,92.5,1.5,0.4,0.15,0.1299
TLBO + Dynamic Priority + Faculty Satisfaction,20260816,22,9,93.462,93.3815,93.0788,0,0,92.5,1.5,0.4,0.15,0.1154
TLBO + Dynamic Priority + Faculty Satisfaction,20260816,22,10,93.466,93.4462,93.3316,0,0,92.5,1.5,0.4,0.15,0.0786
TLBO + Dynamic Priority + Faculty Satisfaction,20260816,22,11,93.466,93.464,93.462,0,0,92.5,1.5,0.4,0.15,0.0815
TLBO + Dynamic Priority + Faculty Satisfaction,20260816,22,12,93.466,93.4655,93.462,0,0,92.5,1.5,0.4,0.15,0.1017
TLBO + Dynamic Priority + Faculty Satisfaction,20260816,22,13,93.466,93.466,93.466,0,0,92.5,1.5,0.4,0.15,0.0438
TLBO + Dynamic Priority + Faculty Satisfaction,20260816,22,14,93.466,93.466,93.466,0,0,92.5,1.5,0.4,0.15,0.0511
TLBO + Dynamic Priority + Faculty Satisfaction,20260816,22,15,93.532,93.4742,93.466,0,0,92.5,1.5,0.4,0.15,0.064
TLBO + Dynamic Priority + Faculty Satisfaction,20260816,22,16,93.6064,93.5085,93.466,0,0,92.5,1.5,0.4,0.15,0.1051
TLBO + Dynamic Priority + Faculty Satisfaction,20260816,22,17,93.6064,93.566,93.466,0,0,92.5,1.5,0.4,0.15,0.1446
TLBO + Dynamic Priority + Faculty Satisfaction,20260816,22,18,93.6664,93.5933,93.502,0,0,92.5,1.5,0.4,0.15,0.1211
TLBO + Dynamic Priority + Faculty Satisfaction,20260816,22,19,93.7452,93.6461,93.568,0,0,92.5,1.5,0.4,0.15,0.1336
TLBO + Dynamic Priority + Faculty Satisfaction,20260816,22,20,93.7452,93.6822,93.5844,0,0,92.5,1.5,0.4,0.15,0.1274
TLBO + Dynamic Priority + Faculty Satisfaction,20260816,22,21,93.834,93.7294,93.6064,0,0,92.5,1.5,0.4,0.15,0.1385
TLBO + Dynamic Priority + Faculty Satisfaction,20260816,22,22,93.838,93.7892,93.6448,0,0,92.5,1.5,0.4,0.15,0.1156
TLBO + Dynamic Priority + Faculty Satisfaction,20260816,22,23,93.882,93.8308,93.7452,0,0,92.5,1.5,0.4,0.15,0.1391
TLBO + Dynamic Priority + Faculty Satisfaction,20260816,22,24,93.886,93.854,93.834,0,0,92.5,1.5,0.4,0.15,0.1168
TLBO + Dynamic Priority + Faculty Satisfaction,20260816,22,25,93.886,93.8735,93.838,0,0,92.5,1.5,0.4,0.15,0.0757
TLBO + Dynamic Priority + Faculty Satisfaction,20260816,22,26,93.886,93.886,93.886,0,0,92.5,1.5,0.4,0.15,0.0639
TLBO + Dynamic Priority + Faculty Satisfaction,20260816,22,27,93.886,93.886,93.886,0,0,92.5,1.5,0.4,0.15,0.0619
TLBO + Dynamic Priority + Faculty Satisfaction,20260816,22,28,93.886,93.886,93.886,0,0,92.5,1.5,0.4,0.15,0.0485
TLBO + Dynamic Priority + Faculty Satisfaction,20260816,22,29,93.886,93.886,93.886,0,0,92.5,1.5,0.4,0.15,0.0645
TLBO + Dynamic Priority + Faculty Satisfaction,20260816,22,30,93.886,93.886,93.886,0,0,92.5,1.5,0.4,0.15,0.0569
TLBO + Dynamic Priority + Faculty Satisfaction,20260816,22,31,93.886,93.886,93.886,0,0,92.5,1.5,0.4,0.15,0.0616
TLBO + Dynamic Priority + Faculty Satisfaction,20260816,22,32,93.886,93.886,93.886,0,0,92.5,1.5,0.4,0.15,0.0656
TLBO + Dynamic Priority + Faculty Satisfaction,20260816,22,33,93.886,93.886,93.886,0,0,92.5,1.5,0.4,0.15,0.054
TLBO + Dynamic Priority + Faculty Satisfaction,20260816,22,34,93.886,93.886,93.886,0,0,92.5,1.5,0.4,0.15,0.0691
TLBO + Dynamic Priority + Faculty Satisfaction,20260816,22,35,93.886,93.886,93.886,0,0,92.5,1.5,0.4,0.15,0.0616
TLBO + Dynamic Priority + Faculty Satisfaction,20260816,22,36,93.886,93.886,93.886,0,0,92.5,1.5,0.4,0.15,0.053
TLBO + Dynamic Priority + Faculty Satisfaction,20260816,22,37,93.886,93.886,93.886,0,0,92.5,1.5,0.4,0.15,0.0624
TLBO + Dynamic Priority + Faculty Satisfaction,20260816,22,38,93.886,93.886,93.886,0,0,92.5,1.5,0.4,0.15,0.0672
TLBO + Dynamic Priority + Faculty Satisfaction,20260816,22,39,93.886,93.886,93.886,0,0,92.5,1.5,0.4,0.15,0.0582
TLBO + Dynamic Priority + Faculty Satisfaction,20260816,22,40,93.886,93.886,93.886,0,0,92.5,1.5,0.4,0.15,0.0493
TLBO + Dynamic Priority + Faculty Satisfaction,20260816,22,41,93.886,93.886,93.886,0,0,92.5,1.5,0.4,0.15,0.0582
TLBO + Dynamic Priority + Faculty Satisfaction,20260816,22,42,93.886,93.886,93.886,0,0,92.5,1.5,0.4,0.15,0.0552
TLBO + Dynamic Priority + Faculty Satisfaction,20260816,22,43,93.886,93.886,93.886,0,0,92.5,1.5,0.4,0.15,0.05
TLBO + Dynamic Priority + Faculty Satisfaction,20260816,22,44,93.886,93.886,93.886,0,0,92.5,1.5,0.4,0.15,0.0731
TLBO + Dynamic Priority + Faculty Satisfaction,20260816,22,45,93.886,93.886,93.886,0,0,92.5,1.5,0.4,0.15,0.0587
TLBO + Dynamic Priority + Faculty Satisfaction,20260816,22,46,93.886,93.886,93.886,0,0,92.5,1.5,0.4,0.15,0.0583
TLBO + Dynamic Priority + Faculty Satisfaction,20260816,22,47,93.886,93.886,93.886,0,0,92.5,1.5,0.4,0.15,0.0603
TLBO + Dynamic Priority + Faculty Satisfaction,20260816,22,48,93.886,93.886,93.886,0,0,92.5,1.5,0.4,0.15,0.0582
TLBO + Dynamic Priority + Faculty Satisfaction,20260816,22,49,93.886,93.886,93.886,0,0,92.5,1.5,0.4,0.15,0.0603
TLBO + Dynamic Priority + Faculty Satisfaction,20260816,22,50,93.886,93.886,93.886,0,0,92.5,1.5,0.4,0.15,0.0477
TLBO + Dynamic Priority + Faculty Satisfaction,20260817,23,1,93.264,58.0035,0.0,0,0,92.5,1.5,0.4,0.15,0.1867
TLBO + Dynamic Priority + Faculty Satisfaction,20260817,23,2,93.264,81.304,0.0,0,0,92.5,1.5,0.4,0.15,0.1805
TLBO + Dynamic Priority + Faculty Satisfaction,20260817,23,3,93.538,93.0294,91.8464,0,0,92.5,1.5,0.4,0.15,0.1757
TLBO + Dynamic Priority + Faculty Satisfaction,20260817,23,4,93.538,93.2409,92.73,0,0,92.5,1.5,0.4,0.15,0.1772
TLBO + Dynamic Priority + Faculty Satisfaction,20260817,23,5,93.538,93.3419,93.14,0,0,92.5,1.5,0.4,0.15,0.1337
TLBO + Dynamic Priority + Faculty Satisfaction,20260817,23,6,93.6284,93.4372,93.1892,0,0,92.5,1.5,0.4,0.15,0.1351
TLBO + Dynamic Priority + Faculty Satisfaction,20260817,23,7,93.6284,93.4921,93.264,0,0,92.5,1.5,0.4,0.15,0.1613
TLBO + Dynamic Priority + Faculty Satisfaction,20260817,23,8,93.6284,93.5594,93.4384,0,0,92.5,1.5,0.4,0.15,0.1335
TLBO + Dynamic Priority + Faculty Satisfaction,20260817,23,9,93.6284,93.5832,93.538,0,0,92.5,1.5,0.4,0.15,0.1261
TLBO + Dynamic Priority + Faculty Satisfaction,20260817,23,10,93.6284,93.5945,93.538,0,0,92.5,1.5,0.4,0.15,0.1338
TLBO + Dynamic Priority + Faculty Satisfaction,20260817,23,11,93.7776,93.6358,93.538,0,0,92.5,1.5,0.4,0.15,0.0934
TLBO + Dynamic Priority + Faculty Satisfaction,20260817,23,12,93.7776,93.6657,93.6284,0,0,92.5,1.5,0.4,0.15,0.1233
TLBO + Dynamic Priority + Faculty Satisfaction,20260817,23,13,93.7776,93.6843,93.6284,0,0,92.5,1.5,0.4,0.15,0.1167
TLBO + Dynamic Priority + Faculty Satisfaction,20260817,23,14,93.7776,93.703,93.6284,0,0,92.5,1.5,0.4,0.15,0.1226
TLBO + Dynamic Priority + Faculty Satisfaction,20260817,23,15,93.87,93.7332,93.6284,0,0,92.5,1.5,0.4,0.15,0.1376
TLBO + Dynamic Priority + Faculty Satisfaction,20260817,23,16,93.87,93.7713,93.6284,0,0,92.5,1.5,0.4,0.15,0.1382
TLBO + Dynamic Priority + Faculty Satisfaction,20260817,23,17,93.87,93.8216,93.6912,0,0,92.5,1.5,0.4,0.15,0.1445
TLBO + Dynamic Priority + Faculty Satisfaction,20260817,23,18,93.87,93.852,93.7776,0,0,92.5,1.5,0.4,0.15,0.1261
TLBO + Dynamic Priority + Faculty Satisfaction,20260817,23,19,93.9192,93.8697,93.822,0,0,92.5,1.5,0.4,0.15,0.1184
TLBO + Dynamic Priority + Faculty Satisfaction,20260817,23,20,93.9192,93.8818,93.866,0,0,92.5,1.5,0.4,0.15,0.1224
TLBO + Dynamic Priority + Faculty Satisfaction,20260817,23,21,93.9192,93.8885,93.87,0,0,92.5,1.5,0.4,0.15,0.1014
TLBO + Dynamic Priority + Faculty Satisfaction,20260817,23,22,93.9192,93.913,93.87,0,0,92.5,1.5,0.4,0.15,0.0778
TLBO + Dynamic Priority + Faculty Satisfaction,20260817,23,23,93.9192,93.9192,93.9192,0,0,92.5,1.5,0.4,0.15,0.0674
TLBO + Dynamic Priority + Faculty Satisfaction,20260817,23,24,93.9192,93.9192,93.9192,0,0,92.5,1.5,0.4,0.15,0.0585
TLBO + Dynamic Priority + Faculty Satisfaction,20260817,23,25,93.9192,93.9192,93.9192,0,0,92.5,1.5,0.4,0.15,0.0522
TLBO + Dynamic Priority + Faculty Satisfaction,20260817,23,26,93.9192,93.9192,93.9192,0,0,92.5,1.5,0.4,0.15,0.0604
TLBO + Dynamic Priority + Faculty Satisfaction,20260817,23,27,93.9192,93.9192,93.9192,0,0,92.5,1.5,0.4,0.15,0.0673
TLBO + Dynamic Priority + Faculty Satisfaction,20260817,23,28,93.9192,93.9192,93.9192,0,0,92.5,1.5,0.4,0.15,0.0591
TLBO + Dynamic Priority + Faculty Satisfaction,20260817,23,29,93.9192,93.9192,93.9192,0,0,92.5,1.5,0.4,0.15,0.064
TLBO + Dynamic Priority + Faculty Satisfaction,20260817,23,30,93.9192,93.9192,93.9192,0,0,92.5,1.5,0.4,0.15,0.048
TLBO + Dynamic Priority + Faculty Satisfaction,20260817,23,31,93.9192,93.9192,93.9192,0,0,92.5,1.5,0.4,0.15,0.0545
TLBO + Dynamic Priority + Faculty Satisfaction,20260817,23,32,93.9192,93.9192,93.9192,0,0,92.5,1.5,0.4,0.15,0.0519
TLBO + Dynamic Priority + Faculty Satisfaction,20260817,23,33,93.9192,93.9192,93.9192,0,0,92.5,1.5,0.4,0.15,0.0421
TLBO + Dynamic Priority + Faculty Satisfaction,20260817,23,34,93.9192,93.9192,93.9192,0,0,92.5,1.5,0.4,0.15,0.0435
TLBO + Dynamic Priority + Faculty Satisfaction,20260817,23,35,93.9192,93.9192,93.9192,0,0,92.5,1.5,0.4,0.15,0.0466
TLBO + Dynamic Priority + Faculty Satisfaction,20260817,23,36,93.9192,93.9192,93.9192,0,0,92.5,1.5,0.4,0.15,0.0478
TLBO + Dynamic Priority + Faculty Satisfaction,20260817,23,37,93.9192,93.9192,93.9192,0,0,92.5,1.5,0.4,0.15,0.0552
TLBO + Dynamic Priority + Faculty Satisfaction,20260817,23,38,93.9192,93.9192,93.9192,0,0,92.5,1.5,0.4,0.15,0.0517
TLBO + Dynamic Priority + Faculty Satisfaction,20260817,23,39,93.9192,93.9192,93.9192,0,0,92.5,1.5,0.4,0.15,0.0371
TLBO + Dynamic Priority + Faculty Satisfaction,20260817,23,40,93.9192,93.9192,93.9192,0,0,92.5,1.5,0.4,0.15,0.0527
TLBO + Dynamic Priority + Faculty Satisfaction,20260817,23,41,93.9192,93.9192,93.9192,0,0,92.5,1.5,0.4,0.15,0.0542
TLBO + Dynamic Priority + Faculty Satisfaction,20260817,23,42,93.9192,93.9192,93.9192,0,0,92.5,1.5,0.4,0.15,0.0476
TLBO + Dynamic Priority + Faculty Satisfaction,20260817,23,43,93.9192,93.9192,93.9192,0,0,92.5,1.5,0.4,0.15,0.0443
TLBO + Dynamic Priority + Faculty Satisfaction,20260817,23,44,93.9192,93.9192,93.9192,0,0,92.5,1.5,0.4,0.15,0.0516
TLBO + Dynamic Priority + Faculty Satisfaction,20260817,23,45,93.9192,93.9192,93.9192,0,0,92.5,1.5,0.4,0.15,0.0501
TLBO + Dynamic Priority + Faculty Satisfaction,20260817,23,46,93.9192,93.9192,93.9192,0,0,92.5,1.5,0.4,0.15,0.0573
TLBO + Dynamic Priority + Faculty Satisfaction,20260817,23,47,93.9192,93.9192,93.9192,0,0,92.5,1.5,0.4,0.15,0.0543
TLBO + Dynamic Priority + Faculty Satisfaction,20260817,23,48,93.9192,93.9192,93.9192,0,0,92.5,1.5,0.4,0.15,0.0543
TLBO + Dynamic Priority + Faculty Satisfaction,20260817,23,49,93.9192,93.9192,93.9192,0,0,92.5,1.5,0.4,0.15,0.0492
TLBO + Dynamic Priority + Faculty Satisfaction,20260817,23,50,93.9192,93.9192,93.9192,0,0,92.5,1.5,0.4,0.15,0.0664
TLBO + Dynamic Priority + Faculty Satisfaction,20260818,24,1,93.472,58.0856,0.0,0,0,92.5,1.5,0.4,0.15,0.1829
TLBO + Dynamic Priority + Faculty Satisfaction,20260818,24,2,93.472,81.3572,0.0,0,0,92.5,1.5,0.4,0.15,0.1612
TLBO + Dynamic Priority + Faculty Satisfaction,20260818,24,3,93.472,93.0412,92.4744,0,0,92.5,1.5,0.4,0.15,0.1513
TLBO + Dynamic Priority + Faculty Satisfaction,20260818,24,4,93.472,93.1659,92.4984,0,0,92.5,1.5,0.4,0.15,0.155
TLBO + Dynamic Priority + Faculty Satisfaction,20260818,24,5,93.472,93.299,92.792,0,0,92.5,1.5,0.4,0.15,0.1277
TLBO + Dynamic Priority + Faculty Satisfaction,20260818,24,6,93.472,93.384,92.84,0,0,92.5,1.5,0.4,0.15,0.1101
TLBO + Dynamic Priority + Faculty Satisfaction,20260818,24,7,93.472,93.463,93.4,0,0,92.5,1.5,0.4,0.15,0.0774
TLBO + Dynamic Priority + Faculty Satisfaction,20260818,24,8,93.472,93.472,93.472,0,0,92.5,1.5,0.4,0.15,0.0531
TLBO + Dynamic Priority + Faculty Satisfaction,20260818,24,9,93.472,93.472,93.472,0,0,92.5,1.5,0.4,0.15,0.0414
TLBO + Dynamic Priority + Faculty Satisfaction,20260818,24,10,93.472,93.472,93.472,0,0,92.5,1.5,0.4,0.15,0.0519
TLBO + Dynamic Priority + Faculty Satisfaction,20260818,24,11,93.472,93.472,93.472,0,0,92.5,1.5,0.4,0.15,0.0466
TLBO + Dynamic Priority + Faculty Satisfaction,20260818,24,12,93.472,93.472,93.472,0,0,92.5,1.5,0.4,0.15,0.059
TLBO + Dynamic Priority + Faculty Satisfaction,20260818,24,13,93.472,93.472,93.472,0,0,92.5,1.5,0.4,0.15,0.0468
TLBO + Dynamic Priority + Faculty Satisfaction,20260818,24,14,93.472,93.472,93.472,0,0,92.5,1.5,0.4,0.15,0.0742
TLBO + Dynamic Priority + Faculty Satisfaction,20260818,24,15,93.472,93.472,93.472,0,0,92.5,1.5,0.4,0.15,0.0614
TLBO + Dynamic Priority + Faculty Satisfaction,20260818,24,16,93.472,93.472,93.472,0,0,92.5,1.5,0.4,0.15,0.0416
TLBO + Dynamic Priority + Faculty Satisfaction,20260818,24,17,93.4952,93.4749,93.472,0,0,92.5,1.5,0.4,0.15,0.0625
TLBO + Dynamic Priority + Faculty Satisfaction,20260818,24,18,93.6164,93.5035,93.472,0,0,92.5,1.5,0.4,0.15,0.1271
TLBO + Dynamic Priority + Faculty Satisfaction,20260818,24,19,93.7632,93.6066,93.476,0,0,92.5,1.5,0.4,0.15,0.1407
TLBO + Dynamic Priority + Faculty Satisfaction,20260818,24,20,93.7632,93.6425,93.564,0,0,92.5,1.5,0.4,0.15,0.1463
TLBO + Dynamic Priority + Faculty Satisfaction,20260818,24,21,93.7632,93.6908,93.578,0,0,92.5,1.5,0.4,0.15,0.1367
TLBO + Dynamic Priority + Faculty Satisfaction,20260818,24,22,93.7632,93.7139,93.6164,0,0,92.5,1.5,0.4,0.15,0.118
TLBO + Dynamic Priority + Faculty Satisfaction,20260818,24,23,93.7632,93.7323,93.6164,0,0,92.5,1.5,0.4,0.15,0.1023
TLBO + Dynamic Priority + Faculty Satisfaction,20260818,24,24,93.7632,93.7506,93.6908,0,0,92.5,1.5,0.4,0.15,0.1014
TLBO + Dynamic Priority + Faculty Satisfaction,20260818,24,25,93.7632,93.7597,93.7352,0,0,92.5,1.5,0.4,0.15,0.0847
TLBO + Dynamic Priority + Faculty Satisfaction,20260818,24,26,93.7632,93.7632,93.7632,0,0,92.5,1.5,0.4,0.15,0.0621
TLBO + Dynamic Priority + Faculty Satisfaction,20260818,24,27,93.7632,93.7632,93.7632,0,0,92.5,1.5,0.4,0.15,0.0503
TLBO + Dynamic Priority + Faculty Satisfaction,20260818,24,28,93.7632,93.7632,93.7632,0,0,92.5,1.5,0.4,0.15,0.0544
TLBO + Dynamic Priority + Faculty Satisfaction,20260818,24,29,93.7632,93.7632,93.7632,0,0,92.5,1.5,0.4,0.15,0.0485
TLBO + Dynamic Priority + Faculty Satisfaction,20260818,24,30,93.7632,93.7632,93.7632,0,0,92.5,1.5,0.4,0.15,0.0579
TLBO + Dynamic Priority + Faculty Satisfaction,20260818,24,31,93.7632,93.7632,93.7632,0,0,92.5,1.5,0.4,0.15,0.0548
TLBO + Dynamic Priority + Faculty Satisfaction,20260818,24,32,93.7632,93.7632,93.7632,0,0,92.5,1.5,0.4,0.15,0.0449
TLBO + Dynamic Priority + Faculty Satisfaction,20260818,24,33,93.7632,93.7632,93.7632,0,0,92.5,1.5,0.4,0.15,0.0499
TLBO + Dynamic Priority + Faculty Satisfaction,20260818,24,34,93.7632,93.7632,93.7632,0,0,92.5,1.5,0.4,0.15,0.0394
TLBO + Dynamic Priority + Faculty Satisfaction,20260818,24,35,93.7632,93.7632,93.7632,0,0,92.5,1.5,0.4,0.15,0.0452
TLBO + Dynamic Priority + Faculty Satisfaction,20260818,24,36,93.7632,93.7632,93.7632,0,0,92.5,1.5,0.4,0.15,0.0661
TLBO + Dynamic Priority + Faculty Satisfaction,20260818,24,37,93.7632,93.7632,93.7632,0,0,92.5,1.5,0.4,0.15,0.0528
TLBO + Dynamic Priority + Faculty Satisfaction,20260818,24,38,93.7632,93.7632,93.7632,0,0,92.5,1.5,0.4,0.15,0.0532
TLBO + Dynamic Priority + Faculty Satisfaction,20260818,24,39,93.7632,93.7632,93.7632,0,0,92.5,1.5,0.4,0.15,0.0456
TLBO + Dynamic Priority + Faculty Satisfaction,20260818,24,40,93.7632,93.7632,93.7632,0,0,92.5,1.5,0.4,0.15,0.0476
TLBO + Dynamic Priority + Faculty Satisfaction,20260818,24,41,93.7632,93.7632,93.7632,0,0,92.5,1.5,0.4,0.15,0.0539
TLBO + Dynamic Priority + Faculty Satisfaction,20260818,24,42,93.7632,93.7632,93.7632,0,0,92.5,1.5,0.4,0.15,0.0601
TLBO + Dynamic Priority + Faculty Satisfaction,20260818,24,43,93.7632,93.7632,93.7632,0,0,92.5,1.5,0.4,0.15,0.0606
TLBO + Dynamic Priority + Faculty Satisfaction,20260818,24,44,93.7632,93.7632,93.7632,0,0,92.5,1.5,0.4,0.15,0.0501
TLBO + Dynamic Priority + Faculty Satisfaction,20260818,24,45,93.7632,93.7632,93.7632,0,0,92.5,1.5,0.4,0.15,0.0577
TLBO + Dynamic Priority + Faculty Satisfaction,20260818,24,46,93.7632,93.7632,93.7632,0,0,92.5,1.5,0.4,0.15,0.0531
TLBO + Dynamic Priority + Faculty Satisfaction,20260818,24,47,93.7632,93.7632,93.7632,0,0,92.5,1.5,0.4,0.15,0.0489
TLBO + Dynamic Priority + Faculty Satisfaction,20260818,24,48,93.7632,93.7632,93.7632,0,0,92.5,1.5,0.4,0.15,0.0448
TLBO + Dynamic Priority + Faculty Satisfaction,20260818,24,49,93.7632,93.7632,93.7632,0,0,92.5,1.5,0.4,0.15,0.0555
TLBO + Dynamic Priority + Faculty Satisfaction,20260818,24,50,93.7632,93.7632,93.7632,0,0,92.5,1.5,0.4,0.15,0.0529
TLBO + Dynamic Priority + Faculty Satisfaction,20260819,25,1,93.2576,23.2188,0.0,0,0,92.5,1.5,0.4,0.15,0.1815
TLBO + Dynamic Priority + Faculty Satisfaction,20260819,25,2,93.2576,34.876,0.0,0,0,92.5,1.5,0.4,0.15,0.1673
TLBO + Dynamic Priority + Faculty Satisfaction,20260819,25,3,93.2576,58.0471,0.0,0,0,92.5,1.5,0.4,0.15,0.1593
TLBO + Dynamic Priority + Faculty Satisfaction,20260819,25,4,93.388,81.4556,0.0,0,0,92.5,1.5,0.4,0.15,0.1416
TLBO + Dynamic Priority + Faculty Satisfaction,20260819,25,5,93.388,93.1401,92.4928,0,0,92.5,1.5,0.4,0.15,0.1542
TLBO + Dynamic Priority + Faculty Satisfaction,20260819,25,6,93.388,93.2743,92.912,0,0,92.5,1.5,0.4,0.15,0.1348
TLBO + Dynamic Priority + Faculty Satisfaction,20260819,25,7,93.4944,93.3471,93.2576,0,0,92.5,1.5,0.4,0.15,0.1142
TLBO + Dynamic Priority + Faculty Satisfaction,20260819,25,8,93.4944,93.3992,93.2576,0,0,92.5,1.5,0.4,0.15,0.1173
TLBO + Dynamic Priority + Faculty Satisfaction,20260819,25,9,93.4944,93.4331,93.2576,0,0,92.5,1.5,0.4,0.15,0.1335
TLBO + Dynamic Priority + Faculty Satisfaction,20260819,25,10,93.5328,93.499,93.4888,0,0,92.5,1.5,0.4,0.15,0.1248
TLBO + Dynamic Priority + Faculty Satisfaction,20260819,25,11,93.748,93.5507,93.4944,0,0,92.5,1.5,0.4,0.15,0.1311
TLBO + Dynamic Priority + Faculty Satisfaction,20260819,25,12,93.748,93.5981,93.4944,0,0,92.5,1.5,0.4,0.15,0.1423
TLBO + Dynamic Priority + Faculty Satisfaction,20260819,25,13,93.748,93.6612,93.5328,0,0,92.5,1.5,0.4,0.15,0.1317
TLBO + Dynamic Priority + Faculty Satisfaction,20260819,25,14,93.748,93.715,93.6172,0,0,92.5,1.5,0.4,0.15,0.1141
TLBO + Dynamic Priority + Faculty Satisfaction,20260819,25,15,93.748,93.7314,93.6592,0,0,92.5,1.5,0.4,0.15,0.0981
TLBO + Dynamic Priority + Faculty Satisfaction,20260819,25,16,93.748,93.7425,93.7036,0,0,92.5,1.5,0.4,0.15,0.0656
TLBO + Dynamic Priority + Faculty Satisfaction,20260819,25,17,93.748,93.748,93.748,0,0,92.5,1.5,0.4,0.15,0.0533
TLBO + Dynamic Priority + Faculty Satisfaction,20260819,25,18,93.748,93.748,93.748,0,0,92.5,1.5,0.4,0.15,0.057
TLBO + Dynamic Priority + Faculty Satisfaction,20260819,25,19,93.748,93.748,93.748,0,0,92.5,1.5,0.4,0.15,0.0487
TLBO + Dynamic Priority + Faculty Satisfaction,20260819,25,20,93.748,93.748,93.748,0,0,92.5,1.5,0.4,0.15,0.0609
TLBO + Dynamic Priority + Faculty Satisfaction,20260819,25,21,93.748,93.748,93.748,0,0,92.5,1.5,0.4,0.15,0.0694
TLBO + Dynamic Priority + Faculty Satisfaction,20260819,25,22,93.748,93.748,93.748,0,0,92.5,1.5,0.4,0.15,0.0451
TLBO + Dynamic Priority + Faculty Satisfaction,20260819,25,23,93.748,93.748,93.748,0,0,92.5,1.5,0.4,0.15,0.0517
TLBO + Dynamic Priority + Faculty Satisfaction,20260819,25,24,93.748,93.748,93.748,0,0,92.5,1.5,0.4,0.15,0.0546
TLBO + Dynamic Priority + Faculty Satisfaction,20260819,25,25,93.748,93.748,93.748,0,0,92.5,1.5,0.4,0.15,0.0503
TLBO + Dynamic Priority + Faculty Satisfaction,20260819,25,26,93.748,93.748,93.748,0,0,92.5,1.5,0.4,0.15,0.0512
TLBO + Dynamic Priority + Faculty Satisfaction,20260819,25,27,93.748,93.748,93.748,0,0,92.5,1.5,0.4,0.15,0.0446
TLBO + Dynamic Priority + Faculty Satisfaction,20260819,25,28,93.748,93.748,93.748,0,0,92.5,1.5,0.4,0.15,0.052
TLBO + Dynamic Priority + Faculty Satisfaction,20260819,25,29,93.748,93.748,93.748,0,0,92.5,1.5,0.4,0.15,0.0653
TLBO + Dynamic Priority + Faculty Satisfaction,20260819,25,30,93.748,93.748,93.748,0,0,92.5,1.5,0.4,0.15,0.0654
TLBO + Dynamic Priority + Faculty Satisfaction,20260819,25,31,93.748,93.748,93.748,0,0,92.5,1.5,0.4,0.15,0.0509
TLBO + Dynamic Priority + Faculty Satisfaction,20260819,25,32,93.748,93.748,93.748,0,0,92.5,1.5,0.4,0.15,0.0601
TLBO + Dynamic Priority + Faculty Satisfaction,20260819,25,33,93.748,93.748,93.748,0,0,92.5,1.5,0.4,0.15,0.047
TLBO + Dynamic Priority + Faculty Satisfaction,20260819,25,34,93.748,93.748,93.748,0,0,92.5,1.5,0.4,0.15,0.0452
TLBO + Dynamic Priority + Faculty Satisfaction,20260819,25,35,93.748,93.748,93.748,0,0,92.5,1.5,0.4,0.15,0.0617
TLBO + Dynamic Priority + Faculty Satisfaction,20260819,25,36,93.748,93.748,93.748,0,0,92.5,1.5,0.4,0.15,0.0437
TLBO + Dynamic Priority + Faculty Satisfaction,20260819,25,37,93.748,93.748,93.748,0,0,92.5,1.5,0.4,0.15,0.052
TLBO + Dynamic Priority + Faculty Satisfaction,20260819,25,38,93.748,93.748,93.748,0,0,92.5,1.5,0.4,0.15,0.0662
TLBO + Dynamic Priority + Faculty Satisfaction,20260819,25,39,93.748,93.748,93.748,0,0,92.5,1.5,0.4,0.15,0.0655
TLBO + Dynamic Priority + Faculty Satisfaction,20260819,25,40,93.748,93.748,93.748,0,0,92.5,1.5,0.4,0.15,0.0559
TLBO + Dynamic Priority + Faculty Satisfaction,20260819,25,41,93.748,93.748,93.748,0,0,92.5,1.5,0.4,0.15,0.0382
TLBO + Dynamic Priority + Faculty Satisfaction,20260819,25,42,93.748,93.748,93.748,0,0,92.5,1.5,0.4,0.15,0.0554
TLBO + Dynamic Priority + Faculty Satisfaction,20260819,25,43,93.748,93.748,93.748,0,0,92.5,1.5,0.4,0.15,0.0641
TLBO + Dynamic Priority + Faculty Satisfaction,20260819,25,44,93.748,93.748,93.748,0,0,92.5,1.5,0.4,0.15,0.0414
TLBO + Dynamic Priority + Faculty Satisfaction,20260819,25,45,93.748,93.748,93.748,0,0,92.5,1.5,0.4,0.15,0.0393
TLBO + Dynamic Priority + Faculty Satisfaction,20260819,25,46,93.748,93.748,93.748,0,0,92.5,1.5,0.4,0.15,0.0384
TLBO + Dynamic Priority + Faculty Satisfaction,20260819,25,47,93.748,93.748,93.748,0,0,92.5,1.5,0.4,0.15,0.0533
TLBO + Dynamic Priority + Faculty Satisfaction,20260819,25,48,93.748,93.748,93.748,0,0,92.5,1.5,0.4,0.15,0.0504
TLBO + Dynamic Priority + Faculty Satisfaction,20260819,25,49,93.748,93.748,93.748,0,0,92.5,1.5,0.4,0.15,0.0641
TLBO + Dynamic Priority + Faculty Satisfaction,20260819,25,50,93.748,93.748,93.748,0,0,92.5,1.5,0.4,0.15,0.0702
TLBO + Dynamic Priority + Faculty Satisfaction,20260820,26,1,93.2284,34.7829,0.0,0,0,92.5,1.5,0.4,0.15,0.1875
TLBO + Dynamic Priority + Faculty Satisfaction,20260820,26,2,93.2284,46.4365,0.0,0,0,92.5,1.5,0.4,0.15,0.1874
TLBO + Dynamic Priority + Faculty Satisfaction,20260820,26,3,93.394,69.6493,0.0,0,0,92.5,1.5,0.4,0.15,0.1691
TLBO + Dynamic Priority + Faculty Satisfaction,20260820,26,4,93.506,93.1141,92.3088,0,0,92.5,1.5,0.4,0.15,0.1624
TLBO + Dynamic Priority + Faculty Satisfaction,20260820,26,5,93.506,93.296,92.494,0,0,92.5,1.5,0.4,0.15,0.1488
TLBO + Dynamic Priority + Faculty Satisfaction,20260820,26,6,93.506,93.4225,93.136,0,0,92.5,1.5,0.4,0.15,0.1478
TLBO + Dynamic Priority + Faculty Satisfaction,20260820,26,7,93.506,93.4688,93.394,0,0,92.5,1.5,0.4,0.15,0.1148
TLBO + Dynamic Priority + Faculty Satisfaction,20260820,26,8,93.7412,93.5122,93.394,0,0,92.5,1.5,0.4,0.15,0.128
TLBO + Dynamic Priority + Faculty Satisfaction,20260820,26,9,93.7712,93.6093,93.452,0,0,92.5,1.5,0.4,0.15,0.1388
TLBO + Dynamic Priority + Faculty Satisfaction,20260820,26,10,93.864,93.6908,93.486,0,0,92.5,1.5,0.4,0.15,0.1359
TLBO + Dynamic Priority + Faculty Satisfaction,20260820,26,11,93.864,93.7848,93.534,0,0,92.5,1.5,0.4,0.15,0.1335
TLBO + Dynamic Priority + Faculty Satisfaction,20260820,26,12,93.864,93.8351,93.7292,0,0,92.5,1.5,0.4,0.15,0.1508
TLBO + Dynamic Priority + Faculty Satisfaction,20260820,26,13,93.908,93.8635,93.79,0,0,92.5,1.5,0.4,0.15,0.1288
TLBO + Dynamic Priority + Faculty Satisfaction,20260820,26,14,93.908,93.8843,93.864,0,0,92.5,1.5,0.4,0.15,0.1261
TLBO + Dynamic Priority + Faculty Satisfaction,20260820,26,15,93.908,93.893,93.864,0,0,92.5,1.5,0.4,0.15,0.1365
TLBO + Dynamic Priority + Faculty Satisfaction,20260820,26,16,93.908,93.9008,93.864,0,0,92.5,1.5,0.4,0.15,0.1147
TLBO + Dynamic Priority + Faculty Satisfaction,20260820,26,17,93.908,93.9062,93.894,0,0,92.5,1.5,0.4,0.15,0.1037
TLBO + Dynamic Priority + Faculty Satisfaction,20260820,26,18,93.9572,93.9142,93.908,0,0,92.5,1.5,0.4,0.15,0.0995
TLBO + Dynamic Priority + Faculty Satisfaction,20260820,26,19,93.9572,93.9203,93.908,0,0,92.5,1.5,0.4,0.15,0.1302
TLBO + Dynamic Priority + Faculty Satisfaction,20260820,26,20,93.9572,93.9326,93.908,0,0,92.5,1.5,0.4,0.15,0.1044
TLBO + Dynamic Priority + Faculty Satisfaction,20260820,26,21,93.9572,93.9387,93.908,0,0,92.5,1.5,0.4,0.15,0.1055
TLBO + Dynamic Priority + Faculty Satisfaction,20260820,26,22,93.9572,93.9449,93.908,0,0,92.5,1.5,0.4,0.15,0.0883
TLBO + Dynamic Priority + Faculty Satisfaction,20260820,26,23,93.9572,93.9572,93.9572,0,0,92.5,1.5,0.4,0.15,0.045
TLBO + Dynamic Priority + Faculty Satisfaction,20260820,26,24,93.9572,93.9572,93.9572,0,0,92.5,1.5,0.4,0.15,0.056
TLBO + Dynamic Priority + Faculty Satisfaction,20260820,26,25,93.9572,93.9572,93.9572,0,0,92.5,1.5,0.4,0.15,0.0554
TLBO + Dynamic Priority + Faculty Satisfaction,20260820,26,26,93.9572,93.9572,93.9572,0,0,92.5,1.5,0.4,0.15,0.0466
TLBO + Dynamic Priority + Faculty Satisfaction,20260820,26,27,93.9572,93.9572,93.9572,0,0,92.5,1.5,0.4,0.15,0.0444
TLBO + Dynamic Priority + Faculty Satisfaction,20260820,26,28,93.9572,93.9572,93.9572,0,0,92.5,1.5,0.4,0.15,0.0504
TLBO + Dynamic Priority + Faculty Satisfaction,20260820,26,29,93.9572,93.9572,93.9572,0,0,92.5,1.5,0.4,0.15,0.0533
TLBO + Dynamic Priority + Faculty Satisfaction,20260820,26,30,93.9572,93.9572,93.9572,0,0,92.5,1.5,0.4,0.15,0.0482
TLBO + Dynamic Priority + Faculty Satisfaction,20260820,26,31,93.9572,93.9572,93.9572,0,0,92.5,1.5,0.4,0.15,0.0478
TLBO + Dynamic Priority + Faculty Satisfaction,20260820,26,32,93.9572,93.9572,93.9572,0,0,92.5,1.5,0.4,0.15,0.0459
TLBO + Dynamic Priority + Faculty Satisfaction,20260820,26,33,93.9572,93.9572,93.9572,0,0,92.5,1.5,0.4,0.15,0.0521
TLBO + Dynamic Priority + Faculty Satisfaction,20260820,26,34,93.9572,93.9572,93.9572,0,0,92.5,1.5,0.4,0.15,0.0435
TLBO + Dynamic Priority + Faculty Satisfaction,20260820,26,35,93.9572,93.9572,93.9572,0,0,92.5,1.5,0.4,0.15,0.0574
TLBO + Dynamic Priority + Faculty Satisfaction,20260820,26,36,93.9572,93.9572,93.9572,0,0,92.5,1.5,0.4,0.15,0.0698
TLBO + Dynamic Priority + Faculty Satisfaction,20260820,26,37,93.9572,93.9572,93.9572,0,0,92.5,1.5,0.4,0.15,0.0428
TLBO + Dynamic Priority + Faculty Satisfaction,20260820,26,38,93.9572,93.9572,93.9572,0,0,92.5,1.5,0.4,0.15,0.0499
TLBO + Dynamic Priority + Faculty Satisfaction,20260820,26,39,93.9572,93.9572,93.9572,0,0,92.5,1.5,0.4,0.15,0.0516
TLBO + Dynamic Priority + Faculty Satisfaction,20260820,26,40,93.9572,93.9572,93.9572,0,0,92.5,1.5,0.4,0.15,0.0498
TLBO + Dynamic Priority + Faculty Satisfaction,20260820,26,41,93.9572,93.9572,93.9572,0,0,92.5,1.5,0.4,0.15,0.0568
TLBO + Dynamic Priority + Faculty Satisfaction,20260820,26,42,93.9572,93.9572,93.9572,0,0,92.5,1.5,0.4,0.15,0.0591
TLBO + Dynamic Priority + Faculty Satisfaction,20260820,26,43,93.9572,93.9572,93.9572,0,0,92.5,1.5,0.4,0.15,0.0487
TLBO + Dynamic Priority + Faculty Satisfaction,20260820,26,44,93.9572,93.9572,93.9572,0,0,92.5,1.5,0.4,0.15,0.0447
TLBO + Dynamic Priority + Faculty Satisfaction,20260820,26,45,93.9572,93.9572,93.9572,0,0,92.5,1.5,0.4,0.15,0.0501
TLBO + Dynamic Priority + Faculty Satisfaction,20260820,26,46,93.9572,93.9572,93.9572,0,0,92.5,1.5,0.4,0.15,0.0469
TLBO + Dynamic Priority + Faculty Satisfaction,20260820,26,47,93.9572,93.9572,93.9572,0,0,92.5,1.5,0.4,0.15,0.0542
TLBO + Dynamic Priority + Faculty Satisfaction,20260820,26,48,93.9572,93.9572,93.9572,0,0,92.5,1.5,0.4,0.15,0.0512
TLBO + Dynamic Priority + Faculty Satisfaction,20260820,26,49,93.9572,93.9572,93.9572,0,0,92.5,1.5,0.4,0.15,0.0554
TLBO + Dynamic Priority + Faculty Satisfaction,20260820,26,50,93.9572,93.9572,93.9572,0,0,92.5,1.5,0.4,0.15,0.0404
TLBO + Dynamic Priority + Faculty Satisfaction,20260821,27,1,93.3316,58.1362,0.0,0,0,92.5,1.5,0.4,0.15,0.1865
TLBO + Dynamic Priority + Faculty Satisfaction,20260821,27,2,93.3316,69.8026,0.0,0,0,92.5,1.5,0.4,0.15,0.187
TLBO + Dynamic Priority + Faculty Satisfaction,20260821,27,3,93.3316,81.469,0.0,0,0,92.5,1.5,0.4,0.15,0.1571
TLBO + Dynamic Priority + Faculty Satisfaction,20260821,27,4,93.348,93.151,92.1084,0,0,92.5,1.5,0.4,0.15,0.1439
TLBO + Dynamic Priority + Faculty Satisfaction,20260821,27,5,93.348,93.3059,93.1212,0,0,92.5,1.5,0.4,0.15,0.1461
TLBO + Dynamic Priority + Faculty Satisfaction,20260821,27,6,93.348,93.3343,93.304,0,0,92.5,1.5,0.4,0.15,0.1229
TLBO + Dynamic Priority + Faculty Satisfaction,20260821,27,7,93.348,93.3398,93.3316,0,0,92.5,1.5,0.4,0.15,0.1131
TLBO + Dynamic Priority + Faculty Satisfaction,20260821,27,8,93.348,93.3418,93.3316,0,0,92.5,1.5,0.4,0.15,0.0948
TLBO + Dynamic Priority + Faculty Satisfaction,20260821,27,9,93.348,93.3439,93.3316,0,0,92.5,1.5,0.4,0.15,0.0891
TLBO + Dynamic Priority + Faculty Satisfaction,20260821,27,10,93.348,93.346,93.3316,0,0,92.5,1.5,0.4,0.15,0.0882
TLBO + Dynamic Priority + Faculty Satisfaction,20260821,27,11,93.348,93.348,93.348,0,0,92.5,1.5,0.4,0.15,0.0598
TLBO + Dynamic Priority + Faculty Satisfaction,20260821,27,12,93.348,93.348,93.348,0,0,92.5,1.5,0.4,0.15,0.0647
TLBO + Dynamic Priority + Faculty Satisfaction,20260821,27,13,93.4224,93.3756,93.348,0,0,92.5,1.5,0.4,0.15,0.0805
TLBO + Dynamic Priority + Faculty Satisfaction,20260821,27,14,93.4224,93.4035,93.348,0,0,92.5,1.5,0.4,0.15,0.0942
TLBO + Dynamic Priority + Faculty Satisfaction,20260821,27,15,93.4224,93.4128,93.384,0,0,92.5,1.5,0.4,0.15,0.0881
TLBO + Dynamic Priority + Faculty Satisfaction,20260821,27,16,93.4224,93.4224,93.4224,0,0,92.5,1.5,0.4,0.15,0.0839
TLBO + Dynamic Priority + Faculty Satisfaction,20260821,27,17,93.4224,93.4224,93.4224,0,0,92.5,1.5,0.4,0.15,0.0717
TLBO + Dynamic Priority + Faculty Satisfaction,20260821,27,18,93.4608,93.4272,93.4224,0,0,92.5,1.5,0.4,0.15,0.094
TLBO + Dynamic Priority + Faculty Satisfaction,20260821,27,19,93.4608,93.4368,93.4224,0,0,92.5,1.5,0.4,0.15,0.1329
TLBO + Dynamic Priority + Faculty Satisfaction,20260821,27,20,93.4608,93.4464,93.4224,0,0,92.5,1.5,0.4,0.15,0.1322
TLBO + Dynamic Priority + Faculty Satisfaction,20260821,27,21,93.5252,93.4689,93.4608,0,0,92.5,1.5,0.4,0.15,0.1301
TLBO + Dynamic Priority + Faculty Satisfaction,20260821,27,22,93.5252,93.4849,93.4608,0,0,92.5,1.5,0.4,0.15,0.1364
TLBO + Dynamic Priority + Faculty Satisfaction,20260821,27,23,93.5252,93.493,93.4608,0,0,92.5,1.5,0.4,0.15,0.1414
TLBO + Dynamic Priority + Faculty Satisfaction,20260821,27,24,93.5292,93.5104,93.4608,0,0,92.5,1.5,0.4,0.15,0.129
TLBO + Dynamic Priority + Faculty Satisfaction,20260821,27,25,93.5672,93.5247,93.4668,0,0,92.5,1.5,0.4,0.15,0.1309
TLBO + Dynamic Priority + Faculty Satisfaction,20260821,27,26,93.5672,93.5377,93.5252,0,0,92.5,1.5,0.4,0.15,0.1369
TLBO + Dynamic Priority + Faculty Satisfaction,20260821,27,27,93.6156,93.5585,93.5252,0,0,92.5,1.5,0.4,0.15,0.1464
TLBO + Dynamic Priority + Faculty Satisfaction,20260821,27,28,93.6276,93.5868,93.5292,0,0,92.5,1.5,0.4,0.15,0.1444
TLBO + Dynamic Priority + Faculty Satisfaction,20260821,27,29,93.6456,93.6137,93.5672,0,0,92.5,1.5,0.4,0.15,0.1307
TLBO + Dynamic Priority + Faculty Satisfaction,20260821,27,30,93.66,93.6313,93.5936,0,0,92.5,1.5,0.4,0.15,0.1422
TLBO + Dynamic Priority + Faculty Satisfaction,20260821,27,31,93.66,93.6397,93.6052,0,0,92.5,1.5,0.4,0.15,0.1367
TLBO + Dynamic Priority + Faculty Satisfaction,20260821,27,32,93.672,93.6553,93.6276,0,0,92.5,1.5,0.4,0.15,0.1039
TLBO + Dynamic Priority + Faculty Satisfaction,20260821,27,33,93.672,93.6675,93.66,0,0,92.5,1.5,0.4,0.15,0.1083
TLBO + Dynamic Priority + Faculty Satisfaction,20260821,27,34,93.672,93.669,93.66,0,0,92.5,1.5,0.4,0.15,0.0924
TLBO + Dynamic Priority + Faculty Satisfaction,20260821,27,35,93.738,93.6803,93.672,0,0,92.5,1.5,0.4,0.15,0.0906
TLBO + Dynamic Priority + Faculty Satisfaction,20260821,27,36,93.738,93.705,93.672,0,0,92.5,1.5,0.4,0.15,0.0934
TLBO + Dynamic Priority + Faculty Satisfaction,20260821,27,37,93.738,93.7133,93.672,0,0,92.5,1.5,0.4,0.15,0.1196
TLBO + Dynamic Priority + Faculty Satisfaction,20260821,27,38,93.738,93.7297,93.672,0,0,92.5,1.5,0.4,0.15,0.1055
TLBO + Dynamic Priority + Faculty Satisfaction,20260821,27,39,93.738,93.738,93.738,0,0,92.5,1.5,0.4,0.15,0.1126
TLBO + Dynamic Priority + Faculty Satisfaction,20260821,27,40,93.738,93.738,93.738,0,0,92.5,1.5,0.4,0.15,0.0867
TLBO + Dynamic Priority + Faculty Satisfaction,20260821,27,41,93.738,93.738,93.738,0,0,92.5,1.5,0.4,0.15,0.0872
TLBO + Dynamic Priority + Faculty Satisfaction,20260821,27,42,93.738,93.738,93.738,0,0,92.5,1.5,0.4,0.15,0.1003
TLBO + Dynamic Priority + Faculty Satisfaction,20260821,27,43,93.738,93.738,93.738,0,0,92.5,1.5,0.4,0.15,0.0933
TLBO + Dynamic Priority + Faculty Satisfaction,20260821,27,44,93.738,93.738,93.738,0,0,92.5,1.5,0.4,0.15,0.0889
TLBO + Dynamic Priority + Faculty Satisfaction,20260821,27,45,93.738,93.738,93.738,0,0,92.5,1.5,0.4,0.15,0.0805
TLBO + Dynamic Priority + Faculty Satisfaction,20260821,27,46,93.738,93.738,93.738,0,0,92.5,1.5,0.4,0.15,0.079
TLBO + Dynamic Priority + Faculty Satisfaction,20260821,27,47,93.738,93.738,93.738,0,0,92.5,1.5,0.4,0.15,0.0982
TLBO + Dynamic Priority + Faculty Satisfaction,20260821,27,48,93.738,93.738,93.738,0,0,92.5,1.5,0.4,0.15,0.075
TLBO + Dynamic Priority + Faculty Satisfaction,20260821,27,49,93.738,93.738,93.738,0,0,92.5,1.5,0.4,0.15,0.072
TLBO + Dynamic Priority + Faculty Satisfaction,20260821,27,50,93.738,93.738,93.738,0,0,92.5,1.5,0.4,0.15,0.068
TLBO + Dynamic Priority + Faculty Satisfaction,20260822,28,1,93.2132,34.8623,0.0,0,0,92.5,1.5,0.4,0.15,0.191
TLBO + Dynamic Priority + Faculty Satisfaction,20260822,28,2,93.2132,58.1644,0.0,0,0,92.5,1.5,0.4,0.15,0.1739
TLBO + Dynamic Priority + Faculty Satisfaction,20260822,28,3,93.2132,69.8582,0.0,0,0,92.5,1.5,0.4,0.15,0.153
TLBO + Dynamic Priority + Faculty Satisfaction,20260822,28,4,93.304,81.5212,0.0,0,0,92.5,1.5,0.4,0.15,0.1457
TLBO + Dynamic Priority + Faculty Satisfaction,20260822,28,5,93.304,93.1989,92.842,0,0,92.5,1.5,0.4,0.15,0.1286
TLBO + Dynamic Priority + Faculty Satisfaction,20260822,28,6,93.478,93.3096,93.18,0,0,92.5,1.5,0.4,0.15,0.124
TLBO + Dynamic Priority + Faculty Satisfaction,20260822,28,7,93.5744,93.4502,93.3376,0,0,92.5,1.5,0.4,0.15,0.1408
TLBO + Dynamic Priority + Faculty Satisfaction,20260822,28,8,93.6108,93.4964,93.3712,0,0,92.5,1.5,0.4,0.15,0.1688
TLBO + Dynamic Priority + Faculty Satisfaction,20260822,28,9,93.6108,93.5263,93.434,0,0,92.5,1.5,0.4,0.15,0.1491
TLBO + Dynamic Priority + Faculty Satisfaction,20260822,28,10,93.6564,93.5637,93.442,0,0,92.5,1.5,0.4,0.15,0.1276
TLBO + Dynamic Priority + Faculty Satisfaction,20260822,28,11,93.6972,93.6243,93.4864,0,0,92.5,1.5,0.4,0.15,0.131
TLBO + Dynamic Priority + Faculty Satisfaction,20260822,28,12,93.6972,93.6622,93.6108,0,0,92.5,1.5,0.4,0.15,0.1277
TLBO + Dynamic Priority + Faculty Satisfaction,20260822,28,13,93.7152,93.6809,93.6128,0,0,92.5,1.5,0.4,0.15,0.1316
TLBO + Dynamic Priority + Faculty Satisfaction,20260822,28,14,93.7152,93.6988,93.6564,0,0,92.5,1.5,0.4,0.15,0.13
TLBO + Dynamic Priority + Faculty Satisfaction,20260822,28,15,93.7152,93.7107,93.6972,0,0,92.5,1.5,0.4,0.15,0.1078
TLBO + Dynamic Priority + Faculty Satisfaction,20260822,28,16,93.7152,93.7129,93.6972,0,0,92.5,1.5,0.4,0.15,0.0953
TLBO + Dynamic Priority + Faculty Satisfaction,20260822,28,17,93.7152,93.7152,93.7152,0,0,92.5,1.5,0.4,0.15,0.0811
TLBO + Dynamic Priority + Faculty Satisfaction,20260822,28,18,93.7152,93.7152,93.7152,0,0,92.5,1.5,0.4,0.15,0.0942
TLBO + Dynamic Priority + Faculty Satisfaction,20260822,28,19,93.7152,93.7152,93.7152,0,0,92.5,1.5,0.4,0.15,0.0841
TLBO + Dynamic Priority + Faculty Satisfaction,20260822,28,20,93.7152,93.7152,93.7152,0,0,92.5,1.5,0.4,0.15,0.0716
TLBO + Dynamic Priority + Faculty Satisfaction,20260822,28,21,93.7152,93.7152,93.7152,0,0,92.5,1.5,0.4,0.15,0.0769
TLBO + Dynamic Priority + Faculty Satisfaction,20260822,28,22,93.7152,93.7152,93.7152,0,0,92.5,1.5,0.4,0.15,0.0714
TLBO + Dynamic Priority + Faculty Satisfaction,20260822,28,23,93.7152,93.7152,93.7152,0,0,92.5,1.5,0.4,0.15,0.0816
TLBO + Dynamic Priority + Faculty Satisfaction,20260822,28,24,93.7152,93.7152,93.7152,0,0,92.5,1.5,0.4,0.15,0.0994
TLBO + Dynamic Priority + Faculty Satisfaction,20260822,28,25,93.7152,93.7152,93.7152,0,0,92.5,1.5,0.4,0.15,0.0971
TLBO + Dynamic Priority + Faculty Satisfaction,20260822,28,26,93.7152,93.7152,93.7152,0,0,92.5,1.5,0.4,0.15,0.1049
TLBO + Dynamic Priority + Faculty Satisfaction,20260822,28,27,93.7152,93.7152,93.7152,0,0,92.5,1.5,0.4,0.15,0.1245
TLBO + Dynamic Priority + Faculty Satisfaction,20260822,28,28,93.7152,93.7152,93.7152,0,0,92.5,1.5,0.4,0.15,0.0959
TLBO + Dynamic Priority + Faculty Satisfaction,20260822,28,29,93.7152,93.7152,93.7152,0,0,92.5,1.5,0.4,0.15,0.0964
TLBO + Dynamic Priority + Faculty Satisfaction,20260822,28,30,93.7152,93.7152,93.7152,0,0,92.5,1.5,0.4,0.15,0.1001
TLBO + Dynamic Priority + Faculty Satisfaction,20260822,28,31,93.7152,93.7152,93.7152,0,0,92.5,1.5,0.4,0.15,0.0855
TLBO + Dynamic Priority + Faculty Satisfaction,20260822,28,32,93.7152,93.7152,93.7152,0,0,92.5,1.5,0.4,0.15,0.0862
TLBO + Dynamic Priority + Faculty Satisfaction,20260822,28,33,93.7152,93.7152,93.7152,0,0,92.5,1.5,0.4,0.15,0.0708
TLBO + Dynamic Priority + Faculty Satisfaction,20260822,28,34,93.7152,93.7152,93.7152,0,0,92.5,1.5,0.4,0.15,0.0881
TLBO + Dynamic Priority + Faculty Satisfaction,20260822,28,35,93.7152,93.7152,93.7152,0,0,92.5,1.5,0.4,0.15,0.0794
TLBO + Dynamic Priority + Faculty Satisfaction,20260822,28,36,93.7152,93.7152,93.7152,0,0,92.5,1.5,0.4,0.15,0.0849
TLBO + Dynamic Priority + Faculty Satisfaction,20260822,28,37,93.7152,93.7152,93.7152,0,0,92.5,1.5,0.4,0.15,0.0641
TLBO + Dynamic Priority + Faculty Satisfaction,20260822,28,38,93.7152,93.7152,93.7152,0,0,92.5,1.5,0.4,0.15,0.0757
TLBO + Dynamic Priority + Faculty Satisfaction,20260822,28,39,93.7152,93.7152,93.7152,0,0,92.5,1.5,0.4,0.15,0.0848
TLBO + Dynamic Priority + Faculty Satisfaction,20260822,28,40,93.7152,93.7152,93.7152,0,0,92.5,1.5,0.4,0.15,0.0826
TLBO + Dynamic Priority + Faculty Satisfaction,20260822,28,41,93.7152,93.7152,93.7152,0,0,92.5,1.5,0.4,0.15,0.0749
TLBO + Dynamic Priority + Faculty Satisfaction,20260822,28,42,93.7832,93.7237,93.7152,0,0,92.5,1.5,0.4,0.15,0.1048
TLBO + Dynamic Priority + Faculty Satisfaction,20260822,28,43,93.7832,93.7322,93.7152,0,0,92.5,1.5,0.4,0.15,0.1225
TLBO + Dynamic Priority + Faculty Satisfaction,20260822,28,44,93.7832,93.7439,93.7152,0,0,92.5,1.5,0.4,0.15,0.127
TLBO + Dynamic Priority + Faculty Satisfaction,20260822,28,45,93.7832,93.7524,93.7152,0,0,92.5,1.5,0.4,0.15,0.1194
TLBO + Dynamic Priority + Faculty Satisfaction,20260822,28,46,93.7832,93.7662,93.7152,0,0,92.5,1.5,0.4,0.15,0.117
TLBO + Dynamic Priority + Faculty Satisfaction,20260822,28,47,93.7832,93.7832,93.7832,0,0,92.5,1.5,0.4,0.15,0.0714
TLBO + Dynamic Priority + Faculty Satisfaction,20260822,28,48,93.7832,93.7832,93.7832,0,0,92.5,1.5,0.4,0.15,0.0652
TLBO + Dynamic Priority + Faculty Satisfaction,20260822,28,49,93.7832,93.7832,93.7832,0,0,92.5,1.5,0.4,0.15,0.062
TLBO + Dynamic Priority + Faculty Satisfaction,20260822,28,50,93.7832,93.7832,93.7832,0,0,92.5,1.5,0.4,0.15,0.0617
TLBO + Dynamic Priority + Faculty Satisfaction,20260823,29,1,93.398,69.6165,0.0,0,0,92.5,1.5,0.4,0.15,0.194
TLBO + Dynamic Priority + Faculty Satisfaction,20260823,29,2,93.398,92.8902,92.3348,0,0,92.5,1.5,0.4,0.15,0.1706
TLBO + Dynamic Priority + Faculty Satisfaction,20260823,29,3,93.398,93.0232,92.6616,0,0,92.5,1.5,0.4,0.15,0.1628
TLBO + Dynamic Priority + Faculty Satisfaction,20260823,29,4,93.398,93.148,92.792,0,0,92.5,1.5,0.4,0.15,0.1606
TLBO + Dynamic Priority + Faculty Satisfaction,20260823,29,5,93.398,93.2238,92.8008,0,0,92.5,1.5,0.4,0.15,0.1233
TLBO + Dynamic Priority + Faculty Satisfaction,20260823,29,6,93.4276,93.3021,92.9508,0,0,92.5,1.5,0.4,0.15,0.0936
TLBO + Dynamic Priority + Faculty Satisfaction,20260823,29,7,93.4316,93.3659,93.0488,0,0,92.5,1.5,0.4,0.15,0.1228
TLBO + Dynamic Priority + Faculty Satisfaction,20260823,29,8,93.4316,93.4138,93.398,0,0,92.5,1.5,0.4,0.15,0.0958
TLBO + Dynamic Priority + Faculty Satisfaction,20260823,29,9,93.4316,93.418,93.398,0,0,92.5,1.5,0.4,0.15,0.1031
TLBO + Dynamic Priority + Faculty Satisfaction,20260823,29,10,93.4652,93.4306,93.398,0,0,92.5,1.5,0.4,0.15,0.1232
TLBO + Dynamic Priority + Faculty Satisfaction,20260823,29,11,93.4652,93.4433,93.4276,0,0,92.5,1.5,0.4,0.15,0.1281
TLBO + Dynamic Priority + Faculty Satisfaction,20260823,29,12,93.4732,93.4494,93.4316,0,0,92.5,1.5,0.4,0.15,0.1287
TLBO + Dynamic Priority + Faculty Satisfaction,20260823,29,13,93.4952,93.4625,93.4316,0,0,92.5,1.5,0.4,0.15,0.118
TLBO + Dynamic Priority + Faculty Satisfaction,20260823,29,14,93.4952,93.4705,93.4316,0,0,92.5,1.5,0.4,0.15,0.1279
TLBO + Dynamic Priority + Faculty Satisfaction,20260823,29,15,93.508,93.4828,93.4652,0,0,92.5,1.5,0.4,0.15,0.115
TLBO + Dynamic Priority + Faculty Satisfaction,20260823,29,16,93.6568,93.5255,93.4652,0,0,92.5,1.5,0.4,0.15,0.1228
TLBO + Dynamic Priority + Faculty Satisfaction,20260823,29,17,93.6568,93.5794,93.4952,0,0,92.5,1.5,0.4,0.15,0.1448
TLBO + Dynamic Priority + Faculty Satisfaction,20260823,29,18,93.6964,93.6094,93.508,0,0,92.5,1.5,0.4,0.15,0.1367
TLBO + Dynamic Priority + Faculty Satisfaction,20260823,29,19,93.6964,93.6379,93.52,0,0,92.5,1.5,0.4,0.15,0.1275
TLBO + Dynamic Priority + Faculty Satisfaction,20260823,29,20,93.6964,93.6599,93.562,0,0,92.5,1.5,0.4,0.15,0.1201
TLBO + Dynamic Priority + Faculty Satisfaction,20260823,29,21,93.6964,93.6767,93.6184,0,0,92.5,1.5,0.4,0.15,0.0956
TLBO + Dynamic Priority + Faculty Satisfaction,20260823,29,22,93.6964,93.6915,93.6568,0,0,92.5,1.5,0.4,0.15,0.0995
TLBO + Dynamic Priority + Faculty Satisfaction,20260823,29,23,93.7004,93.6969,93.6964,0,0,92.5,1.5,0.4,0.15,0.0758
TLBO + Dynamic Priority + Faculty Satisfaction,20260823,29,24,93.7004,93.6984,93.6964,0,0,92.5,1.5,0.4,0.15,0.1126
TLBO + Dynamic Priority + Faculty Satisfaction,20260823,29,25,93.7004,93.6989,93.6964,0,0,92.5,1.5,0.4,0.15,0.0921
TLBO + Dynamic Priority + Faculty Satisfaction,20260823,29,26,93.7004,93.7004,93.7004,0,0,92.5,1.5,0.4,0.15,0.0745
TLBO + Dynamic Priority + Faculty Satisfaction,20260823,29,27,93.7004,93.7004,93.7004,0,0,92.5,1.5,0.4,0.15,0.0651
TLBO + Dynamic Priority + Faculty Satisfaction,20260823,29,28,93.7004,93.7004,93.7004,0,0,92.5,1.5,0.4,0.15,0.0561
TLBO + Dynamic Priority + Faculty Satisfaction,20260823,29,29,93.7004,93.7004,93.7004,0,0,92.5,1.5,0.4,0.15,0.0593
TLBO + Dynamic Priority + Faculty Satisfaction,20260823,29,30,93.7004,93.7004,93.7004,0,0,92.5,1.5,0.4,0.15,0.0492
TLBO + Dynamic Priority + Faculty Satisfaction,20260823,29,31,93.7004,93.7004,93.7004,0,0,92.5,1.5,0.4,0.15,0.0445
TLBO + Dynamic Priority + Faculty Satisfaction,20260823,29,32,93.7004,93.7004,93.7004,0,0,92.5,1.5,0.4,0.15,0.0519
TLBO + Dynamic Priority + Faculty Satisfaction,20260823,29,33,93.7004,93.7004,93.7004,0,0,92.5,1.5,0.4,0.15,0.0505
TLBO + Dynamic Priority + Faculty Satisfaction,20260823,29,34,93.7004,93.7004,93.7004,0,0,92.5,1.5,0.4,0.15,0.0533
TLBO + Dynamic Priority + Faculty Satisfaction,20260823,29,35,93.7004,93.7004,93.7004,0,0,92.5,1.5,0.4,0.15,0.0581
TLBO + Dynamic Priority + Faculty Satisfaction,20260823,29,36,93.7004,93.7004,93.7004,0,0,92.5,1.5,0.4,0.15,0.0541
TLBO + Dynamic Priority + Faculty Satisfaction,20260823,29,37,93.7004,93.7004,93.7004,0,0,92.5,1.5,0.4,0.15,0.0391
TLBO + Dynamic Priority + Faculty Satisfaction,20260823,29,38,93.7004,93.7004,93.7004,0,0,92.5,1.5,0.4,0.15,0.0423
TLBO + Dynamic Priority + Faculty Satisfaction,20260823,29,39,93.7004,93.7004,93.7004,0,0,92.5,1.5,0.4,0.15,0.0587
TLBO + Dynamic Priority + Faculty Satisfaction,20260823,29,40,93.7004,93.7004,93.7004,0,0,92.5,1.5,0.4,0.15,0.0564
TLBO + Dynamic Priority + Faculty Satisfaction,20260823,29,41,93.7004,93.7004,93.7004,0,0,92.5,1.5,0.4,0.15,0.0468
TLBO + Dynamic Priority + Faculty Satisfaction,20260823,29,42,93.7004,93.7004,93.7004,0,0,92.5,1.5,0.4,0.15,0.0455
TLBO + Dynamic Priority + Faculty Satisfaction,20260823,29,43,93.7004,93.7004,93.7004,0,0,92.5,1.5,0.4,0.15,0.0616
TLBO + Dynamic Priority + Faculty Satisfaction,20260823,29,44,93.7004,93.7004,93.7004,0,0,92.5,1.5,0.4,0.15,0.0586
TLBO + Dynamic Priority + Faculty Satisfaction,20260823,29,45,93.7004,93.7004,93.7004,0,0,92.5,1.5,0.4,0.15,0.0547
TLBO + Dynamic Priority + Faculty Satisfaction,20260823,29,46,93.7004,93.7004,93.7004,0,0,92.5,1.5,0.4,0.15,0.0459
TLBO + Dynamic Priority + Faculty Satisfaction,20260823,29,47,93.7004,93.7004,93.7004,0,0,92.5,1.5,0.4,0.15,0.0577
TLBO + Dynamic Priority + Faculty Satisfaction,20260823,29,48,93.7004,93.7004,93.7004,0,0,92.5,1.5,0.4,0.15,0.0386
TLBO + Dynamic Priority + Faculty Satisfaction,20260823,29,49,93.7004,93.7004,93.7004,0,0,92.5,1.5,0.4,0.15,0.0668
TLBO + Dynamic Priority + Faculty Satisfaction,20260823,29,50,93.7004,93.7004,93.7004,0,0,92.5,1.5,0.4,0.15,0.0465
TLBO + Dynamic Priority + Faculty Satisfaction,20260824,30,1,93.2052,34.8354,0.0,0,0,92.5,1.5,0.4,0.15,0.188
TLBO + Dynamic Priority + Faculty Satisfaction,20260824,30,2,93.2052,46.4861,0.0,0,0,92.5,1.5,0.4,0.15,0.1596
TLBO + Dynamic Priority + Faculty Satisfaction,20260824,30,3,93.47,69.7982,0.0,0,0,92.5,1.5,0.4,0.15,0.1542
TLBO + Dynamic Priority + Faculty Satisfaction,20260824,30,4,93.47,81.4819,0.0,0,0,92.5,1.5,0.4,0.15,0.144
TLBO + Dynamic Priority + Faculty Satisfaction,20260824,30,5,93.47,93.1656,92.5456,0,0,92.5,1.5,0.4,0.15,0.1485
TLBO + Dynamic Priority + Faculty Satisfaction,20260824,30,6,93.506,93.2857,92.754,0,0,92.5,1.5,0.4,0.15,0.1476
TLBO + Dynamic Priority + Faculty Satisfaction,20260824,30,7,93.5608,93.3956,93.2052,0,0,92.5,1.5,0.4,0.15,0.1448
TLBO + Dynamic Priority + Faculty Satisfaction,20260824,30,8,93.5788,93.4584,93.2052,0,0,92.5,1.5,0.4,0.15,0.1455
TLBO + Dynamic Priority + Faculty Satisfaction,20260824,30,9,93.5828,93.5213,93.2052,0,0,92.5,1.5,0.4,0.15,0.1383
TLBO + Dynamic Priority + Faculty Satisfaction,20260824,30,10,93.7012,93.6146,93.5404,0,0,92.5,1.5,0.4,0.15,0.143
TLBO + Dynamic Priority + Faculty Satisfaction,20260824,30,11,93.772,93.6868,93.5888,0,0,92.5,1.5,0.4,0.15,0.13
TLBO + Dynamic Priority + Faculty Satisfaction,20260824,30,12,93.772,93.7301,93.6632,0,0,92.5,1.5,0.4,0.15,0.1389
TLBO + Dynamic Priority + Faculty Satisfaction,20260824,30,13,93.772,93.7444,93.7012,0,0,92.5,1.5,0.4,0.15,0.1159
TLBO + Dynamic Priority + Faculty Satisfaction,20260824,30,14,93.772,93.7533,93.7052,0,0,92.5,1.5,0.4,0.15,0.1321
TLBO + Dynamic Priority + Faculty Satisfaction,20260824,30,15,93.772,93.7616,93.7336,0,0,92.5,1.5,0.4,0.15,0.108
TLBO + Dynamic Priority + Faculty Satisfaction,20260824,30,16,93.772,93.7664,93.7496,0,0,92.5,1.5,0.4,0.15,0.0841
TLBO + Dynamic Priority + Faculty Satisfaction,20260824,30,17,93.794,93.772,93.7496,0,0,92.5,1.5,0.4,0.15,0.1047
TLBO + Dynamic Priority + Faculty Satisfaction,20260824,30,18,93.794,93.7798,93.772,0,0,92.5,1.5,0.4,0.15,0.1056
TLBO + Dynamic Priority + Faculty Satisfaction,20260824,30,19,93.794,93.784,93.772,0,0,92.5,1.5,0.4,0.15,0.1073
TLBO + Dynamic Priority + Faculty Satisfaction,20260824,30,20,93.794,93.7889,93.772,0,0,92.5,1.5,0.4,0.15,0.0934
TLBO + Dynamic Priority + Faculty Satisfaction,20260824,30,21,93.794,93.7922,93.7796,0,0,92.5,1.5,0.4,0.15,0.1147
TLBO + Dynamic Priority + Faculty Satisfaction,20260824,30,22,93.794,93.794,93.794,0,0,92.5,1.5,0.4,0.15,0.0577
TLBO + Dynamic Priority + Faculty Satisfaction,20260824,30,23,93.794,93.794,93.794,0,0,92.5,1.5,0.4,0.15,0.0576
TLBO + Dynamic Priority + Faculty Satisfaction,20260824,30,24,93.794,93.794,93.794,0,0,92.5,1.5,0.4,0.15,0.0422
TLBO + Dynamic Priority + Faculty Satisfaction,20260824,30,25,93.794,93.794,93.794,0,0,92.5,1.5,0.4,0.15,0.0668
TLBO + Dynamic Priority + Faculty Satisfaction,20260824,30,26,93.794,93.794,93.794,0,0,92.5,1.5,0.4,0.15,0.0538
TLBO + Dynamic Priority + Faculty Satisfaction,20260824,30,27,93.794,93.794,93.794,0,0,92.5,1.5,0.4,0.15,0.0612
TLBO + Dynamic Priority + Faculty Satisfaction,20260824,30,28,93.794,93.794,93.794,0,0,92.5,1.5,0.4,0.15,0.0546
TLBO + Dynamic Priority + Faculty Satisfaction,20260824,30,29,93.794,93.794,93.794,0,0,92.5,1.5,0.4,0.15,0.0543
TLBO + Dynamic Priority + Faculty Satisfaction,20260824,30,30,93.794,93.794,93.794,0,0,92.5,1.5,0.4,0.15,0.0683
TLBO + Dynamic Priority + Faculty Satisfaction,20260824,30,31,93.794,93.794,93.794,0,0,92.5,1.5,0.4,0.15,0.0568
TLBO + Dynamic Priority + Faculty Satisfaction,20260824,30,32,93.794,93.794,93.794,0,0,92.5,1.5,0.4,0.15,0.0543
TLBO + Dynamic Priority + Faculty Satisfaction,20260824,30,33,93.794,93.794,93.794,0,0,92.5,1.5,0.4,0.15,0.0456
TLBO + Dynamic Priority + Faculty Satisfaction,20260824,30,34,93.794,93.794,93.794,0,0,92.5,1.5,0.4,0.15,0.0518
TLBO + Dynamic Priority + Faculty Satisfaction,20260824,30,35,93.794,93.794,93.794,0,0,92.5,1.5,0.4,0.15,0.0427
TLBO + Dynamic Priority + Faculty Satisfaction,20260824,30,36,93.794,93.794,93.794,0,0,92.5,1.5,0.4,0.15,0.0616
TLBO + Dynamic Priority + Faculty Satisfaction,20260824,30,37,93.794,93.794,93.794,0,0,92.5,1.5,0.4,0.15,0.0615
TLBO + Dynamic Priority + Faculty Satisfaction,20260824,30,38,93.794,93.794,93.794,0,0,92.5,1.5,0.4,0.15,0.047
TLBO + Dynamic Priority + Faculty Satisfaction,20260824,30,39,93.794,93.794,93.794,0,0,92.5,1.5,0.4,0.15,0.0476
TLBO + Dynamic Priority + Faculty Satisfaction,20260824,30,40,93.794,93.794,93.794,0,0,92.5,1.5,0.4,0.15,0.053
TLBO + Dynamic Priority + Faculty Satisfaction,20260824,30,41,93.794,93.794,93.794,0,0,92.5,1.5,0.4,0.15,0.0655
TLBO + Dynamic Priority + Faculty Satisfaction,20260824,30,42,93.794,93.794,93.794,0,0,92.5,1.5,0.4,0.15,0.051
TLBO + Dynamic Priority + Faculty Satisfaction,20260824,30,43,93.794,93.794,93.794,0,0,92.5,1.5,0.4,0.15,0.0528
TLBO + Dynamic Priority + Faculty Satisfaction,20260824,30,44,93.794,93.794,93.794,0,0,92.5,1.5,0.4,0.15,0.0514
TLBO + Dynamic Priority + Faculty Satisfaction,20260824,30,45,93.794,93.794,93.794,0,0,92.5,1.5,0.4,0.15,0.0422
TLBO + Dynamic Priority + Faculty Satisfaction,20260824,30,46,93.794,93.794,93.794,0,0,92.5,1.5,0.4,0.15,0.0681
TLBO + Dynamic Priority + Faculty Satisfaction,20260824,30,47,93.794,93.794,93.794,0,0,92.5,1.5,0.4,0.15,0.0671
TLBO + Dynamic Priority + Faculty Satisfaction,20260824,30,48,93.794,93.794,93.794,0,0,92.5,1.5,0.4,0.15,0.072
TLBO + Dynamic Priority + Faculty Satisfaction,20260824,30,49,93.794,93.794,93.794,0,0,92.5,1.5,0.4,0.15,0.0715
TLBO + Dynamic Priority + Faculty Satisfaction,20260824,30,50,93.794,93.794,93.794,0,0,92.5,1.5,0.4,0.15,0.0828
TLBO + Dynamic Priority + Faculty Satisfaction,20260825,31,1,93.184,34.8674,0.0,0,0,92.5,1.5,0.4,0.15,0.1831
TLBO + Dynamic Priority + Faculty Satisfaction,20260825,31,2,93.184,46.5154,0.0,0,0,92.5,1.5,0.4,0.15,0.1783
TLBO + Dynamic Priority + Faculty Satisfaction,20260825,31,3,93.184,58.1985,0.0,0,0,92.5,1.5,0.4,0.15,0.1446
TLBO + Dynamic Priority + Faculty Satisfaction,20260825,31,4,93.244,81.5044,0.0,0,0,92.5,1.5,0.4,0.15,0.1522
TLBO + Dynamic Priority + Faculty Satisfaction,20260825,31,5,93.3376,93.1983,92.8716,0,0,92.5,1.5,0.4,0.15,0.1391
TLBO + Dynamic Priority + Faculty Satisfaction,20260825,31,6,93.3376,93.2682,93.1644,0,0,92.5,1.5,0.4,0.15,0.1478
TLBO + Dynamic Priority + Faculty Satisfaction,20260825,31,7,93.3376,93.2899,93.184,0,0,92.5,1.5,0.4,0.15,0.0959
TLBO + Dynamic Priority + Faculty Satisfaction,20260825,31,8,93.3376,93.3091,93.2032,0,0,92.5,1.5,0.4,0.15,0.0829
TLBO + Dynamic Priority + Faculty Satisfaction,20260825,31,9,93.508,93.3512,93.244,0,0,92.5,1.5,0.4,0.15,0.1057
TLBO + Dynamic Priority + Faculty Satisfaction,20260825,31,10,93.536,93.4333,93.3376,0,0,92.5,1.5,0.4,0.15,0.1434
TLBO + Dynamic Priority + Faculty Satisfaction,20260825,31,11,93.5824,93.4887,93.37,0,0,92.5,1.5,0.4,0.15,0.1404
TLBO + Dynamic Priority + Faculty Satisfaction,20260825,31,12,93.5824,93.5246,93.472,0,0,92.5,1.5,0.4,0.15,0.1478
TLBO + Dynamic Priority + Faculty Satisfaction,20260825,31,13,93.5824,93.5517,93.508,0,0,92.5,1.5,0.4,0.15,0.1166
TLBO + Dynamic Priority + Faculty Satisfaction,20260825,31,14,93.6168,93.5746,93.536,0,0,92.5,1.5,0.4,0.15,0.1048
TLBO + Dynamic Priority + Faculty Satisfaction,20260825,31,15,93.642,93.5936,93.536,0,0,92.5,1.5,0.4,0.15,0.1333
TLBO + Dynamic Priority + Faculty Satisfaction,20260825,31,16,93.7144,93.6191,93.5824,0,0,92.5,1.5,0.4,0.15,0.1415
TLBO + Dynamic Priority + Faculty Satisfaction,20260825,31,17,93.7144,93.6403,93.5824,0,0,92.5,1.5,0.4,0.15,0.1279
TLBO + Dynamic Priority + Faculty Satisfaction,20260825,31,18,93.7144,93.6645,93.5824,0,0,92.5,1.5,0.4,0.15,0.1391
TLBO + Dynamic Priority + Faculty Satisfaction,20260825,31,19,93.7292,93.6909,93.628,0,0,92.5,1.5,0.4,0.15,0.1288
TLBO + Dynamic Priority + Faculty Satisfaction,20260825,31,20,93.7304,93.7146,93.6704,0,0,92.5,1.5,0.4,0.15,0.1222
TLBO + Dynamic Priority + Faculty Satisfaction,20260825,31,21,93.8656,93.741,93.7144,0,0,92.5,1.5,0.4,0.15,0.134
TLBO + Dynamic Priority + Faculty Satisfaction,20260825,31,22,93.8656,93.7599,93.7144,0,0,92.5,1.5,0.4,0.15,0.1476
TLBO + Dynamic Priority + Faculty Satisfaction,20260825,31,23,93.8656,93.7788,93.7144,0,0,92.5,1.5,0.4,0.15,0.1211
TLBO + Dynamic Priority + Faculty Satisfaction,20260825,31,24,93.8656,93.7977,93.7292,0,0,92.5,1.5,0.4,0.15,0.1048
TLBO + Dynamic Priority + Faculty Satisfaction,20260825,31,25,93.8656,93.8148,93.7292,0,0,92.5,1.5,0.4,0.15,0.0837
TLBO + Dynamic Priority + Faculty Satisfaction,20260825,31,26,93.8656,93.8422,93.7304,0,0,92.5,1.5,0.4,0.15,0.0733
TLBO + Dynamic Priority + Faculty Satisfaction,20260825,31,27,93.8656,93.8651,93.8616,0,0,92.5,1.5,0.4,0.15,0.0766
TLBO + Dynamic Priority + Faculty Satisfaction,20260825,31,28,93.8656,93.8656,93.8656,0,0,92.5,1.5,0.4,0.15,0.0527
TLBO + Dynamic Priority + Faculty Satisfaction,20260825,31,29,93.958,93.8882,93.8656,0,0,92.5,1.5,0.4,0.15,0.0592
TLBO + Dynamic Priority + Faculty Satisfaction,20260825,31,30,93.958,93.9163,93.8656,0,0,92.5,1.5,0.4,0.15,0.1012
TLBO + Dynamic Priority + Faculty Satisfaction,20260825,31,31,93.958,93.9394,93.8656,0,0,92.5,1.5,0.4,0.15,0.0865
TLBO + Dynamic Priority + Faculty Satisfaction,20260825,31,32,93.958,93.951,93.91,0,0,92.5,1.5,0.4,0.15,0.0979
TLBO + Dynamic Priority + Faculty Satisfaction,20260825,31,33,93.958,93.9575,93.954,0,0,92.5,1.5,0.4,0.15,0.0987
TLBO + Dynamic Priority + Faculty Satisfaction,20260825,31,34,93.958,93.958,93.958,0,0,92.5,1.5,0.4,0.15,0.0685
TLBO + Dynamic Priority + Faculty Satisfaction,20260825,31,35,93.958,93.958,93.958,0,0,92.5,1.5,0.4,0.15,0.0459
TLBO + Dynamic Priority + Faculty Satisfaction,20260825,31,36,93.958,93.958,93.958,0,0,92.5,1.5,0.4,0.15,0.0438
TLBO + Dynamic Priority + Faculty Satisfaction,20260825,31,37,93.958,93.958,93.958,0,0,92.5,1.5,0.4,0.15,0.0553
TLBO + Dynamic Priority + Faculty Satisfaction,20260825,31,38,93.958,93.958,93.958,0,0,92.5,1.5,0.4,0.15,0.0432
TLBO + Dynamic Priority + Faculty Satisfaction,20260825,31,39,93.958,93.958,93.958,0,0,92.5,1.5,0.4,0.15,0.0471
TLBO + Dynamic Priority + Faculty Satisfaction,20260825,31,40,93.958,93.958,93.958,0,0,92.5,1.5,0.4,0.15,0.0452
TLBO + Dynamic Priority + Faculty Satisfaction,20260825,31,41,93.958,93.958,93.958,0,0,92.5,1.5,0.4,0.15,0.0487
TLBO + Dynamic Priority + Faculty Satisfaction,20260825,31,42,93.958,93.958,93.958,0,0,92.5,1.5,0.4,0.15,0.0373
TLBO + Dynamic Priority + Faculty Satisfaction,20260825,31,43,93.958,93.958,93.958,0,0,92.5,1.5,0.4,0.15,0.0417
TLBO + Dynamic Priority + Faculty Satisfaction,20260825,31,44,93.958,93.958,93.958,0,0,92.5,1.5,0.4,0.15,0.0413
TLBO + Dynamic Priority + Faculty Satisfaction,20260825,31,45,93.958,93.958,93.958,0,0,92.5,1.5,0.4,0.15,0.0378
TLBO + Dynamic Priority + Faculty Satisfaction,20260825,31,46,93.958,93.958,93.958,0,0,92.5,1.5,0.4,0.15,0.0704
TLBO + Dynamic Priority + Faculty Satisfaction,20260825,31,47,93.958,93.958,93.958,0,0,92.5,1.5,0.4,0.15,0.0627
TLBO + Dynamic Priority + Faculty Satisfaction,20260825,31,48,93.958,93.958,93.958,0,0,92.5,1.5,0.4,0.15,0.0519
TLBO + Dynamic Priority + Faculty Satisfaction,20260825,31,49,93.958,93.958,93.958,0,0,92.5,1.5,0.4,0.15,0.0465
TLBO + Dynamic Priority + Faculty Satisfaction,20260825,31,50,93.958,93.958,93.958,0,0,92.5,1.5,0.4,0.15,0.0525
TLBO + Dynamic Priority + Faculty Satisfaction,20260826,32,1,92.82,46.3136,0.0,0,0,92.5,1.5,0.4,0.15,0.1878
TLBO + Dynamic Priority + Faculty Satisfaction,20260826,32,2,92.8742,57.9386,0.0,0,0,91.25,1.5,0.4,0.15,0.1726
TLBO + Dynamic Priority + Faculty Satisfaction,20260826,32,3,93.2116,69.5969,0.0,0,0,92.5,1.5,0.4,0.15,0.1686
TLBO + Dynamic Priority + Faculty Satisfaction,20260826,32,4,93.2116,81.2483,0.0,0,0,92.5,1.5,0.4,0.15,0.1701
TLBO + Dynamic Priority + Faculty Satisfaction,20260826,32,5,93.356,92.9178,92.4708,0,0,92.5,1.5,0.4,0.15,0.1473
TLBO + Dynamic Priority + Faculty Satisfaction,20260826,32,6,93.356,93.0295,92.524,0,0,92.5,1.5,0.4,0.15,0.1452
TLBO + Dynamic Priority + Faculty Satisfaction,20260826,32,7,93.356,93.1335,92.82,0,0,92.5,1.5,0.4,0.15,0.1409
TLBO + Dynamic Priority + Faculty Satisfaction,20260826,32,8,93.4148,93.2349,92.8742,0,0,92.5,1.5,0.4,0.15,0.1333
TLBO + Dynamic Priority + Faculty Satisfaction,20260826,32,9,93.618,93.3442,92.8742,0,0,92.5,1.5,0.4,0.15,0.1247
TLBO + Dynamic Priority + Faculty Satisfaction,20260826,32,10,93.618,93.4599,93.356,0,0,92.5,1.5,0.4,0.15,0.131
TLBO + Dynamic Priority + Faculty Satisfaction,20260826,32,11,93.618,93.508,93.356,0,0,92.5,1.5,0.4,0.15,0.13
TLBO + Dynamic Priority + Faculty Satisfaction,20260826,32,12,93.618,93.546,93.4148,0,0,92.5,1.5,0.4,0.15,0.1406
TLBO + Dynamic Priority + Faculty Satisfaction,20260826,32,13,93.618,93.5714,93.4148,0,0,92.5,1.5,0.4,0.15,0.0989
TLBO + Dynamic Priority + Faculty Satisfaction,20260826,32,14,93.618,93.5968,93.5292,0,0,92.5,1.5,0.4,0.15,0.0981
TLBO + Dynamic Priority + Faculty Satisfaction,20260826,32,15,93.618,93.6079,93.5372,0,0,92.5,1.5,0.4,0.15,0.0686
TLBO + Dynamic Priority + Faculty Satisfaction,20260826,32,16,93.618,93.618,93.618,0,0,92.5,1.5,0.4,0.15,0.043
TLBO + Dynamic Priority + Faculty Satisfaction,20260826,32,17,93.618,93.618,93.618,0,0,92.5,1.5,0.4,0.15,0.0515
TLBO + Dynamic Priority + Faculty Satisfaction,20260826,32,18,93.644,93.6213,93.618,0,0,92.5,1.5,0.4,0.15,0.0554
TLBO + Dynamic Priority + Faculty Satisfaction,20260826,32,19,93.648,93.632,93.618,0,0,92.5,1.5,0.4,0.15,0.1106
TLBO + Dynamic Priority + Faculty Satisfaction,20260826,32,20,93.6972,93.6484,93.618,0,0,92.5,1.5,0.4,0.15,0.1153
TLBO + Dynamic Priority + Faculty Satisfaction,20260826,32,21,93.6972,93.6682,93.648,0,0,92.5,1.5,0.4,0.15,0.14
TLBO + Dynamic Priority + Faculty Satisfaction,20260826,32,22,93.6972,93.6805,93.648,0,0,92.5,1.5,0.4,0.15,0.1068
TLBO + Dynamic Priority + Faculty Satisfaction,20260826,32,23,93.6972,93.6872,93.648,0,0,92.5,1.5,0.4,0.15,0.0903
TLBO + Dynamic Priority + Faculty Satisfaction,20260826,32,24,93.6972,93.6972,93.6972,0,0,92.5,1.5,0.4,0.15,0.0681
TLBO + Dynamic Priority + Faculty Satisfaction,20260826,32,25,93.6972,93.6972,93.6972,0,0,92.5,1.5,0.4,0.15,0.0728
TLBO + Dynamic Priority + Faculty Satisfaction,20260826,32,26,93.6972,93.6972,93.6972,0,0,92.5,1.5,0.4,0.15,0.0858
TLBO + Dynamic Priority + Faculty Satisfaction,20260826,32,27,93.6972,93.6972,93.6972,0,0,92.5,1.5,0.4,0.15,0.0709
TLBO + Dynamic Priority + Faculty Satisfaction,20260826,32,28,93.6972,93.6972,93.6972,0,0,92.5,1.5,0.4,0.15,0.055
TLBO + Dynamic Priority + Faculty Satisfaction,20260826,32,29,93.6972,93.6972,93.6972,0,0,92.5,1.5,0.4,0.15,0.0572
TLBO + Dynamic Priority + Faculty Satisfaction,20260826,32,30,93.6972,93.6972,93.6972,0,0,92.5,1.5,0.4,0.15,0.068
TLBO + Dynamic Priority + Faculty Satisfaction,20260826,32,31,93.6972,93.6972,93.6972,0,0,92.5,1.5,0.4,0.15,0.0849
TLBO + Dynamic Priority + Faculty Satisfaction,20260826,32,32,93.6972,93.6972,93.6972,0,0,92.5,1.5,0.4,0.15,0.0754
TLBO + Dynamic Priority + Faculty Satisfaction,20260826,32,33,93.6972,93.6972,93.6972,0,0,92.5,1.5,0.4,0.15,0.0673
TLBO + Dynamic Priority + Faculty Satisfaction,20260826,32,34,93.6972,93.6972,93.6972,0,0,92.5,1.5,0.4,0.15,0.071
TLBO + Dynamic Priority + Faculty Satisfaction,20260826,32,35,93.6972,93.6972,93.6972,0,0,92.5,1.5,0.4,0.15,0.0727
TLBO + Dynamic Priority + Faculty Satisfaction,20260826,32,36,93.6972,93.6972,93.6972,0,0,92.5,1.5,0.4,0.15,0.0667
TLBO + Dynamic Priority + Faculty Satisfaction,20260826,32,37,93.6972,93.6972,93.6972,0,0,92.5,1.5,0.4,0.15,0.0661
TLBO + Dynamic Priority + Faculty Satisfaction,20260826,32,38,93.6972,93.6972,93.6972,0,0,92.5,1.5,0.4,0.15,0.0649
TLBO + Dynamic Priority + Faculty Satisfaction,20260826,32,39,93.6972,93.6972,93.6972,0,0,92.5,1.5,0.4,0.15,0.0715
TLBO + Dynamic Priority + Faculty Satisfaction,20260826,32,40,93.6972,93.6972,93.6972,0,0,92.5,1.5,0.4,0.15,0.0697
TLBO + Dynamic Priority + Faculty Satisfaction,20260826,32,41,93.6972,93.6972,93.6972,0,0,92.5,1.5,0.4,0.15,0.0885
TLBO + Dynamic Priority + Faculty Satisfaction,20260826,32,42,93.6972,93.6972,93.6972,0,0,92.5,1.5,0.4,0.15,0.0846
TLBO + Dynamic Priority + Faculty Satisfaction,20260826,32,43,93.6972,93.6972,93.6972,0,0,92.5,1.5,0.4,0.15,0.0882
TLBO + Dynamic Priority + Faculty Satisfaction,20260826,32,44,93.6972,93.6972,93.6972,0,0,92.5,1.5,0.4,0.15,0.0649
TLBO + Dynamic Priority + Faculty Satisfaction,20260826,32,45,93.6972,93.6972,93.6972,0,0,92.5,1.5,0.4,0.15,0.0726
TLBO + Dynamic Priority + Faculty Satisfaction,20260826,32,46,93.6972,93.6972,93.6972,0,0,92.5,1.5,0.4,0.15,0.0539
TLBO + Dynamic Priority + Faculty Satisfaction,20260826,32,47,93.6972,93.6972,93.6972,0,0,92.5,1.5,0.4,0.15,0.054
TLBO + Dynamic Priority + Faculty Satisfaction,20260826,32,48,93.6972,93.6972,93.6972,0,0,92.5,1.5,0.4,0.15,0.0645
TLBO + Dynamic Priority + Faculty Satisfaction,20260826,32,49,93.6972,93.6972,93.6972,0,0,92.5,1.5,0.4,0.15,0.063
TLBO + Dynamic Priority + Faculty Satisfaction,20260826,32,50,93.6972,93.6972,93.6972,0,0,92.5,1.5,0.4,0.15,0.0646
TLBO + Dynamic Priority + Faculty Satisfaction,20260827,33,1,92.9032,46.3558,0.0,0,0,92.5,1.5,0.4,0.15,0.1852
TLBO + Dynamic Priority + Faculty Satisfaction,20260827,33,2,92.9032,57.9686,0.0,0,0,92.5,1.5,0.4,0.15,0.1741
TLBO + Dynamic Priority + Faculty Satisfaction,20260827,33,3,92.9032,81.1492,0.0,0,0,92.5,1.5,0.4,0.15,0.1742
TLBO + Dynamic Priority + Faculty Satisfaction,20260827,33,4,93.4312,92.8897,92.3508,0,0,92.5,1.5,0.4,0.15,0.1507
TLBO + Dynamic Priority + Faculty Satisfaction,20260827,33,5,93.4312,93.0716,92.6948,0,0,92.5,1.5,0.4,0.15,0.1497
TLBO + Dynamic Priority + Faculty Satisfaction,20260827,33,6,93.4312,93.1636,92.8972,0,0,92.5,1.5,0.4,0.15,0.1382
TLBO + Dynamic Priority + Faculty Satisfaction,20260827,33,7,93.4312,93.2549,92.9032,0,0,92.5,1.5,0.4,0.15,0.1157
TLBO + Dynamic Priority + Faculty Satisfaction,20260827,33,8,93.4312,93.3209,93.034,0,0,92.5,1.5,0.4,0.15,0.1162
TLBO + Dynamic Priority + Faculty Satisfaction,20260827,33,9,93.4312,93.3705,93.0992,0,0,92.5,1.5,0.4,0.15,0.0838
TLBO + Dynamic Priority + Faculty Satisfaction,20260827,33,10,93.4312,93.412,93.2776,0,0,92.5,1.5,0.4,0.15,0.0807
TLBO + Dynamic Priority + Faculty Satisfaction,20260827,33,11,93.538,93.4446,93.4312,0,0,92.5,1.5,0.4,0.15,0.0663
TLBO + Dynamic Priority + Faculty Satisfaction,20260827,33,12,93.5764,93.4886,93.4312,0,0,92.5,1.5,0.4,0.15,0.1132
TLBO + Dynamic Priority + Faculty Satisfaction,20260827,33,13,93.5764,93.5381,93.466,0,0,92.5,1.5,0.4,0.15,0.1246
TLBO + Dynamic Priority + Faculty Satisfaction,20260827,33,14,93.5764,93.5764,93.5764,0,0,92.5,1.5,0.4,0.15,0.1214
TLBO + Dynamic Priority + Faculty Satisfaction,20260827,33,15,93.5764,93.5764,93.5764,0,0,92.5,1.5,0.4,0.15,0.0505
TLBO + Dynamic Priority + Faculty Satisfaction,20260827,33,16,93.5764,93.5764,93.5764,0,0,92.5,1.5,0.4,0.15,0.0677
TLBO + Dynamic Priority + Faculty Satisfaction,20260827,33,17,93.5764,93.5764,93.5764,0,0,92.5,1.5,0.4,0.15,0.0517
TLBO + Dynamic Priority + Faculty Satisfaction,20260827,33,18,93.5764,93.5764,93.5764,0,0,92.5,1.5,0.4,0.15,0.0631
TLBO + Dynamic Priority + Faculty Satisfaction,20260827,33,19,93.5764,93.5764,93.5764,0,0,92.5,1.5,0.4,0.15,0.0625
TLBO + Dynamic Priority + Faculty Satisfaction,20260827,33,20,93.5764,93.5764,93.5764,0,0,92.5,1.5,0.4,0.15,0.0536
TLBO + Dynamic Priority + Faculty Satisfaction,20260827,33,21,93.5764,93.5764,93.5764,0,0,92.5,1.5,0.4,0.15,0.0601
TLBO + Dynamic Priority + Faculty Satisfaction,20260827,33,22,93.5764,93.5764,93.5764,0,0,92.5,1.5,0.4,0.15,0.0657
TLBO + Dynamic Priority + Faculty Satisfaction,20260827,33,23,93.5764,93.5764,93.5764,0,0,92.5,1.5,0.4,0.15,0.0669
TLBO + Dynamic Priority + Faculty Satisfaction,20260827,33,24,93.5764,93.5764,93.5764,0,0,92.5,1.5,0.4,0.15,0.0669
TLBO + Dynamic Priority + Faculty Satisfaction,20260827,33,25,93.5764,93.5764,93.5764,0,0,92.5,1.5,0.4,0.15,0.065
TLBO + Dynamic Priority + Faculty Satisfaction,20260827,33,26,93.5764,93.5764,93.5764,0,0,92.5,1.5,0.4,0.15,0.0584
TLBO + Dynamic Priority + Faculty Satisfaction,20260827,33,27,93.5764,93.5764,93.5764,0,0,92.5,1.5,0.4,0.15,0.0702
TLBO + Dynamic Priority + Faculty Satisfaction,20260827,33,28,93.5764,93.5764,93.5764,0,0,92.5,1.5,0.4,0.15,0.0707
TLBO + Dynamic Priority + Faculty Satisfaction,20260827,33,29,93.5764,93.5764,93.5764,0,0,92.5,1.5,0.4,0.15,0.062
TLBO + Dynamic Priority + Faculty Satisfaction,20260827,33,30,93.5764,93.5764,93.5764,0,0,92.5,1.5,0.4,0.15,0.0649
TLBO + Dynamic Priority + Faculty Satisfaction,20260827,33,31,93.5764,93.5764,93.5764,0,0,92.5,1.5,0.4,0.15,0.0813
TLBO + Dynamic Priority + Faculty Satisfaction,20260827,33,32,93.5764,93.5764,93.5764,0,0,92.5,1.5,0.4,0.15,0.0603
TLBO + Dynamic Priority + Faculty Satisfaction,20260827,33,33,93.5764,93.5764,93.5764,0,0,92.5,1.5,0.4,0.15,0.0588
TLBO + Dynamic Priority + Faculty Satisfaction,20260827,33,34,93.5764,93.5764,93.5764,0,0,92.5,1.5,0.4,0.15,0.0479
TLBO + Dynamic Priority + Faculty Satisfaction,20260827,33,35,93.5764,93.5764,93.5764,0,0,92.5,1.5,0.4,0.15,0.047
TLBO + Dynamic Priority + Faculty Satisfaction,20260827,33,36,93.5764,93.5764,93.5764,0,0,92.5,1.5,0.4,0.15,0.0501
TLBO + Dynamic Priority + Faculty Satisfaction,20260827,33,37,93.5764,93.5764,93.5764,0,0,92.5,1.5,0.4,0.15,0.0525
TLBO + Dynamic Priority + Faculty Satisfaction,20260827,33,38,93.5764,93.5764,93.5764,0,0,92.5,1.5,0.4,0.15,0.0597
TLBO + Dynamic Priority + Faculty Satisfaction,20260827,33,39,93.5764,93.5764,93.5764,0,0,92.5,1.5,0.4,0.15,0.0524
TLBO + Dynamic Priority + Faculty Satisfaction,20260827,33,40,93.5764,93.5764,93.5764,0,0,92.5,1.5,0.4,0.15,0.0552
TLBO + Dynamic Priority + Faculty Satisfaction,20260827,33,41,93.5764,93.5764,93.5764,0,0,92.5,1.5,0.4,0.15,0.0436
TLBO + Dynamic Priority + Faculty Satisfaction,20260827,33,42,93.5764,93.5764,93.5764,0,0,92.5,1.5,0.4,0.15,0.0577
TLBO + Dynamic Priority + Faculty Satisfaction,20260827,33,43,93.5764,93.5764,93.5764,0,0,92.5,1.5,0.4,0.15,0.0458
TLBO + Dynamic Priority + Faculty Satisfaction,20260827,33,44,93.5764,93.5764,93.5764,0,0,92.5,1.5,0.4,0.15,0.0423
TLBO + Dynamic Priority + Faculty Satisfaction,20260827,33,45,93.5764,93.5764,93.5764,0,0,92.5,1.5,0.4,0.15,0.0553
TLBO + Dynamic Priority + Faculty Satisfaction,20260827,33,46,93.5764,93.5764,93.5764,0,0,92.5,1.5,0.4,0.15,0.0562
TLBO + Dynamic Priority + Faculty Satisfaction,20260827,33,47,93.5764,93.5764,93.5764,0,0,92.5,1.5,0.4,0.15,0.0557
TLBO + Dynamic Priority + Faculty Satisfaction,20260827,33,48,93.5764,93.5764,93.5764,0,0,92.5,1.5,0.4,0.15,0.0498
TLBO + Dynamic Priority + Faculty Satisfaction,20260827,33,49,93.5764,93.5764,93.5764,0,0,92.5,1.5,0.4,0.15,0.0479
TLBO + Dynamic Priority + Faculty Satisfaction,20260827,33,50,93.5764,93.5764,93.5764,0,0,92.5,1.5,0.4,0.15,0.0433
TLBO + Dynamic Priority + Faculty Satisfaction,20260828,34,1,93.2072,46.4486,0.0,0,0,92.5,1.5,0.4,0.15,0.1801
TLBO + Dynamic Priority + Faculty Satisfaction,20260828,34,2,93.2072,58.0995,0.0,0,0,92.5,1.5,0.4,0.15,0.1664
TLBO + Dynamic Priority + Faculty Satisfaction,20260828,34,3,93.6204,81.4587,0.0,0,0,92.5,1.5,0.4,0.15,0.1585
TLBO + Dynamic Priority + Faculty Satisfaction,20260828,34,4,93.6204,93.2007,92.6064,0,0,92.5,1.5,0.4,0.15,0.1493
TLBO + Dynamic Priority + Faculty Satisfaction,20260828,34,5,93.6204,93.3275,92.8236,0,0,92.5,1.5,0.4,0.15,0.1096
TLBO + Dynamic Priority + Faculty Satisfaction,20260828,34,6,93.6204,93.4414,93.2072,0,0,92.5,1.5,0.4,0.15,0.1138
TLBO + Dynamic Priority + Faculty Satisfaction,20260828,34,7,93.6204,93.5251,93.2072,0,0,92.5,1.5,0.4,0.15,0.1125
TLBO + Dynamic Priority + Faculty Satisfaction,20260828,34,8,93.6984,93.5958,93.3136,0,0,92.5,1.5,0.4,0.15,0.1118
TLBO + Dynamic Priority + Faculty Satisfaction,20260828,34,9,93.8256,93.6603,93.578,0,0,92.5,1.5,0.4,0.15,0.1171
TLBO + Dynamic Priority + Faculty Satisfaction,20260828,34,10,93.87,93.728,93.6204,0,0,92.5,1.5,0.4,0.15,0.117
TLBO + Dynamic Priority + Faculty Satisfaction,20260828,34,11,93.87,93.7831,93.6204,0,0,92.5,1.5,0.4,0.15,0.1423
TLBO + Dynamic Priority + Faculty Satisfaction,20260828,34,12,93.87,93.8143,93.6984,0,0,92.5,1.5,0.4,0.15,0.1249
TLBO + Dynamic Priority + Faculty Satisfaction,20260828,34,13,93.87,93.8498,93.8112,0,0,92.5,1.5,0.4,0.15,0.1047
TLBO + Dynamic Priority + Faculty Satisfaction,20260828,34,14,93.87,93.8627,93.8256,0,0,92.5,1.5,0.4,0.15,0.0775
TLBO + Dynamic Priority + Faculty Satisfaction,20260828,34,15,93.918,93.876,93.87,0,0,92.5,1.5,0.4,0.15,0.07
TLBO + Dynamic Priority + Faculty Satisfaction,20260828,34,16,93.918,93.888,93.87,0,0,92.5,1.5,0.4,0.15,0.0935
TLBO + Dynamic Priority + Faculty Satisfaction,20260828,34,17,93.918,93.894,93.87,0,0,92.5,1.5,0.4,0.15,0.1006
TLBO + Dynamic Priority + Faculty Satisfaction,20260828,34,18,93.918,93.9,93.87,0,0,92.5,1.5,0.4,0.15,0.1069
TLBO + Dynamic Priority + Faculty Satisfaction,20260828,34,19,93.918,93.912,93.87,0,0,92.5,1.5,0.4,0.15,0.0886
TLBO + Dynamic Priority + Faculty Satisfaction,20260828,34,20,93.918,93.918,93.918,0,0,92.5,1.5,0.4,0.15,0.0744
TLBO + Dynamic Priority + Faculty Satisfaction,20260828,34,21,93.9672,93.9242,93.918,0,0,92.5,1.5,0.4,0.15,0.0839
TLBO + Dynamic Priority + Faculty Satisfaction,20260828,34,22,93.9672,93.9303,93.918,0,0,92.5,1.5,0.4,0.15,0.1037
TLBO + Dynamic Priority + Faculty Satisfaction,20260828,34,23,93.9672,93.9426,93.918,0,0,92.5,1.5,0.4,0.15,0.089
TLBO + Dynamic Priority + Faculty Satisfaction,20260828,34,24,93.9672,93.9488,93.918,0,0,92.5,1.5,0.4,0.15,0.0772
TLBO + Dynamic Priority + Faculty Satisfaction,20260828,34,25,93.9672,93.9611,93.918,0,0,92.5,1.5,0.4,0.15,0.0806
TLBO + Dynamic Priority + Faculty Satisfaction,20260828,34,26,93.9672,93.9672,93.9672,0,0,92.5,1.5,0.4,0.15,0.0654
TLBO + Dynamic Priority + Faculty Satisfaction,20260828,34,27,93.9672,93.9672,93.9672,0,0,92.5,1.5,0.4,0.15,0.0611
TLBO + Dynamic Priority + Faculty Satisfaction,20260828,34,28,93.9672,93.9672,93.9672,0,0,92.5,1.5,0.4,0.15,0.0646
TLBO + Dynamic Priority + Faculty Satisfaction,20260828,34,29,93.9672,93.9672,93.9672,0,0,92.5,1.5,0.4,0.15,0.0538
TLBO + Dynamic Priority + Faculty Satisfaction,20260828,34,30,93.9672,93.9672,93.9672,0,0,92.5,1.5,0.4,0.15,0.0453
TLBO + Dynamic Priority + Faculty Satisfaction,20260828,34,31,93.9672,93.9672,93.9672,0,0,92.5,1.5,0.4,0.15,0.0451
TLBO + Dynamic Priority + Faculty Satisfaction,20260828,34,32,93.9672,93.9672,93.9672,0,0,92.5,1.5,0.4,0.15,0.0432
TLBO + Dynamic Priority + Faculty Satisfaction,20260828,34,33,93.9672,93.9672,93.9672,0,0,92.5,1.5,0.4,0.15,0.0478
TLBO + Dynamic Priority + Faculty Satisfaction,20260828,34,34,93.9672,93.9672,93.9672,0,0,92.5,1.5,0.4,0.15,0.0466
TLBO + Dynamic Priority + Faculty Satisfaction,20260828,34,35,93.9672,93.9672,93.9672,0,0,92.5,1.5,0.4,0.15,0.0471
TLBO + Dynamic Priority + Faculty Satisfaction,20260828,34,36,93.9672,93.9672,93.9672,0,0,92.5,1.5,0.4,0.15,0.0541
TLBO + Dynamic Priority + Faculty Satisfaction,20260828,34,37,93.9672,93.9672,93.9672,0,0,92.5,1.5,0.4,0.15,0.039
TLBO + Dynamic Priority + Faculty Satisfaction,20260828,34,38,93.9672,93.9672,93.9672,0,0,92.5,1.5,0.4,0.15,0.0539
TLBO + Dynamic Priority + Faculty Satisfaction,20260828,34,39,93.9672,93.9672,93.9672,0,0,92.5,1.5,0.4,0.15,0.059
TLBO + Dynamic Priority + Faculty Satisfaction,20260828,34,40,93.9672,93.9672,93.9672,0,0,92.5,1.5,0.4,0.15,0.0515
TLBO + Dynamic Priority + Faculty Satisfaction,20260828,34,41,93.9672,93.9672,93.9672,0,0,92.5,1.5,0.4,0.15,0.0391
TLBO + Dynamic Priority + Faculty Satisfaction,20260828,34,42,93.9672,93.9672,93.9672,0,0,92.5,1.5,0.4,0.15,0.0544
TLBO + Dynamic Priority + Faculty Satisfaction,20260828,34,43,93.9672,93.9672,93.9672,0,0,92.5,1.5,0.4,0.15,0.0466
TLBO + Dynamic Priority + Faculty Satisfaction,20260828,34,44,93.9672,93.9672,93.9672,0,0,92.5,1.5,0.4,0.15,0.0511
TLBO + Dynamic Priority + Faculty Satisfaction,20260828,34,45,93.9672,93.9672,93.9672,0,0,92.5,1.5,0.4,0.15,0.0564
TLBO + Dynamic Priority + Faculty Satisfaction,20260828,34,46,93.9672,93.9672,93.9672,0,0,92.5,1.5,0.4,0.15,0.0469
TLBO + Dynamic Priority + Faculty Satisfaction,20260828,34,47,93.9672,93.9672,93.9672,0,0,92.5,1.5,0.4,0.15,0.0466
TLBO + Dynamic Priority + Faculty Satisfaction,20260828,34,48,93.9672,93.9672,93.9672,0,0,92.5,1.5,0.4,0.15,0.0432
TLBO + Dynamic Priority + Faculty Satisfaction,20260828,34,49,93.9672,93.9672,93.9672,0,0,92.5,1.5,0.4,0.15,0.0497
TLBO + Dynamic Priority + Faculty Satisfaction,20260828,34,50,93.9672,93.9672,93.9672,0,0,92.5,1.5,0.4,0.15,0.0435
TLBO + Dynamic Priority + Faculty Satisfaction,20260829,35,1,93.52,46.2947,0.0,0,0,92.5,1.5,0.4,0.15,0.1907
TLBO + Dynamic Priority + Faculty Satisfaction,20260829,35,2,93.52,81.2222,0.0,0,0,92.5,1.5,0.4,0.15,0.1651
TLBO + Dynamic Priority + Faculty Satisfaction,20260829,35,3,93.52,92.9763,92.1492,0,0,92.5,1.5,0.4,0.15,0.1612
TLBO + Dynamic Priority + Faculty Satisfaction,20260829,35,4,93.52,93.1476,92.236,0,0,92.5,1.5,0.4,0.15,0.1387
TLBO + Dynamic Priority + Faculty Satisfaction,20260829,35,5,93.52,93.3081,92.752,0,0,92.5,1.5,0.4,0.15,0.1208
TLBO + Dynamic Priority + Faculty Satisfaction,20260829,35,6,93.522,93.4044,92.8252,0,0,92.5,1.5,0.4,0.15,0.1226
TLBO + Dynamic Priority + Faculty Satisfaction,20260829,35,7,93.7872,93.5249,93.288,0,0,92.5,1.5,0.4,0.15,0.1293
TLBO + Dynamic Priority + Faculty Satisfaction,20260829,35,8,93.7872,93.6466,93.52,0,0,92.5,1.5,0.4,0.15,0.1282
TLBO + Dynamic Priority + Faculty Satisfaction,20260829,35,9,93.7872,93.6955,93.522,0,0,92.5,1.5,0.4,0.15,0.1084
TLBO + Dynamic Priority + Faculty Satisfaction,20260829,35,10,93.7872,93.7387,93.522,0,0,92.5,1.5,0.4,0.15,0.0802
TLBO + Dynamic Priority + Faculty Satisfaction,20260829,35,11,93.7872,93.7872,93.7872,0,0,92.5,1.5,0.4,0.15,0.0727
TLBO + Dynamic Priority + Faculty Satisfaction,20260829,35,12,93.7872,93.7872,93.7872,0,0,92.5,1.5,0.4,0.15,0.05
TLBO + Dynamic Priority + Faculty Satisfaction,20260829,35,13,93.7872,93.7872,93.7872,0,0,92.5,1.5,0.4,0.15,0.0538
TLBO + Dynamic Priority + Faculty Satisfaction,20260829,35,14,93.7872,93.7872,93.7872,0,0,92.5,1.5,0.4,0.15,0.0656
TLBO + Dynamic Priority + Faculty Satisfaction,20260829,35,15,93.7872,93.7872,93.7872,0,0,92.5,1.5,0.4,0.15,0.0426
TLBO + Dynamic Priority + Faculty Satisfaction,20260829,35,16,93.7872,93.7872,93.7872,0,0,92.5,1.5,0.4,0.15,0.0419
TLBO + Dynamic Priority + Faculty Satisfaction,20260829,35,17,93.7872,93.7872,93.7872,0,0,92.5,1.5,0.4,0.15,0.0433
TLBO + Dynamic Priority + Faculty Satisfaction,20260829,35,18,93.7872,93.7872,93.7872,0,0,92.5,1.5,0.4,0.15,0.0507
TLBO + Dynamic Priority + Faculty Satisfaction,20260829,35,19,93.7872,93.7872,93.7872,0,0,92.5,1.5,0.4,0.15,0.0501
TLBO + Dynamic Priority + Faculty Satisfaction,20260829,35,20,93.7872,93.7872,93.7872,0,0,92.5,1.5,0.4,0.15,0.0427
TLBO + Dynamic Priority + Faculty Satisfaction,20260829,35,21,93.7872,93.7872,93.7872,0,0,92.5,1.5,0.4,0.15,0.0532
TLBO + Dynamic Priority + Faculty Satisfaction,20260829,35,22,93.7872,93.7872,93.7872,0,0,92.5,1.5,0.4,0.15,0.0466
TLBO + Dynamic Priority + Faculty Satisfaction,20260829,35,23,93.7872,93.7872,93.7872,0,0,92.5,1.5,0.4,0.15,0.0541
TLBO + Dynamic Priority + Faculty Satisfaction,20260829,35,24,93.7872,93.7872,93.7872,0,0,92.5,1.5,0.4,0.15,0.0698
TLBO + Dynamic Priority + Faculty Satisfaction,20260829,35,25,93.7872,93.7872,93.7872,0,0,92.5,1.5,0.4,0.15,0.0376
TLBO + Dynamic Priority + Faculty Satisfaction,20260829,35,26,93.8056,93.7895,93.7872,0,0,92.5,1.5,0.4,0.15,0.0674
TLBO + Dynamic Priority + Faculty Satisfaction,20260829,35,27,93.8056,93.7918,93.7872,0,0,92.5,1.5,0.4,0.15,0.0789
TLBO + Dynamic Priority + Faculty Satisfaction,20260829,35,28,93.8056,93.7941,93.7872,0,0,92.5,1.5,0.4,0.15,0.1094
TLBO + Dynamic Priority + Faculty Satisfaction,20260829,35,29,93.8056,93.7964,93.7872,0,0,92.5,1.5,0.4,0.15,0.0864
TLBO + Dynamic Priority + Faculty Satisfaction,20260829,35,30,93.8056,93.7992,93.7872,0,0,92.5,1.5,0.4,0.15,0.0767
TLBO + Dynamic Priority + Faculty Satisfaction,20260829,35,31,93.8056,93.8015,93.7872,0,0,92.5,1.5,0.4,0.15,0.081
TLBO + Dynamic Priority + Faculty Satisfaction,20260829,35,32,93.8056,93.8038,93.7912,0,0,92.5,1.5,0.4,0.15,0.0903
TLBO + Dynamic Priority + Faculty Satisfaction,20260829,35,33,93.8056,93.8056,93.8056,0,0,92.5,1.5,0.4,0.15,0.0431
TLBO + Dynamic Priority + Faculty Satisfaction,20260829,35,34,93.8056,93.8056,93.8056,0,0,92.5,1.5,0.4,0.15,0.0529
TLBO + Dynamic Priority + Faculty Satisfaction,20260829,35,35,93.8056,93.8056,93.8056,0,0,92.5,1.5,0.4,0.15,0.0543
TLBO + Dynamic Priority + Faculty Satisfaction,20260829,35,36,93.8056,93.8056,93.8056,0,0,92.5,1.5,0.4,0.15,0.048
TLBO + Dynamic Priority + Faculty Satisfaction,20260829,35,37,93.8056,93.8056,93.8056,0,0,92.5,1.5,0.4,0.15,0.0485
TLBO + Dynamic Priority + Faculty Satisfaction,20260829,35,38,93.8056,93.8056,93.8056,0,0,92.5,1.5,0.4,0.15,0.0473
TLBO + Dynamic Priority + Faculty Satisfaction,20260829,35,39,93.8056,93.8056,93.8056,0,0,92.5,1.5,0.4,0.15,0.0464
TLBO + Dynamic Priority + Faculty Satisfaction,20260829,35,40,93.8056,93.8056,93.8056,0,0,92.5,1.5,0.4,0.15,0.0504
TLBO + Dynamic Priority + Faculty Satisfaction,20260829,35,41,93.8056,93.8056,93.8056,0,0,92.5,1.5,0.4,0.15,0.0461
TLBO + Dynamic Priority + Faculty Satisfaction,20260829,35,42,93.8056,93.8056,93.8056,0,0,92.5,1.5,0.4,0.15,0.0525
TLBO + Dynamic Priority + Faculty Satisfaction,20260829,35,43,93.8056,93.8056,93.8056,0,0,92.5,1.5,0.4,0.15,0.0526
TLBO + Dynamic Priority + Faculty Satisfaction,20260829,35,44,93.8056,93.8056,93.8056,0,0,92.5,1.5,0.4,0.15,0.0535
TLBO + Dynamic Priority + Faculty Satisfaction,20260829,35,45,93.8056,93.8056,93.8056,0,0,92.5,1.5,0.4,0.15,0.0567
TLBO + Dynamic Priority + Faculty Satisfaction,20260829,35,46,93.8056,93.8056,93.8056,0,0,92.5,1.5,0.4,0.15,0.0463
TLBO + Dynamic Priority + Faculty Satisfaction,20260829,35,47,93.8056,93.8056,93.8056,0,0,92.5,1.5,0.4,0.15,0.0598
TLBO + Dynamic Priority + Faculty Satisfaction,20260829,35,48,93.8056,93.8056,93.8056,0,0,92.5,1.5,0.4,0.15,0.0478
TLBO + Dynamic Priority + Faculty Satisfaction,20260829,35,49,93.8056,93.8056,93.8056,0,0,92.5,1.5,0.4,0.15,0.053
TLBO + Dynamic Priority + Faculty Satisfaction,20260829,35,50,93.8056,93.8056,93.8056,0,0,92.5,1.5,0.4,0.15,0.0515
TLBO + Dynamic Priority + Faculty Satisfaction,20260830,36,1,93.5124,46.4801,0.0,0,0,92.5,1.5,0.4,0.15,0.1986
TLBO + Dynamic Priority + Faculty Satisfaction,20260830,36,2,93.5124,58.1692,0.0,0,0,92.5,1.5,0.4,0.15,0.1688
TLBO + Dynamic Priority + Faculty Satisfaction,20260830,36,3,93.5468,69.8769,0.0,0,0,92.5,1.5,0.4,0.15,0.1512
TLBO + Dynamic Priority + Faculty Satisfaction,20260830,36,4,93.5468,81.5702,0.0,0,0,92.5,1.5,0.4,0.15,0.1625
TLBO + Dynamic Priority + Faculty Satisfaction,20260830,36,5,93.5468,93.4087,92.8948,0,0,92.5,1.5,0.4,0.15,0.1341
TLBO + Dynamic Priority + Faculty Satisfaction,20260830,36,6,93.5468,93.4945,93.3116,0,0,92.5,1.5,0.4,0.15,0.1077
TLBO + Dynamic Priority + Faculty Satisfaction,20260830,36,7,93.5468,93.5239,93.398,0,0,92.5,1.5,0.4,0.15,0.1004
TLBO + Dynamic Priority + Faculty Satisfaction,20260830,36,8,93.5468,93.5468,93.5468,0,0,92.5,1.5,0.4,0.15,0.0603
TLBO + Dynamic Priority + Faculty Satisfaction,20260830,36,9,93.5468,93.5468,93.5468,0,0,92.5,1.5,0.4,0.15,0.0511
TLBO + Dynamic Priority + Faculty Satisfaction,20260830,36,10,93.5468,93.5468,93.5468,0,0,92.5,1.5,0.4,0.15,0.0414
TLBO + Dynamic Priority + Faculty Satisfaction,20260830,36,11,93.5468,93.5468,93.5468,0,0,92.5,1.5,0.4,0.15,0.0484
TLBO + Dynamic Priority + Faculty Satisfaction,20260830,36,12,93.5468,93.5468,93.5468,0,0,92.5,1.5,0.4,0.15,0.0512
TLBO + Dynamic Priority + Faculty Satisfaction,20260830,36,13,93.6444,93.559,93.5468,0,0,92.5,1.5,0.4,0.15,0.0665
TLBO + Dynamic Priority + Faculty Satisfaction,20260830,36,14,93.6852,93.6156,93.5468,0,0,92.5,1.5,0.4,0.15,0.109
TLBO + Dynamic Priority + Faculty Satisfaction,20260830,36,15,93.6852,93.6522,93.5864,0,0,92.5,1.5,0.4,0.15,0.1314
TLBO + Dynamic Priority + Faculty Satisfaction,20260830,36,16,93.7272,93.6859,93.6532,0,0,92.5,1.5,0.4,0.15,0.1032
TLBO + Dynamic Priority + Faculty Satisfaction,20260830,36,17,93.7332,93.7069,93.6852,0,0,92.5,1.5,0.4,0.15,0.1449
TLBO + Dynamic Priority + Faculty Satisfaction,20260830,36,18,93.7332,93.7182,93.6852,0,0,92.5,1.5,0.4,0.15,0.1238
TLBO + Dynamic Priority + Faculty Satisfaction,20260830,36,19,93.7332,93.7249,93.6852,0,0,92.5,1.5,0.4,0.15,0.1176
TLBO + Dynamic Priority + Faculty Satisfaction,20260830,36,20,93.7332,93.7317,93.7272,0,0,92.5,1.5,0.4,0.15,0.1171
TLBO + Dynamic Priority + Faculty Satisfaction,20260830,36,21,93.7332,93.7325,93.7272,0,0,92.5,1.5,0.4,0.15,0.12
TLBO + Dynamic Priority + Faculty Satisfaction,20260830,36,22,93.7332,93.7332,93.7332,0,0,92.5,1.5,0.4,0.15,0.108
TLBO + Dynamic Priority + Faculty Satisfaction,20260830,36,23,93.7332,93.7332,93.7332,0,0,92.5,1.5,0.4,0.15,0.0793
TLBO + Dynamic Priority + Faculty Satisfaction,20260830,36,24,93.7332,93.7332,93.7332,0,0,92.5,1.5,0.4,0.15,0.064
TLBO + Dynamic Priority + Faculty Satisfaction,20260830,36,25,93.7332,93.7332,93.7332,0,0,92.5,1.5,0.4,0.15,0.0774
TLBO + Dynamic Priority + Faculty Satisfaction,20260830,36,26,93.7332,93.7332,93.7332,0,0,92.5,1.5,0.4,0.15,0.0577
TLBO + Dynamic Priority + Faculty Satisfaction,20260830,36,27,93.7332,93.7332,93.7332,0,0,92.5,1.5,0.4,0.15,0.0986
TLBO + Dynamic Priority + Faculty Satisfaction,20260830,36,28,93.7332,93.7332,93.7332,0,0,92.5,1.5,0.4,0.15,0.0766
TLBO + Dynamic Priority + Faculty Satisfaction,20260830,36,29,93.7332,93.7332,93.7332,0,0,92.5,1.5,0.4,0.15,0.0627
TLBO + Dynamic Priority + Faculty Satisfaction,20260830,36,30,93.7332,93.7332,93.7332,0,0,92.5,1.5,0.4,0.15,0.0536
TLBO + Dynamic Priority + Faculty Satisfaction,20260830,36,31,93.7332,93.7332,93.7332,0,0,92.5,1.5,0.4,0.15,0.06
TLBO + Dynamic Priority + Faculty Satisfaction,20260830,36,32,93.7332,93.7332,93.7332,0,0,92.5,1.5,0.4,0.15,0.0564
TLBO + Dynamic Priority + Faculty Satisfaction,20260830,36,33,93.7332,93.7332,93.7332,0,0,92.5,1.5,0.4,0.15,0.0507
TLBO + Dynamic Priority + Faculty Satisfaction,20260830,36,34,93.7332,93.7332,93.7332,0,0,92.5,1.5,0.4,0.15,0.0501
TLBO + Dynamic Priority + Faculty Satisfaction,20260830,36,35,93.7332,93.7332,93.7332,0,0,92.5,1.5,0.4,0.15,0.0464
TLBO + Dynamic Priority + Faculty Satisfaction,20260830,36,36,93.7332,93.7332,93.7332,0,0,92.5,1.5,0.4,0.15,0.0495
TLBO + Dynamic Priority + Faculty Satisfaction,20260830,36,37,93.7332,93.7332,93.7332,0,0,92.5,1.5,0.4,0.15,0.041
TLBO + Dynamic Priority + Faculty Satisfaction,20260830,36,38,93.7332,93.7332,93.7332,0,0,92.5,1.5,0.4,0.15,0.0377
TLBO + Dynamic Priority + Faculty Satisfaction,20260830,36,39,93.7332,93.7332,93.7332,0,0,92.5,1.5,0.4,0.15,0.0557
TLBO + Dynamic Priority + Faculty Satisfaction,20260830,36,40,93.7332,93.7332,93.7332,0,0,92.5,1.5,0.4,0.15,0.0574
TLBO + Dynamic Priority + Faculty Satisfaction,20260830,36,41,93.7332,93.7332,93.7332,0,0,92.5,1.5,0.4,0.15,0.0559
TLBO + Dynamic Priority + Faculty Satisfaction,20260830,36,42,93.7332,93.7332,93.7332,0,0,92.5,1.5,0.4,0.15,0.0476
TLBO + Dynamic Priority + Faculty Satisfaction,20260830,36,43,93.7332,93.7332,93.7332,0,0,92.5,1.5,0.4,0.15,0.0472
TLBO + Dynamic Priority + Faculty Satisfaction,20260830,36,44,93.7332,93.7332,93.7332,0,0,92.5,1.5,0.4,0.15,0.0495
TLBO + Dynamic Priority + Faculty Satisfaction,20260830,36,45,93.7332,93.7332,93.7332,0,0,92.5,1.5,0.4,0.15,0.0477
TLBO + Dynamic Priority + Faculty Satisfaction,20260830,36,46,93.7332,93.7332,93.7332,0,0,92.5,1.5,0.4,0.15,0.0542
TLBO + Dynamic Priority + Faculty Satisfaction,20260830,36,47,93.7332,93.7332,93.7332,0,0,92.5,1.5,0.4,0.15,0.0528
TLBO + Dynamic Priority + Faculty Satisfaction,20260830,36,48,93.7332,93.7332,93.7332,0,0,92.5,1.5,0.4,0.15,0.0538
TLBO + Dynamic Priority + Faculty Satisfaction,20260830,36,49,93.7716,93.738,93.7332,0,0,92.5,1.5,0.4,0.15,0.0563
TLBO + Dynamic Priority + Faculty Satisfaction,20260830,36,50,93.7716,93.7428,93.7332,0,0,92.5,1.5,0.4,0.15,0.0943
TLBO + Dynamic Priority + Faculty Satisfaction,20260831,37,1,93.3316,46.4656,0.0,0,0,92.5,1.5,0.4,0.15,0.1915
TLBO + Dynamic Priority + Faculty Satisfaction,20260831,37,2,93.3316,58.2255,0.0,0,0,92.5,1.5,0.4,0.15,0.1829
TLBO + Dynamic Priority + Faculty Satisfaction,20260831,37,3,93.3316,81.534,0.0,0,0,92.5,1.5,0.4,0.15,0.1431
TLBO + Dynamic Priority + Faculty Satisfaction,20260831,37,4,93.5964,93.3318,93.1364,0,0,92.5,1.5,0.4,0.15,0.129
TLBO + Dynamic Priority + Faculty Satisfaction,20260831,37,5,93.5964,93.3893,93.224,0,0,92.5,1.5,0.4,0.15,0.1372
TLBO + Dynamic Priority + Faculty Satisfaction,20260831,37,6,93.5964,93.4371,93.3316,0,0,92.5,1.5,0.4,0.15,0.1343
TLBO + Dynamic Priority + Faculty Satisfaction,20260831,37,7,93.5964,93.4702,93.3316,0,0,92.5,1.5,0.4,0.15,0.1302
TLBO + Dynamic Priority + Faculty Satisfaction,20260831,37,8,93.5964,93.5133,93.3316,0,0,92.5,1.5,0.4,0.15,0.1212
TLBO + Dynamic Priority + Faculty Satisfaction,20260831,37,9,93.7272,93.5683,93.3712,0,0,92.5,1.5,0.4,0.15,0.1118
TLBO + Dynamic Priority + Faculty Satisfaction,20260831,37,10,93.7272,93.6582,93.4216,0,0,92.5,1.5,0.4,0.15,0.1206
TLBO + Dynamic Priority + Faculty Satisfaction,20260831,37,11,93.7272,93.7069,93.6108,0,0,92.5,1.5,0.4,0.15,0.0782
TLBO + Dynamic Priority + Faculty Satisfaction,20260831,37,12,93.7272,93.7267,93.7232,0,0,92.5,1.5,0.4,0.15,0.0794
TLBO + Dynamic Priority + Faculty Satisfaction,20260831,37,13,93.7272,93.7272,93.7272,0,0,92.5,1.5,0.4,0.15,0.0439
TLBO + Dynamic Priority + Faculty Satisfaction,20260831,37,14,93.7272,93.7272,93.7272,0,0,92.5,1.5,0.4,0.15,0.0415
TLBO + Dynamic Priority + Faculty Satisfaction,20260831,37,15,93.7272,93.7272,93.7272,0,0,92.5,1.5,0.4,0.15,0.0382
TLBO + Dynamic Priority + Faculty Satisfaction,20260831,37,16,93.7272,93.7272,93.7272,0,0,92.5,1.5,0.4,0.15,0.0424
TLBO + Dynamic Priority + Faculty Satisfaction,20260831,37,17,93.7272,93.7272,93.7272,0,0,92.5,1.5,0.4,0.15,0.0491
TLBO + Dynamic Priority + Faculty Satisfaction,20260831,37,18,93.7272,93.7272,93.7272,0,0,92.5,1.5,0.4,0.15,0.0484
TLBO + Dynamic Priority + Faculty Satisfaction,20260831,37,19,93.7272,93.7272,93.7272,0,0,92.5,1.5,0.4,0.15,0.0554
TLBO + Dynamic Priority + Faculty Satisfaction,20260831,37,20,93.7272,93.7272,93.7272,0,0,92.5,1.5,0.4,0.15,0.0475
TLBO + Dynamic Priority + Faculty Satisfaction,20260831,37,21,93.7272,93.7272,93.7272,0,0,92.5,1.5,0.4,0.15,0.0467
TLBO + Dynamic Priority + Faculty Satisfaction,20260831,37,22,93.7272,93.7272,93.7272,0,0,92.5,1.5,0.4,0.15,0.0473
TLBO + Dynamic Priority + Faculty Satisfaction,20260831,37,23,93.7272,93.7272,93.7272,0,0,92.5,1.5,0.4,0.15,0.0658
TLBO + Dynamic Priority + Faculty Satisfaction,20260831,37,24,93.7272,93.7272,93.7272,0,0,92.5,1.5,0.4,0.15,0.0671
TLBO + Dynamic Priority + Faculty Satisfaction,20260831,37,25,93.7272,93.7272,93.7272,0,0,92.5,1.5,0.4,0.15,0.0618
TLBO + Dynamic Priority + Faculty Satisfaction,20260831,37,26,93.7272,93.7272,93.7272,0,0,92.5,1.5,0.4,0.15,0.0656
TLBO + Dynamic Priority + Faculty Satisfaction,20260831,37,27,93.7272,93.7272,93.7272,0,0,92.5,1.5,0.4,0.15,0.0475
TLBO + Dynamic Priority + Faculty Satisfaction,20260831,37,28,93.7272,93.7272,93.7272,0,0,92.5,1.5,0.4,0.15,0.0414
TLBO + Dynamic Priority + Faculty Satisfaction,20260831,37,29,93.7272,93.7272,93.7272,0,0,92.5,1.5,0.4,0.15,0.0431
TLBO + Dynamic Priority + Faculty Satisfaction,20260831,37,30,93.7272,93.7272,93.7272,0,0,92.5,1.5,0.4,0.15,0.0557
TLBO + Dynamic Priority + Faculty Satisfaction,20260831,37,31,93.7272,93.7272,93.7272,0,0,92.5,1.5,0.4,0.15,0.0565
TLBO + Dynamic Priority + Faculty Satisfaction,20260831,37,32,93.7272,93.7272,93.7272,0,0,92.5,1.5,0.4,0.15,0.0518
TLBO + Dynamic Priority + Faculty Satisfaction,20260831,37,33,93.7272,93.7272,93.7272,0,0,92.5,1.5,0.4,0.15,0.0525
TLBO + Dynamic Priority + Faculty Satisfaction,20260831,37,34,93.7272,93.7272,93.7272,0,0,92.5,1.5,0.4,0.15,0.0504
TLBO + Dynamic Priority + Faculty Satisfaction,20260831,37,35,93.7272,93.7272,93.7272,0,0,92.5,1.5,0.4,0.15,0.0471
TLBO + Dynamic Priority + Faculty Satisfaction,20260831,37,36,93.7716,93.7327,93.7272,0,0,92.5,1.5,0.4,0.15,0.0621
TLBO + Dynamic Priority + Faculty Satisfaction,20260831,37,37,93.846,93.7574,93.7272,0,0,92.5,1.5,0.4,0.15,0.0973
TLBO + Dynamic Priority + Faculty Satisfaction,20260831,37,38,93.846,93.7816,93.7272,0,0,92.5,1.5,0.4,0.15,0.1339
TLBO + Dynamic Priority + Faculty Satisfaction,20260831,37,39,93.846,93.8057,93.7612,0,0,92.5,1.5,0.4,0.15,0.1273
TLBO + Dynamic Priority + Faculty Satisfaction,20260831,37,40,93.856,93.8269,93.7716,0,0,92.5,1.5,0.4,0.15,0.0912
TLBO + Dynamic Priority + Faculty Satisfaction,20260831,37,41,93.856,93.8447,93.8016,0,0,92.5,1.5,0.4,0.15,0.1209
TLBO + Dynamic Priority + Faculty Satisfaction,20260831,37,42,94.0,93.8708,93.846,0,0,92.5,1.5,0.4,0.15,0.1252
TLBO + Dynamic Priority + Faculty Satisfaction,20260831,37,43,94.0,93.8932,93.846,0,0,92.5,1.5,0.4,0.15,0.1362
TLBO + Dynamic Priority + Faculty Satisfaction,20260831,37,44,94.0,93.9125,93.85,0,0,92.5,1.5,0.4,0.15,0.1456
TLBO + Dynamic Priority + Faculty Satisfaction,20260831,37,45,94.0,93.9313,93.856,0,0,92.5,1.5,0.4,0.15,0.1218
TLBO + Dynamic Priority + Faculty Satisfaction,20260831,37,46,94.0,93.9493,93.856,0,0,92.5,1.5,0.4,0.15,0.1095
TLBO + Dynamic Priority + Faculty Satisfaction,20260831,37,47,94.0,93.9733,93.882,0,0,92.5,1.5,0.4,0.15,0.0964
TLBO + Dynamic Priority + Faculty Satisfaction,20260831,37,48,94.0,93.988,93.904,0,0,92.5,1.5,0.4,0.15,0.0806
TLBO + Dynamic Priority + Faculty Satisfaction,20260831,37,49,94.0,94.0,94.0,0,0,92.5,1.5,0.4,0.15,0.0562
TLBO + Dynamic Priority + Faculty Satisfaction,20260831,37,50,94.0,94.0,94.0,0,0,92.5,1.5,0.4,0.15,0.0614
TLBO + Dynamic Priority + Faculty Satisfaction,20260832,38,1,93.246,11.6557,0.0,0,0,92.5,1.5,0.4,0.15,0.1904
TLBO + Dynamic Priority + Faculty Satisfaction,20260832,38,2,93.246,23.3115,0.0,0,0,92.5,1.5,0.4,0.15,0.1678
TLBO + Dynamic Priority + Faculty Satisfaction,20260832,38,3,93.246,34.9672,0.0,0,0,92.5,1.5,0.4,0.15,0.1291
TLBO + Dynamic Priority + Faculty Satisfaction,20260832,38,4,93.246,58.2385,0.0,0,0,92.5,1.5,0.4,0.15,0.133
TLBO + Dynamic Priority + Faculty Satisfaction,20260832,38,5,93.246,81.5323,0.0,0,0,92.5,1.5,0.4,0.15,0.1097
TLBO + Dynamic Priority + Faculty Satisfaction,20260832,38,6,93.246,93.1881,92.9244,0,0,92.5,1.5,0.4,0.15,0.0791
TLBO + Dynamic Priority + Faculty Satisfaction,20260832,38,7,93.246,93.2283,93.104,0,0,92.5,1.5,0.4,0.15,0.0798
TLBO + Dynamic Priority + Faculty Satisfaction,20260832,38,8,93.3996,93.2652,93.246,0,0,92.5,1.5,0.4,0.15,0.0548
TLBO + Dynamic Priority + Faculty Satisfaction,20260832,38,9,93.7632,93.358,93.246,0,0,92.5,1.5,0.4,0.15,0.1111
TLBO + Dynamic Priority + Faculty Satisfaction,20260832,38,10,93.7632,93.532,93.3996,0,0,92.5,1.5,0.4,0.15,0.1167
TLBO + Dynamic Priority + Faculty Satisfaction,20260832,38,11,93.7632,93.6375,93.432,0,0,92.5,1.5,0.4,0.15,0.1218
TLBO + Dynamic Priority + Faculty Satisfaction,20260832,38,12,93.7632,93.7061,93.606,0,0,92.5,1.5,0.4,0.15,0.0957
TLBO + Dynamic Priority + Faculty Satisfaction,20260832,38,13,93.7632,93.7257,93.606,0,0,92.5,1.5,0.4,0.15,0.0856
TLBO + Dynamic Priority + Faculty Satisfaction,20260832,38,14,93.7632,93.7602,93.7392,0,0,92.5,1.5,0.4,0.15,0.0778
TLBO + Dynamic Priority + Faculty Satisfaction,20260832,38,15,93.7632,93.7632,93.7632,0,0,92.5,1.5,0.4,0.15,0.0375
TLBO + Dynamic Priority + Faculty Satisfaction,20260832,38,16,93.7632,93.7632,93.7632,0,0,92.5,1.5,0.4,0.15,0.0473
TLBO + Dynamic Priority + Faculty Satisfaction,20260832,38,17,93.7632,93.7632,93.7632,0,0,92.5,1.5,0.4,0.15,0.0424
TLBO + Dynamic Priority + Faculty Satisfaction,20260832,38,18,93.7632,93.7632,93.7632,0,0,92.5,1.5,0.4,0.15,0.0507
TLBO + Dynamic Priority + Faculty Satisfaction,20260832,38,19,93.7632,93.7632,93.7632,0,0,92.5,1.5,0.4,0.15,0.0561
TLBO + Dynamic Priority + Faculty Satisfaction,20260832,38,20,93.7632,93.7632,93.7632,0,0,92.5,1.5,0.4,0.15,0.0551
TLBO + Dynamic Priority + Faculty Satisfaction,20260832,38,21,93.7632,93.7632,93.7632,0,0,92.5,1.5,0.4,0.15,0.065
TLBO + Dynamic Priority + Faculty Satisfaction,20260832,38,22,93.7632,93.7632,93.7632,0,0,92.5,1.5,0.4,0.15,0.0622
TLBO + Dynamic Priority + Faculty Satisfaction,20260832,38,23,93.7632,93.7632,93.7632,0,0,92.5,1.5,0.4,0.15,0.0418
TLBO + Dynamic Priority + Faculty Satisfaction,20260832,38,24,93.7632,93.7632,93.7632,0,0,92.5,1.5,0.4,0.15,0.0512
TLBO + Dynamic Priority + Faculty Satisfaction,20260832,38,25,93.7632,93.7632,93.7632,0,0,92.5,1.5,0.4,0.15,0.0375
TLBO + Dynamic Priority + Faculty Satisfaction,20260832,38,26,93.7632,93.7632,93.7632,0,0,92.5,1.5,0.4,0.15,0.0472
TLBO + Dynamic Priority + Faculty Satisfaction,20260832,38,27,93.7632,93.7632,93.7632,0,0,92.5,1.5,0.4,0.15,0.06
TLBO + Dynamic Priority + Faculty Satisfaction,20260832,38,28,93.7632,93.7632,93.7632,0,0,92.5,1.5,0.4,0.15,0.0571
TLBO + Dynamic Priority + Faculty Satisfaction,20260832,38,29,93.7632,93.7632,93.7632,0,0,92.5,1.5,0.4,0.15,0.0372
TLBO + Dynamic Priority + Faculty Satisfaction,20260832,38,30,93.7632,93.7632,93.7632,0,0,92.5,1.5,0.4,0.15,0.0465
TLBO + Dynamic Priority + Faculty Satisfaction,20260832,38,31,93.7632,93.7632,93.7632,0,0,92.5,1.5,0.4,0.15,0.0638
TLBO + Dynamic Priority + Faculty Satisfaction,20260832,38,32,93.942,93.7856,93.7632,0,0,92.5,1.5,0.4,0.15,0.0794
TLBO + Dynamic Priority + Faculty Satisfaction,20260832,38,33,93.942,93.8518,93.7632,0,0,92.5,1.5,0.4,0.15,0.1138
TLBO + Dynamic Priority + Faculty Satisfaction,20260832,38,34,93.942,93.9081,93.7632,0,0,92.5,1.5,0.4,0.15,0.1204
TLBO + Dynamic Priority + Faculty Satisfaction,20260832,38,35,93.9912,93.9481,93.942,0,0,92.5,1.5,0.4,0.15,0.084
TLBO + Dynamic Priority + Faculty Satisfaction,20260832,38,36,93.9912,93.9543,93.942,0,0,92.5,1.5,0.4,0.15,0.1044
TLBO + Dynamic Priority + Faculty Satisfaction,20260832,38,37,93.9912,93.9604,93.942,0,0,92.5,1.5,0.4,0.15,0.1094
TLBO + Dynamic Priority + Faculty Satisfaction,20260832,38,38,93.9912,93.9789,93.942,0,0,92.5,1.5,0.4,0.15,0.0867
TLBO + Dynamic Priority + Faculty Satisfaction,20260832,38,39,93.9912,93.9851,93.942,0,0,92.5,1.5,0.4,0.15,0.0905
TLBO + Dynamic Priority + Faculty Satisfaction,20260832,38,40,93.9912,93.9912,93.9912,0,0,92.5,1.5,0.4,0.15,0.0611
TLBO + Dynamic Priority + Faculty Satisfaction,20260832,38,41,93.9912,93.9912,93.9912,0,0,92.5,1.5,0.4,0.15,0.0719
TLBO + Dynamic Priority + Faculty Satisfaction,20260832,38,42,93.9912,93.9912,93.9912,0,0,92.5,1.5,0.4,0.15,0.0864
TLBO + Dynamic Priority + Faculty Satisfaction,20260832,38,43,93.9912,93.9912,93.9912,0,0,92.5,1.5,0.4,0.15,0.0714
TLBO + Dynamic Priority + Faculty Satisfaction,20260832,38,44,93.9912,93.9912,93.9912,0,0,92.5,1.5,0.4,0.15,0.0728
TLBO + Dynamic Priority + Faculty Satisfaction,20260832,38,45,93.9912,93.9912,93.9912,0,0,92.5,1.5,0.4,0.15,0.094
TLBO + Dynamic Priority + Faculty Satisfaction,20260832,38,46,93.9912,93.9912,93.9912,0,0,92.5,1.5,0.4,0.15,0.0808
TLBO + Dynamic Priority + Faculty Satisfaction,20260832,38,47,93.9912,93.9912,93.9912,0,0,92.5,1.5,0.4,0.15,0.0603
TLBO + Dynamic Priority + Faculty Satisfaction,20260832,38,48,93.9912,93.9912,93.9912,0,0,92.5,1.5,0.4,0.15,0.0592
TLBO + Dynamic Priority + Faculty Satisfaction,20260832,38,49,93.9912,93.9912,93.9912,0,0,92.5,1.5,0.4,0.15,0.0482
TLBO + Dynamic Priority + Faculty Satisfaction,20260832,38,50,93.9912,93.9912,93.9912,0,0,92.5,1.5,0.4,0.15,0.0529
TLBO + Dynamic Priority + Faculty Satisfaction,20260833,39,1,93.174,69.5288,0.0,0,0,92.5,1.5,0.4,0.15,0.1783
TLBO + Dynamic Priority + Faculty Satisfaction,20260833,39,2,93.3844,92.8486,92.3816,0,0,92.5,1.5,0.4,0.15,0.1716
TLBO + Dynamic Priority + Faculty Satisfaction,20260833,39,3,93.3844,92.974,92.4208,0,0,92.5,1.5,0.4,0.15,0.1725
TLBO + Dynamic Priority + Faculty Satisfaction,20260833,39,4,93.552,93.1154,92.43,0,0,92.5,1.5,0.4,0.15,0.1622
TLBO + Dynamic Priority + Faculty Satisfaction,20260833,39,5,93.552,93.3781,93.174,0,0,92.5,1.5,0.4,0.15,0.1165
TLBO + Dynamic Priority + Faculty Satisfaction,20260833,39,6,93.7084,93.4794,93.174,0,0,92.5,1.5,0.4,0.15,0.1247
TLBO + Dynamic Priority + Faculty Satisfaction,20260833,39,7,93.8032,93.6,93.3096,0,0,92.5,1.5,0.4,0.15,0.1451
TLBO + Dynamic Priority + Faculty Satisfaction,20260833,39,8,93.8656,93.6993,93.4944,0,0,92.5,1.5,0.4,0.15,0.1371
TLBO + Dynamic Priority + Faculty Satisfaction,20260833,39,9,93.94,93.7733,93.552,0,0,92.5,1.5,0.4,0.15,0.1324
TLBO + Dynamic Priority + Faculty Satisfaction,20260833,39,10,93.94,93.8354,93.7084,0,0,92.5,1.5,0.4,0.15,0.1322
TLBO + Dynamic Priority + Faculty Satisfaction,20260833,39,11,93.94,93.8699,93.7572,0,0,92.5,1.5,0.4,0.15,0.1083
TLBO + Dynamic Priority + Faculty Satisfaction,20260833,39,12,93.958,93.8988,93.8032,0,0,92.5,1.5,0.4,0.15,0.1319
TLBO + Dynamic Priority + Faculty Satisfaction,20260833,39,13,93.958,93.9241,93.8332,0,0,92.5,1.5,0.4,0.15,0.1202
TLBO + Dynamic Priority + Faculty Satisfaction,20260833,39,14,93.958,93.9397,93.8656,0,0,92.5,1.5,0.4,0.15,0.0965
TLBO + Dynamic Priority + Faculty Satisfaction,20260833,39,15,93.958,93.9535,93.94,0,0,92.5,1.5,0.4,0.15,0.0862
TLBO + Dynamic Priority + Faculty Satisfaction,20260833,39,16,93.958,93.958,93.958,0,0,92.5,1.5,0.4,0.15,0.084
TLBO + Dynamic Priority + Faculty Satisfaction,20260833,39,17,93.958,93.958,93.958,0,0,92.5,1.5,0.4,0.15,0.0803
TLBO + Dynamic Priority + Faculty Satisfaction,20260833,39,18,93.958,93.958,93.958,0,0,92.5,1.5,0.4,0.15,0.0985
TLBO + Dynamic Priority + Faculty Satisfaction,20260833,39,19,93.958,93.958,93.958,0,0,92.5,1.5,0.4,0.15,0.0867
TLBO + Dynamic Priority + Faculty Satisfaction,20260833,39,20,93.958,93.958,93.958,0,0,92.5,1.5,0.4,0.15,0.0692
TLBO + Dynamic Priority + Faculty Satisfaction,20260833,39,21,93.958,93.958,93.958,0,0,92.5,1.5,0.4,0.15,0.0637
TLBO + Dynamic Priority + Faculty Satisfaction,20260833,39,22,93.958,93.958,93.958,0,0,92.5,1.5,0.4,0.15,0.0795
TLBO + Dynamic Priority + Faculty Satisfaction,20260833,39,23,93.958,93.958,93.958,0,0,92.5,1.5,0.4,0.15,0.0987
TLBO + Dynamic Priority + Faculty Satisfaction,20260833,39,24,93.958,93.958,93.958,0,0,92.5,1.5,0.4,0.15,0.0806
TLBO + Dynamic Priority + Faculty Satisfaction,20260833,39,25,93.958,93.958,93.958,0,0,92.5,1.5,0.4,0.15,0.0891
TLBO + Dynamic Priority + Faculty Satisfaction,20260833,39,26,93.958,93.958,93.958,0,0,92.5,1.5,0.4,0.15,0.0732
TLBO + Dynamic Priority + Faculty Satisfaction,20260833,39,27,93.958,93.958,93.958,0,0,92.5,1.5,0.4,0.15,0.0574
TLBO + Dynamic Priority + Faculty Satisfaction,20260833,39,28,93.958,93.958,93.958,0,0,92.5,1.5,0.4,0.15,0.0717
TLBO + Dynamic Priority + Faculty Satisfaction,20260833,39,29,93.958,93.958,93.958,0,0,92.5,1.5,0.4,0.15,0.0694
TLBO + Dynamic Priority + Faculty Satisfaction,20260833,39,30,93.958,93.958,93.958,0,0,92.5,1.5,0.4,0.15,0.0594
TLBO + Dynamic Priority + Faculty Satisfaction,20260833,39,31,93.958,93.958,93.958,0,0,92.5,1.5,0.4,0.15,0.0638
TLBO + Dynamic Priority + Faculty Satisfaction,20260833,39,32,93.958,93.958,93.958,0,0,92.5,1.5,0.4,0.15,0.0711
TLBO + Dynamic Priority + Faculty Satisfaction,20260833,39,33,93.958,93.958,93.958,0,0,92.5,1.5,0.4,0.15,0.0616
TLBO + Dynamic Priority + Faculty Satisfaction,20260833,39,34,93.958,93.958,93.958,0,0,92.5,1.5,0.4,0.15,0.0807
TLBO + Dynamic Priority + Faculty Satisfaction,20260833,39,35,93.958,93.958,93.958,0,0,92.5,1.5,0.4,0.15,0.0612
TLBO + Dynamic Priority + Faculty Satisfaction,20260833,39,36,93.958,93.958,93.958,0,0,92.5,1.5,0.4,0.15,0.0654
TLBO + Dynamic Priority + Faculty Satisfaction,20260833,39,37,93.958,93.958,93.958,0,0,92.5,1.5,0.4,0.15,0.0636
TLBO + Dynamic Priority + Faculty Satisfaction,20260833,39,38,93.958,93.958,93.958,0,0,92.5,1.5,0.4,0.15,0.0607
TLBO + Dynamic Priority + Faculty Satisfaction,20260833,39,39,93.958,93.958,93.958,0,0,92.5,1.5,0.4,0.15,0.055
TLBO + Dynamic Priority + Faculty Satisfaction,20260833,39,40,93.958,93.958,93.958,0,0,92.5,1.5,0.4,0.15,0.0757
TLBO + Dynamic Priority + Faculty Satisfaction,20260833,39,41,93.958,93.958,93.958,0,0,92.5,1.5,0.4,0.15,0.058
TLBO + Dynamic Priority + Faculty Satisfaction,20260833,39,42,93.958,93.958,93.958,0,0,92.5,1.5,0.4,0.15,0.0672
TLBO + Dynamic Priority + Faculty Satisfaction,20260833,39,43,93.958,93.958,93.958,0,0,92.5,1.5,0.4,0.15,0.0668
TLBO + Dynamic Priority + Faculty Satisfaction,20260833,39,44,93.958,93.958,93.958,0,0,92.5,1.5,0.4,0.15,0.0499
TLBO + Dynamic Priority + Faculty Satisfaction,20260833,39,45,93.958,93.958,93.958,0,0,92.5,1.5,0.4,0.15,0.0449
TLBO + Dynamic Priority + Faculty Satisfaction,20260833,39,46,93.958,93.958,93.958,0,0,92.5,1.5,0.4,0.15,0.0558
TLBO + Dynamic Priority + Faculty Satisfaction,20260833,39,47,93.958,93.958,93.958,0,0,92.5,1.5,0.4,0.15,0.0462
TLBO + Dynamic Priority + Faculty Satisfaction,20260833,39,48,93.958,93.958,93.958,0,0,92.5,1.5,0.4,0.15,0.0715
TLBO + Dynamic Priority + Faculty Satisfaction,20260833,39,49,93.958,93.958,93.958,0,0,92.5,1.5,0.4,0.15,0.065
TLBO + Dynamic Priority + Faculty Satisfaction,20260833,39,50,93.958,93.958,93.958,0,0,92.5,1.5,0.4,0.15,0.0563
TLBO + Dynamic Priority + Faculty Satisfaction,20260834,40,1,93.524,34.8559,0.0,0,0,92.5,1.5,0.4,0.15,0.1848
TLBO + Dynamic Priority + Faculty Satisfaction,20260834,40,2,93.6524,81.486,0.0,0,0,92.5,1.5,0.4,0.15,0.1638
TLBO + Dynamic Priority + Faculty Satisfaction,20260834,40,3,93.6524,93.225,92.5948,0,0,92.5,1.5,0.4,0.15,0.1645
TLBO + Dynamic Priority + Faculty Satisfaction,20260834,40,4,93.6524,93.3572,92.704,0,0,92.5,1.5,0.4,0.15,0.1522
TLBO + Dynamic Priority + Faculty Satisfaction,20260834,40,5,93.6524,93.5103,93.0816,0,0,92.5,1.5,0.4,0.15,0.1181
TLBO + Dynamic Priority + Faculty Satisfaction,20260834,40,6,93.6524,93.5816,93.3432,0,0,92.5,1.5,0.4,0.15,0.1214
TLBO + Dynamic Priority + Faculty Satisfaction,20260834,40,7,93.7304,93.63,93.524,0,0,92.5,1.5,0.4,0.15,0.0735
TLBO + Dynamic Priority + Faculty Satisfaction,20260834,40,8,93.8392,93.7001,93.524,0,0,92.5,1.5,0.4,0.15,0.1392
TLBO + Dynamic Priority + Faculty Satisfaction,20260834,40,9,93.8392,93.7495,93.6548,0,0,92.5,1.5,0.4,0.15,0.1245
TLBO + Dynamic Priority + Faculty Satisfaction,20260834,40,10,93.8392,93.793,93.7304,0,0,92.5,1.5,0.4,0.15,0.1137
TLBO + Dynamic Priority + Faculty Satisfaction,20260834,40,11,93.8836,93.8122,93.7304,0,0,92.5,1.5,0.4,0.15,0.1249
TLBO + Dynamic Priority + Faculty Satisfaction,20260834,40,12,93.8836,93.8591,93.8212,0,0,92.5,1.5,0.4,0.15,0.1209
TLBO + Dynamic Priority + Faculty Satisfaction,20260834,40,13,93.8836,93.8781,93.8392,0,0,92.5,1.5,0.4,0.15,0.1208
TLBO + Dynamic Priority + Faculty Satisfaction,20260834,40,14,93.928,93.8947,93.8836,0,0,92.5,1.5,0.4,0.15,0.1264
TLBO + Dynamic Priority + Faculty Satisfaction,20260834,40,15,93.928,93.9058,93.8836,0,0,92.5,1.5,0.4,0.15,0.1251
TLBO + Dynamic Priority + Faculty Satisfaction,20260834,40,16,93.928,93.9169,93.8836,0,0,92.5,1.5,0.4,0.15,0.1032
TLBO + Dynamic Priority + Faculty Satisfaction,20260834,40,17,93.928,93.9224,93.8836,0,0,92.5,1.5,0.4,0.15,0.1049
TLBO + Dynamic Priority + Faculty Satisfaction,20260834,40,18,93.936,93.929,93.928,0,0,92.5,1.5,0.4,0.15,0.0857
TLBO + Dynamic Priority + Faculty Satisfaction,20260834,40,19,93.984,93.937,93.928,0,0,92.5,1.5,0.4,0.15,0.1066
TLBO + Dynamic Priority + Faculty Satisfaction,20260834,40,20,94.0332,93.9609,93.928,0,0,92.5,1.5,0.4,0.15,0.1236
TLBO + Dynamic Priority + Faculty Satisfaction,20260834,40,21,94.0332,93.9745,93.928,0,0,92.5,1.5,0.4,0.15,0.1251
TLBO + Dynamic Priority + Faculty Satisfaction,20260834,40,22,94.0332,93.9937,93.936,0,0,92.5,1.5,0.4,0.15,0.113
TLBO + Dynamic Priority + Faculty Satisfaction,20260834,40,23,94.0332,94.012,93.984,0,0,92.5,1.5,0.4,0.15,0.1145
TLBO + Dynamic Priority + Faculty Satisfaction,20260834,40,24,94.0332,94.0243,93.988,0,0,92.5,1.5,0.4,0.15,0.0715
TLBO + Dynamic Priority + Faculty Satisfaction,20260834,40,25,94.0332,94.0299,94.0072,0,0,92.5,1.5,0.4,0.15,0.0696
TLBO + Dynamic Priority + Faculty Satisfaction,20260834,40,26,94.0332,94.0332,94.0332,0,0,92.5,1.5,0.4,0.15,0.0497
TLBO + Dynamic Priority + Faculty Satisfaction,20260834,40,27,94.0332,94.0332,94.0332,0,0,92.5,1.5,0.4,0.15,0.0533
TLBO + Dynamic Priority + Faculty Satisfaction,20260834,40,28,94.0332,94.0332,94.0332,0,0,92.5,1.5,0.4,0.15,0.0507
TLBO + Dynamic Priority + Faculty Satisfaction,20260834,40,29,94.0332,94.0332,94.0332,0,0,92.5,1.5,0.4,0.15,0.0535
TLBO + Dynamic Priority + Faculty Satisfaction,20260834,40,30,94.0332,94.0332,94.0332,0,0,92.5,1.5,0.4,0.15,0.0474
TLBO + Dynamic Priority + Faculty Satisfaction,20260834,40,31,94.0332,94.0332,94.0332,0,0,92.5,1.5,0.4,0.15,0.046
TLBO + Dynamic Priority + Faculty Satisfaction,20260834,40,32,94.0332,94.0332,94.0332,0,0,92.5,1.5,0.4,0.15,0.0372
TLBO + Dynamic Priority + Faculty Satisfaction,20260834,40,33,94.0332,94.0332,94.0332,0,0,92.5,1.5,0.4,0.15,0.0373
TLBO + Dynamic Priority + Faculty Satisfaction,20260834,40,34,94.0332,94.0332,94.0332,0,0,92.5,1.5,0.4,0.15,0.0419
TLBO + Dynamic Priority + Faculty Satisfaction,20260834,40,35,94.0332,94.0332,94.0332,0,0,92.5,1.5,0.4,0.15,0.0557
TLBO + Dynamic Priority + Faculty Satisfaction,20260834,40,36,94.0332,94.0332,94.0332,0,0,92.5,1.5,0.4,0.15,0.0578
TLBO + Dynamic Priority + Faculty Satisfaction,20260834,40,37,94.0332,94.0332,94.0332,0,0,92.5,1.5,0.4,0.15,0.041
TLBO + Dynamic Priority + Faculty Satisfaction,20260834,40,38,94.0332,94.0332,94.0332,0,0,92.5,1.5,0.4,0.15,0.0508
TLBO + Dynamic Priority + Faculty Satisfaction,20260834,40,39,94.0332,94.0332,94.0332,0,0,92.5,1.5,0.4,0.15,0.0426
TLBO + Dynamic Priority + Faculty Satisfaction,20260834,40,40,94.0332,94.0332,94.0332,0,0,92.5,1.5,0.4,0.15,0.0543
TLBO + Dynamic Priority + Faculty Satisfaction,20260834,40,41,94.0332,94.0332,94.0332,0,0,92.5,1.5,0.4,0.15,0.0507
TLBO + Dynamic Priority + Faculty Satisfaction,20260834,40,42,94.0332,94.0332,94.0332,0,0,92.5,1.5,0.4,0.15,0.0425
TLBO + Dynamic Priority + Faculty Satisfaction,20260834,40,43,94.0332,94.0332,94.0332,0,0,92.5,1.5,0.4,0.15,0.055
TLBO + Dynamic Priority + Faculty Satisfaction,20260834,40,44,94.0332,94.0332,94.0332,0,0,92.5,1.5,0.4,0.15,0.0697
TLBO + Dynamic Priority + Faculty Satisfaction,20260834,40,45,94.0332,94.0332,94.0332,0,0,92.5,1.5,0.4,0.15,0.0494
TLBO + Dynamic Priority + Faculty Satisfaction,20260834,40,46,94.0332,94.0332,94.0332,0,0,92.5,1.5,0.4,0.15,0.0481
TLBO + Dynamic Priority + Faculty Satisfaction,20260834,40,47,94.0332,94.0332,94.0332,0,0,92.5,1.5,0.4,0.15,0.0522
TLBO + Dynamic Priority + Faculty Satisfaction,20260834,40,48,94.0332,94.0332,94.0332,0,0,92.5,1.5,0.4,0.15,0.0495
TLBO + Dynamic Priority + Faculty Satisfaction,20260834,40,49,94.0332,94.0332,94.0332,0,0,92.5,1.5,0.4,0.15,0.0525
TLBO + Dynamic Priority + Faculty Satisfaction,20260834,40,50,94.0332,94.0332,94.0332,0,0,92.5,1.5,0.4,0.15,0.0472
Complete Adaptive TLBO,20260835,1,1,93.3592,23.3164,0.0,0,0,92.5,1.98,0.545,0.3231,0.3485
Complete Adaptive TLBO,20260835,1,2,93.746,23.4015,0.0,0,0,92.5,1.96,0.54,0.3115,0.3176
Complete Adaptive TLBO,20260835,1,3,93.8432,35.1319,0.0,0,0,92.5,1.94,0.535,0.3001,0.2724
Complete Adaptive TLBO,20260835,1,4,93.8432,23.4608,0.0,0,0,92.5,1.92,0.53,0.2889,0.2787
Complete Adaptive TLBO,20260835,1,5,93.8432,23.4608,0.0,0,0,92.5,1.9,0.525,0.278,0.2789
Complete Adaptive TLBO,20260835,1,6,93.896,35.1978,0.0,0,0,92.5,1.88,0.52,0.2673,0.2817
Complete Adaptive TLBO,20260835,1,7,93.896,46.9348,0.0,0,0,92.5,1.86,0.515,0.2569,0.2323
Complete Adaptive TLBO,20260835,1,8,93.896,35.211,0.0,0,0,92.5,1.84,0.51,0.2467,0.2295
Complete Adaptive TLBO,20260835,1,9,93.926,23.4778,0.0,0,0,92.5,1.82,0.505,0.2367,0.2392
Complete Adaptive TLBO,20260835,1,10,93.926,35.2185,0.0,0,0,92.5,1.8,0.5,0.227,0.2531
Complete Adaptive TLBO,20260835,1,11,93.926,35.2223,0.0,0,0,92.5,1.78,0.495,0.2175,0.217
Complete Adaptive TLBO,20260835,1,12,93.926,35.2223,0.0,0,0,92.5,1.76,0.49,0.2083,0.254
Complete Adaptive TLBO,20260835,1,13,93.926,23.4815,0.0,0,0,92.5,1.74,0.485,0.1993,0.2176
Complete Adaptive TLBO,20260835,1,14,93.926,23.4815,0.0,0,0,92.5,1.72,0.48,0.1905,0.2427
Complete Adaptive TLBO,20260835,1,15,93.926,23.4815,0.0,0,0,92.5,1.7,0.475,0.182,0.2679
Complete Adaptive TLBO,20260835,1,16,93.926,23.4815,0.0,0,0,92.5,1.68,0.47,0.1737,0.2516
Complete Adaptive TLBO,20260835,1,17,93.926,23.4815,0.0,0,0,92.5,1.66,0.465,0.1657,0.2681
Complete Adaptive TLBO,20260835,1,18,93.926,23.4815,0.0,0,0,92.5,1.64,0.46,0.1579,0.2638
Complete Adaptive TLBO,20260835,1,19,93.926,23.4815,0.0,0,0,92.5,1.62,0.455,0.1503,0.2446
Complete Adaptive TLBO,20260835,1,20,93.926,23.4815,0.0,0,0,92.5,1.6,0.45,0.143,0.2462
Complete Adaptive TLBO,20260835,1,21,93.926,23.4815,0.0,0,0,92.5,1.58,0.445,0.1359,0.2243
Complete Adaptive TLBO,20260835,1,22,93.926,23.4815,0.0,0,0,92.5,1.56,0.44,0.1291,0.2711
Complete Adaptive TLBO,20260835,1,23,93.926,23.4815,0.0,0,0,92.5,1.54,0.435,0.1225,0.2516
Complete Adaptive TLBO,20260835,1,24,93.926,35.0244,0.0,0,0,92.5,1.52,0.43,0.1161,0.2277
Complete Adaptive TLBO,20260835,1,25,93.926,23.4815,0.0,0,0,92.5,1.5,0.425,0.11,0.2729
Complete Adaptive TLBO,20260835,1,26,93.926,23.4815,0.0,0,0,92.5,1.48,0.42,0.1041,0.2525
Complete Adaptive TLBO,20260835,1,27,93.926,23.4815,0.0,0,0,92.5,1.46,0.415,0.0985,0.24
Complete Adaptive TLBO,20260835,1,28,93.926,23.4815,0.0,0,0,92.5,1.44,0.41,0.0931,0.2525
Complete Adaptive TLBO,20260835,1,29,93.926,23.4815,0.0,0,0,92.5,1.42,0.405,0.0879,0.2202
Complete Adaptive TLBO,20260835,1,30,93.926,23.4815,0.0,0,0,92.5,1.4,0.4,0.083,0.2615
Complete Adaptive TLBO,20260835,1,31,93.926,35.1495,0.0,0,0,92.5,1.38,0.395,0.0783,0.229
Complete Adaptive TLBO,20260835,1,32,93.926,35.1193,0.0,0,0,92.5,1.36,0.39,0.0739,0.2549
Complete Adaptive TLBO,20260835,1,33,93.926,46.6739,0.0,0,0,92.5,1.34,0.385,0.0697,0.2347
Complete Adaptive TLBO,20260835,1,34,93.926,46.8276,0.0,0,0,92.5,1.32,0.38,0.0657,0.2308
Complete Adaptive TLBO,20260835,1,35,93.926,46.8276,0.0,0,0,92.5,1.3,0.375,0.062,0.2097
Complete Adaptive TLBO,20260835,1,36,93.926,81.8808,0.0,0,0,92.5,1.28,0.37,0.0585,0.1779
Complete Adaptive TLBO,20260835,1,37,93.926,93.7079,93.408,0,0,92.5,1.26,0.365,0.0553,0.1638
Complete Adaptive TLBO,20260835,1,38,93.926,93.783,93.4924,0,0,92.5,1.24,0.36,0.0523,0.1439
Complete Adaptive TLBO,20260835,1,39,93.944,93.84,93.5264,0,0,92.5,1.22,0.355,0.0495,0.1845
Complete Adaptive TLBO,20260835,1,40,93.944,93.8922,93.6152,0,0,92.5,1.2,0.35,0.047,0.1779
Complete Adaptive TLBO,20260835,1,41,93.944,93.9333,93.926,0,0,92.5,1.18,0.345,0.0447,0.1778
Complete Adaptive TLBO,20260835,1,42,93.944,93.9355,93.926,0,0,92.5,1.16,0.34,0.0427,0.1813
Complete Adaptive TLBO,20260835,1,43,93.944,93.9378,93.926,0,0,92.5,1.14,0.335,0.0409,0.1187
Complete Adaptive TLBO,20260835,1,44,93.944,93.94,93.926,0,0,92.5,1.12,0.33,0.0393,0.1318
Complete Adaptive TLBO,20260835,1,45,93.944,93.9423,93.93,0,0,92.5,1.1,0.325,0.038,0.1411
Complete Adaptive TLBO,20260835,1,46,93.944,93.944,93.944,0,0,92.5,1.08,0.32,0.0369,0.0999
Complete Adaptive TLBO,20260835,1,47,93.944,93.944,93.944,0,0,92.5,1.06,0.315,0.0361,0.1067
Complete Adaptive TLBO,20260835,1,48,93.944,93.944,93.944,0,0,92.5,1.04,0.31,0.0355,0.1087
Complete Adaptive TLBO,20260835,1,49,93.944,93.944,93.944,0,0,92.5,1.02,0.305,0.0351,0.0996
Complete Adaptive TLBO,20260835,1,50,93.944,93.944,93.944,0,0,92.5,1.0,0.3,0.035,0.1161
Complete Adaptive TLBO,20260836,2,1,93.7512,46.6681,0.0,0,0,92.5,1.98,0.545,0.3231,0.3021
Complete Adaptive TLBO,20260836,2,2,93.7512,35.0466,0.0,0,0,92.5,1.96,0.54,0.3115,0.2627
Complete Adaptive TLBO,20260836,2,3,93.9672,23.4784,0.0,0,0,92.5,1.94,0.535,0.3001,0.3315
Complete Adaptive TLBO,20260836,2,4,93.9672,23.4918,0.0,0,0,92.5,1.92,0.53,0.2889,0.2403
Complete Adaptive TLBO,20260836,2,5,93.9672,23.4918,0.0,0,0,92.5,1.9,0.525,0.278,0.2681
Complete Adaptive TLBO,20260836,2,6,93.9672,23.4918,0.0,0,0,92.5,1.88,0.52,0.2673,0.2499
Complete Adaptive TLBO,20260836,2,7,93.9672,23.4918,0.0,0,0,92.5,1.86,0.515,0.2569,0.2736
Complete Adaptive TLBO,20260836,2,8,93.9672,23.4918,0.0,0,0,92.5,1.84,0.51,0.2467,0.2778
Complete Adaptive TLBO,20260836,2,9,93.9672,23.4918,0.0,0,0,92.5,1.82,0.505,0.2367,0.2899
Complete Adaptive TLBO,20260836,2,10,93.9672,23.4918,0.0,0,0,92.5,1.8,0.5,0.227,0.2725
Complete Adaptive TLBO,20260836,2,11,94.02,23.4984,0.0,0,0,92.5,1.78,0.495,0.2175,0.3269
Complete Adaptive TLBO,20260836,2,12,94.02,23.505,0.0,0,0,92.5,1.76,0.49,0.2083,0.2891
Complete Adaptive TLBO,20260836,2,13,94.02,35.1282,0.0,0,0,92.5,1.74,0.485,0.1993,0.264
Complete Adaptive TLBO,20260836,2,14,94.02,23.505,0.0,0,0,92.5,1.72,0.48,0.1905,0.2541
Complete Adaptive TLBO,20260836,2,15,94.02,23.505,0.0,0,0,92.5,1.7,0.475,0.182,0.2569
Complete Adaptive TLBO,20260836,2,16,94.02,23.505,0.0,0,0,92.5,1.68,0.47,0.1737,0.2761
Complete Adaptive TLBO,20260836,2,17,94.02,23.505,0.0,0,0,92.5,1.66,0.465,0.1657,0.2723
Complete Adaptive TLBO,20260836,2,18,94.02,23.505,0.0,0,0,92.5,1.64,0.46,0.1579,0.2701
Complete Adaptive TLBO,20260836,2,19,94.02,23.505,0.0,0,0,92.5,1.62,0.455,0.1503,0.2483
Complete Adaptive TLBO,20260836,2,20,94.02,23.505,0.0,0,0,92.5,1.6,0.45,0.143,0.303
Complete Adaptive TLBO,20260836,2,21,94.02,23.505,0.0,0,0,92.5,1.58,0.445,0.1359,0.2669
Complete Adaptive TLBO,20260836,2,22,94.028,23.506,0.0,0,0,92.5,1.56,0.44,0.1291,0.2843
Complete Adaptive TLBO,20260836,2,23,94.028,23.507,0.0,0,0,92.5,1.54,0.435,0.1225,0.2481
Complete Adaptive TLBO,20260836,2,24,94.056,23.5105,0.0,0,0,92.5,1.52,0.43,0.1161,0.2907
Complete Adaptive TLBO,20260836,2,25,94.056,23.514,0.0,0,0,92.5,1.5,0.425,0.11,0.2681
Complete Adaptive TLBO,20260836,2,26,94.056,23.514,0.0,0,0,92.5,1.48,0.42,0.1041,0.2552
Complete Adaptive TLBO,20260836,2,27,94.056,23.514,0.0,0,0,92.5,1.46,0.415,0.0985,0.215
Complete Adaptive TLBO,20260836,2,28,94.056,23.514,0.0,0,0,92.5,1.44,0.41,0.0931,0.2651
Complete Adaptive TLBO,20260836,2,29,94.086,35.1448,0.0,0,0,92.5,1.42,0.405,0.0879,0.2906
Complete Adaptive TLBO,20260836,2,30,94.086,23.5215,0.0,0,0,92.5,1.4,0.4,0.083,0.2614
Complete Adaptive TLBO,20260836,2,31,94.086,35.2059,0.0,0,0,92.5,1.38,0.395,0.0783,0.2537
Complete Adaptive TLBO,20260836,2,32,94.086,46.8303,0.0,0,0,92.5,1.36,0.39,0.0739,0.23
Complete Adaptive TLBO,20260836,2,33,94.086,35.0794,0.0,0,0,92.5,1.34,0.385,0.0697,0.2332
Complete Adaptive TLBO,20260836,2,34,94.11,35.08,0.0,0,0,92.5,1.32,0.38,0.0657,0.2932
Complete Adaptive TLBO,20260836,2,35,94.11,58.434,0.0,0,0,92.5,1.3,0.375,0.062,0.2053
Complete Adaptive TLBO,20260836,2,36,94.11,81.977,0.0,0,0,92.5,1.28,0.37,0.0585,0.2041
Complete Adaptive TLBO,20260836,2,37,94.11,93.753,92.7218,0,0,92.5,1.26,0.365,0.0553,0.1877
Complete Adaptive TLBO,20260836,2,38,94.11,93.9523,93.4024,0,0,92.5,1.24,0.36,0.0523,0.1634
Complete Adaptive TLBO,20260836,2,39,94.11,94.0408,93.556,0,0,92.5,1.22,0.355,0.0495,0.1417
Complete Adaptive TLBO,20260836,2,40,94.11,94.11,94.11,0,0,92.5,1.2,0.35,0.047,0.1137
Complete Adaptive TLBO,20260836,2,41,94.11,94.11,94.11,0,0,92.5,1.18,0.345,0.0447,0.1159
Complete Adaptive TLBO,20260836,2,42,94.11,94.11,94.11,0,0,92.5,1.16,0.34,0.0427,0.1179
Complete Adaptive TLBO,20260836,2,43,94.11,94.11,94.11,0,0,92.5,1.14,0.335,0.0409,0.0986
Complete Adaptive TLBO,20260836,2,44,94.11,94.11,94.11,0,0,92.5,1.12,0.33,0.0393,0.1023
Complete Adaptive TLBO,20260836,2,45,94.11,94.11,94.11,0,0,92.5,1.1,0.325,0.038,0.1023
Complete Adaptive TLBO,20260836,2,46,94.11,94.11,94.11,0,0,92.5,1.08,0.32,0.0369,0.1037
Complete Adaptive TLBO,20260836,2,47,94.11,94.11,94.11,0,0,92.5,1.06,0.315,0.0361,0.1007
Complete Adaptive TLBO,20260836,2,48,94.11,94.11,94.11,0,0,92.5,1.04,0.31,0.0355,0.1042
Complete Adaptive TLBO,20260836,2,49,94.11,94.11,94.11,0,0,92.5,1.02,0.305,0.0351,0.1152
Complete Adaptive TLBO,20260836,2,50,94.11,94.11,94.11,0,0,92.5,1.0,0.3,0.035,0.0993
Complete Adaptive TLBO,20260837,3,1,93.0792,23.2396,0.0,0,0,92.5,1.98,0.545,0.3231,0.2871
Complete Adaptive TLBO,20260837,3,2,93.2356,23.2893,0.0,0,0,92.5,1.96,0.54,0.3115,0.3199
Complete Adaptive TLBO,20260837,3,3,93.2822,23.3147,0.0,0,0,91.25,1.94,0.535,0.3001,0.331
Complete Adaptive TLBO,20260837,3,4,93.378,23.3325,0.0,0,0,92.5,1.92,0.53,0.2889,0.2912
Complete Adaptive TLBO,20260837,3,5,93.5632,35.0279,0.0,0,0,92.5,1.9,0.525,0.278,0.2956
Complete Adaptive TLBO,20260837,3,6,93.694,23.4072,0.0,0,0,92.5,1.88,0.52,0.2673,0.2895
Complete Adaptive TLBO,20260837,3,7,93.742,23.4295,0.0,0,0,92.5,1.86,0.515,0.2569,0.299
Complete Adaptive TLBO,20260837,3,8,93.742,23.4355,0.0,0,0,92.5,1.84,0.51,0.2467,0.258
Complete Adaptive TLBO,20260837,3,9,93.742,23.4355,0.0,0,0,92.5,1.82,0.505,0.2367,0.2464
Complete Adaptive TLBO,20260837,3,10,93.742,23.4355,0.0,0,0,92.5,1.8,0.5,0.227,0.2711
Complete Adaptive TLBO,20260837,3,11,93.8092,23.4439,0.0,0,0,92.5,1.78,0.495,0.2175,0.2638
Complete Adaptive TLBO,20260837,3,12,93.862,23.4589,0.0,0,0,92.5,1.76,0.49,0.2083,0.2971
Complete Adaptive TLBO,20260837,3,13,93.862,34.9544,0.0,0,0,92.5,1.74,0.485,0.1993,0.2536
Complete Adaptive TLBO,20260837,3,14,93.862,23.4655,0.0,0,0,92.5,1.72,0.48,0.1905,0.242
Complete Adaptive TLBO,20260837,3,15,93.862,23.4655,0.0,0,0,92.5,1.7,0.475,0.182,0.2552
Complete Adaptive TLBO,20260837,3,16,93.862,23.4655,0.0,0,0,92.5,1.68,0.47,0.1737,0.2431
Complete Adaptive TLBO,20260837,3,17,93.862,23.4655,0.0,0,0,92.5,1.66,0.465,0.1657,0.2462
Complete Adaptive TLBO,20260837,3,18,93.862,23.4655,0.0,0,0,92.5,1.64,0.46,0.1579,0.2503
Complete Adaptive TLBO,20260837,3,19,93.862,35.1217,0.0,0,0,92.5,1.62,0.455,0.1503,0.2504
Complete Adaptive TLBO,20260837,3,20,93.862,23.4655,0.0,0,0,92.5,1.6,0.45,0.143,0.2572
Complete Adaptive TLBO,20260837,3,21,93.862,23.4655,0.0,0,0,92.5,1.58,0.445,0.1359,0.2496
Complete Adaptive TLBO,20260837,3,22,93.862,23.4655,0.0,0,0,92.5,1.56,0.44,0.1291,0.2534
Complete Adaptive TLBO,20260837,3,23,93.878,23.4675,0.0,0,0,92.5,1.54,0.435,0.1225,0.2733
Complete Adaptive TLBO,20260837,3,24,93.878,23.4695,0.0,0,0,92.5,1.52,0.43,0.1161,0.2746
Complete Adaptive TLBO,20260837,3,25,93.878,23.4695,0.0,0,0,92.5,1.5,0.425,0.11,0.247
Complete Adaptive TLBO,20260837,3,26,93.878,23.4695,0.0,0,0,92.5,1.48,0.42,0.1041,0.2433
Complete Adaptive TLBO,20260837,3,27,93.878,35.1065,0.0,0,0,92.5,1.46,0.415,0.0985,0.2458
Complete Adaptive TLBO,20260837,3,28,93.878,35.1563,0.0,0,0,92.5,1.44,0.41,0.0931,0.2248
Complete Adaptive TLBO,20260837,3,29,93.878,23.4695,0.0,0,0,92.5,1.42,0.405,0.0879,0.245
Complete Adaptive TLBO,20260837,3,30,93.878,23.4695,0.0,0,0,92.5,1.4,0.4,0.083,0.2606
Complete Adaptive TLBO,20260837,3,31,93.878,23.4695,0.0,0,0,92.5,1.38,0.395,0.0783,0.2534
Complete Adaptive TLBO,20260837,3,32,93.878,23.4695,0.0,0,0,92.5,1.36,0.39,0.0739,0.2393
Complete Adaptive TLBO,20260837,3,33,93.878,23.4695,0.0,0,0,92.5,1.34,0.385,0.0697,0.2518
Complete Adaptive TLBO,20260837,3,34,93.878,23.4695,0.0,0,0,92.5,1.32,0.38,0.0657,0.2589
Complete Adaptive TLBO,20260837,3,35,93.878,23.4695,0.0,0,0,92.5,1.3,0.375,0.062,0.2213
Complete Adaptive TLBO,20260837,3,36,93.878,35.2043,0.0,0,0,92.5,1.28,0.37,0.0585,0.225
Complete Adaptive TLBO,20260837,3,37,93.878,70.2147,0.0,0,0,92.5,1.26,0.365,0.0553,0.1947
Complete Adaptive TLBO,20260837,3,38,93.878,93.7737,93.4888,0,0,92.5,1.24,0.36,0.0523,0.1623
Complete Adaptive TLBO,20260837,3,39,93.878,93.8224,93.5828,0,0,92.5,1.22,0.355,0.0495,0.1691
Complete Adaptive TLBO,20260837,3,40,93.878,93.8593,93.728,0,0,92.5,1.2,0.35,0.047,0.1333
Complete Adaptive TLBO,20260837,3,41,93.878,93.878,93.878,0,0,92.5,1.18,0.345,0.0447,0.0999
Complete Adaptive TLBO,20260837,3,42,93.878,93.878,93.878,0,0,92.5,1.16,0.34,0.0427,0.0986
Complete Adaptive TLBO,20260837,3,43,93.878,93.878,93.878,0,0,92.5,1.14,0.335,0.0409,0.118
Complete Adaptive TLBO,20260837,3,44,93.878,93.878,93.878,0,0,92.5,1.12,0.33,0.0393,0.0904
Complete Adaptive TLBO,20260837,3,45,93.878,93.878,93.878,0,0,92.5,1.1,0.325,0.038,0.1246
Complete Adaptive TLBO,20260837,3,46,93.878,93.878,93.878,0,0,92.5,1.08,0.32,0.0369,0.0905
Complete Adaptive TLBO,20260837,3,47,93.878,93.878,93.878,0,0,92.5,1.06,0.315,0.0361,0.1088
Complete Adaptive TLBO,20260837,3,48,93.878,93.878,93.878,0,0,92.5,1.04,0.31,0.0355,0.0904
Complete Adaptive TLBO,20260837,3,49,93.878,93.878,93.878,0,0,92.5,1.02,0.305,0.0351,0.1075
Complete Adaptive TLBO,20260837,3,50,93.878,93.878,93.878,0,0,92.5,1.0,0.3,0.035,0.1159
Complete Adaptive TLBO,20260838,4,1,93.36,34.8948,0.0,0,0,92.5,1.98,0.545,0.3231,0.2962
Complete Adaptive TLBO,20260838,4,2,93.36,46.5648,0.0,0,0,92.5,1.96,0.54,0.3115,0.2559
Complete Adaptive TLBO,20260838,4,3,93.516,23.373,0.0,0,0,92.5,1.94,0.535,0.3001,0.3319
Complete Adaptive TLBO,20260838,4,4,93.6512,23.3959,0.0,0,0,92.5,1.92,0.53,0.2889,0.2963
Complete Adaptive TLBO,20260838,4,5,93.7376,34.9365,0.0,0,0,92.5,1.9,0.525,0.278,0.3188
Complete Adaptive TLBO,20260838,4,6,93.7376,34.9446,0.0,0,0,92.5,1.88,0.52,0.2673,0.2658
Complete Adaptive TLBO,20260838,4,7,93.7376,35.1516,0.0,0,0,92.5,1.86,0.515,0.2569,0.26
Complete Adaptive TLBO,20260838,4,8,93.7376,23.4344,0.0,0,0,92.5,1.84,0.51,0.2467,0.2405
Complete Adaptive TLBO,20260838,4,9,93.83,46.8454,0.0,0,0,92.5,1.82,0.505,0.2367,0.2804
Complete Adaptive TLBO,20260838,4,10,93.83,35.1747,0.0,0,0,92.5,1.8,0.5,0.227,0.2419
Complete Adaptive TLBO,20260838,4,11,93.83,35.1747,0.0,0,0,92.5,1.78,0.495,0.2175,0.261
Complete Adaptive TLBO,20260838,4,12,93.83,23.4575,0.0,0,0,92.5,1.76,0.49,0.2083,0.2479
Complete Adaptive TLBO,20260838,4,13,93.83,23.4575,0.0,0,0,92.5,1.74,0.485,0.1993,0.2624
Complete Adaptive TLBO,20260838,4,14,93.83,23.4575,0.0,0,0,92.5,1.72,0.48,0.1905,0.2591
Complete Adaptive TLBO,20260838,4,15,93.8792,23.4637,0.0,0,0,92.5,1.7,0.475,0.182,0.2938
Complete Adaptive TLBO,20260838,4,16,93.8792,23.4698,0.0,0,0,92.5,1.68,0.47,0.1737,0.272
Complete Adaptive TLBO,20260838,4,17,93.8792,23.4698,0.0,0,0,92.5,1.66,0.465,0.1657,0.2698
Complete Adaptive TLBO,20260838,4,18,93.8792,23.4698,0.0,0,0,92.5,1.64,0.46,0.1579,0.2522
Complete Adaptive TLBO,20260838,4,19,93.8792,35.068,0.0,0,0,92.5,1.62,0.455,0.1503,0.2693
Complete Adaptive TLBO,20260838,4,20,93.8792,23.4698,0.0,0,0,92.5,1.6,0.45,0.143,0.2372
Complete Adaptive TLBO,20260838,4,21,93.8792,23.4698,0.0,0,0,92.5,1.58,0.445,0.1359,0.2505
Complete Adaptive TLBO,20260838,4,22,93.8792,23.4698,0.0,0,0,92.5,1.56,0.44,0.1291,0.2485
Complete Adaptive TLBO,20260838,4,23,93.8792,23.4698,0.0,0,0,92.5,1.54,0.435,0.1225,0.2723
Complete Adaptive TLBO,20260838,4,24,93.8792,35.0075,0.0,0,0,92.5,1.52,0.43,0.1161,0.2639
Complete Adaptive TLBO,20260838,4,25,93.8792,35.0346,0.0,0,0,92.5,1.5,0.425,0.11,0.2563
Complete Adaptive TLBO,20260838,4,26,93.8792,23.4698,0.0,0,0,92.5,1.48,0.42,0.1041,0.2737
Complete Adaptive TLBO,20260838,4,27,93.8832,23.4703,0.0,0,0,92.5,1.46,0.415,0.0985,0.288
Complete Adaptive TLBO,20260838,4,28,93.8832,23.4708,0.0,0,0,92.5,1.44,0.41,0.0931,0.262
Complete Adaptive TLBO,20260838,4,29,93.8832,23.4708,0.0,0,0,92.5,1.42,0.405,0.0879,0.2484
Complete Adaptive TLBO,20260838,4,30,93.8832,23.4708,0.0,0,0,92.5,1.4,0.4,0.083,0.2522
Complete Adaptive TLBO,20260838,4,31,93.8832,35.2062,0.0,0,0,92.5,1.38,0.395,0.0783,0.2432
Complete Adaptive TLBO,20260838,4,32,93.8832,35.0905,0.0,0,0,92.5,1.36,0.39,0.0739,0.2288
Complete Adaptive TLBO,20260838,4,33,93.8832,23.4708,0.0,0,0,92.5,1.34,0.385,0.0697,0.2608
Complete Adaptive TLBO,20260838,4,34,93.8832,23.4708,0.0,0,0,92.5,1.32,0.38,0.0657,0.2384
Complete Adaptive TLBO,20260838,4,35,93.8832,46.7094,0.0,0,0,92.5,1.3,0.375,0.062,0.2124
Complete Adaptive TLBO,20260838,4,36,93.8832,58.4448,0.0,0,0,92.5,1.28,0.37,0.0585,0.2072
Complete Adaptive TLBO,20260838,4,37,93.8832,70.1802,0.0,0,0,92.5,1.26,0.365,0.0553,0.178
Complete Adaptive TLBO,20260838,4,38,93.8832,81.9951,0.0,0,0,92.5,1.24,0.36,0.0523,0.1644
Complete Adaptive TLBO,20260838,4,39,93.8832,93.7468,92.99,0,0,92.5,1.22,0.355,0.0495,0.1332
Complete Adaptive TLBO,20260838,4,40,93.8832,93.8585,93.6852,0,0,92.5,1.2,0.35,0.047,0.1395
Complete Adaptive TLBO,20260838,4,41,93.936,93.8898,93.8832,0,0,92.5,1.18,0.345,0.0447,0.1184
Complete Adaptive TLBO,20260838,4,42,93.936,93.8964,93.8832,0,0,92.5,1.16,0.34,0.0427,0.149
Complete Adaptive TLBO,20260838,4,43,93.936,93.903,93.8832,0,0,92.5,1.14,0.335,0.0409,0.1451
Complete Adaptive TLBO,20260838,4,44,93.936,93.9162,93.8832,0,0,92.5,1.12,0.33,0.0393,0.1444
Complete Adaptive TLBO,20260838,4,45,93.936,93.936,93.936,0,0,92.5,1.1,0.325,0.038,0.1097
Complete Adaptive TLBO,20260838,4,46,93.936,93.936,93.936,0,0,92.5,1.08,0.32,0.0369,0.1168
Complete Adaptive TLBO,20260838,4,47,93.936,93.936,93.936,0,0,92.5,1.06,0.315,0.0361,0.1025
Complete Adaptive TLBO,20260838,4,48,93.936,93.936,93.936,0,0,92.5,1.04,0.31,0.0355,0.0884
Complete Adaptive TLBO,20260838,4,49,93.936,93.936,93.936,0,0,92.5,1.02,0.305,0.0351,0.104
Complete Adaptive TLBO,20260838,4,50,93.936,93.936,93.936,0,0,92.5,1.0,0.3,0.035,0.1033
Complete Adaptive TLBO,20260839,5,1,93.1072,11.6384,0.0,0,0,92.5,1.98,0.545,0.3231,0.3342
Complete Adaptive TLBO,20260839,5,2,93.1072,23.2768,0.0,0,0,92.5,1.96,0.54,0.3115,0.2796
Complete Adaptive TLBO,20260839,5,3,93.1072,23.2768,0.0,0,0,92.5,1.94,0.535,0.3001,0.2783
Complete Adaptive TLBO,20260839,5,4,93.1072,23.2768,0.0,0,0,92.5,1.92,0.53,0.2889,0.2552
Complete Adaptive TLBO,20260839,5,5,93.2092,34.928,0.0,0,0,92.5,1.9,0.525,0.278,0.2733
Complete Adaptive TLBO,20260839,5,6,93.3076,23.319,0.0,0,0,92.5,1.88,0.52,0.2673,0.3024
Complete Adaptive TLBO,20260839,5,7,93.3076,23.3269,0.0,0,0,92.5,1.86,0.515,0.2569,0.2835
Complete Adaptive TLBO,20260839,5,8,93.38,34.9994,0.0,0,0,92.5,1.84,0.51,0.2467,0.2754
Complete Adaptive TLBO,20260839,5,9,93.5724,35.0476,0.0,0,0,92.5,1.82,0.505,0.2367,0.2852
Complete Adaptive TLBO,20260839,5,10,93.6552,23.4138,0.0,0,0,92.5,1.8,0.5,0.227,0.3222
Complete Adaptive TLBO,20260839,5,11,93.6552,23.4138,0.0,0,0,92.5,1.78,0.495,0.2175,0.2701
Complete Adaptive TLBO,20260839,5,12,93.6552,23.4138,0.0,0,0,92.5,1.76,0.49,0.2083,0.2654
Complete Adaptive TLBO,20260839,5,13,93.6552,23.4138,0.0,0,0,92.5,1.74,0.485,0.1993,0.2605
Complete Adaptive TLBO,20260839,5,14,93.6996,23.4194,0.0,0,0,92.5,1.72,0.48,0.1905,0.284
Complete Adaptive TLBO,20260839,5,15,93.6996,23.4249,0.0,0,0,92.5,1.7,0.475,0.182,0.2454
Complete Adaptive TLBO,20260839,5,16,93.8192,23.4398,0.0,0,0,92.5,1.68,0.47,0.1737,0.2598
Complete Adaptive TLBO,20260839,5,17,93.8192,23.4548,0.0,0,0,92.5,1.66,0.465,0.1657,0.2804
Complete Adaptive TLBO,20260839,5,18,93.8192,23.4548,0.0,0,0,92.5,1.64,0.46,0.1579,0.2504
Complete Adaptive TLBO,20260839,5,19,93.8192,35.1822,0.0,0,0,92.5,1.62,0.455,0.1503,0.2318
Complete Adaptive TLBO,20260839,5,20,93.906,35.193,0.0,0,0,92.5,1.6,0.45,0.143,0.2739
Complete Adaptive TLBO,20260839,5,21,93.906,46.875,0.0,0,0,92.5,1.58,0.445,0.1359,0.2362
Complete Adaptive TLBO,20260839,5,22,93.906,23.4765,0.0,0,0,92.5,1.56,0.44,0.1291,0.2375
Complete Adaptive TLBO,20260839,5,23,93.906,23.4765,0.0,0,0,92.5,1.54,0.435,0.1225,0.2386
Complete Adaptive TLBO,20260839,5,24,93.906,23.4765,0.0,0,0,92.5,1.52,0.43,0.1161,0.2701
Complete Adaptive TLBO,20260839,5,25,93.906,34.9935,0.0,0,0,92.5,1.5,0.425,0.11,0.2471
Complete Adaptive TLBO,20260839,5,26,93.906,23.4765,0.0,0,0,92.5,1.48,0.42,0.1041,0.27
Complete Adaptive TLBO,20260839,5,27,93.906,23.4765,0.0,0,0,92.5,1.46,0.415,0.0985,0.2651
Complete Adaptive TLBO,20260839,5,28,93.906,23.4765,0.0,0,0,92.5,1.44,0.41,0.0931,0.2726
Complete Adaptive TLBO,20260839,5,29,93.906,23.4765,0.0,0,0,92.5,1.42,0.405,0.0879,0.2863
Complete Adaptive TLBO,20260839,5,30,93.906,23.4765,0.0,0,0,92.5,1.4,0.4,0.083,0.3009
Complete Adaptive TLBO,20260839,5,31,93.906,23.4765,0.0,0,0,92.5,1.38,0.395,0.0783,0.2786
Complete Adaptive TLBO,20260839,5,32,93.906,35.0963,0.0,0,0,92.5,1.36,0.39,0.0739,0.2671
Complete Adaptive TLBO,20260839,5,33,93.906,46.6708,0.0,0,0,92.5,1.34,0.385,0.0697,0.3013
Complete Adaptive TLBO,20260839,5,34,93.906,35.0939,0.0,0,0,92.5,1.32,0.38,0.0657,0.2709
Complete Adaptive TLBO,20260839,5,35,93.906,46.7253,0.0,0,0,92.5,1.3,0.375,0.062,0.2539
Complete Adaptive TLBO,20260839,5,36,93.906,70.126,0.0,0,0,92.5,1.28,0.37,0.0585,0.2063
Complete Adaptive TLBO,20260839,5,37,93.906,81.9317,0.0,0,0,92.5,1.26,0.365,0.0553,0.2072
Complete Adaptive TLBO,20260839,5,38,93.906,93.7013,93.0512,0,0,92.5,1.24,0.36,0.0523,0.1766
Complete Adaptive TLBO,20260839,5,39,93.906,93.8082,93.4788,0,0,92.5,1.22,0.355,0.0495,0.1736
Complete Adaptive TLBO,20260839,5,40,93.906,93.8616,93.5504,0,0,92.5,1.2,0.35,0.047,0.1583
Complete Adaptive TLBO,20260839,5,41,93.906,93.906,93.906,0,0,92.5,1.18,0.345,0.0447,0.1271
Complete Adaptive TLBO,20260839,5,42,93.906,93.906,93.906,0,0,92.5,1.16,0.34,0.0427,0.1395
Complete Adaptive TLBO,20260839,5,43,93.906,93.906,93.906,0,0,92.5,1.14,0.335,0.0409,0.1281
Complete Adaptive TLBO,20260839,5,44,93.906,93.906,93.906,0,0,92.5,1.12,0.33,0.0393,0.1321
Complete Adaptive TLBO,20260839,5,45,93.906,93.906,93.906,0,0,92.5,1.1,0.325,0.038,0.1521
Complete Adaptive TLBO,20260839,5,46,93.906,93.906,93.906,0,0,92.5,1.08,0.32,0.0369,0.1279
Complete Adaptive TLBO,20260839,5,47,93.906,93.906,93.906,0,0,92.5,1.06,0.315,0.0361,0.1487
Complete Adaptive TLBO,20260839,5,48,93.906,93.906,93.906,0,0,92.5,1.04,0.31,0.0355,0.146
Complete Adaptive TLBO,20260839,5,49,93.906,93.906,93.906,0,0,92.5,1.02,0.305,0.0351,0.143
Complete Adaptive TLBO,20260839,5,50,93.906,93.906,93.906,0,0,92.5,1.0,0.3,0.035,0.1552
Complete Adaptive TLBO,20260840,6,1,92.6772,34.6755,0.0,0,0,92.5,1.98,0.545,0.3231,0.3656
Complete Adaptive TLBO,20260840,6,2,93.0644,23.2177,0.0,0,0,92.5,1.96,0.54,0.3115,0.3556
Complete Adaptive TLBO,20260840,6,3,93.0644,23.2661,0.0,0,0,92.5,1.94,0.535,0.3001,0.3309
Complete Adaptive TLBO,20260840,6,4,93.3204,23.3275,0.0,0,0,92.5,1.92,0.53,0.2889,0.3385
Complete Adaptive TLBO,20260840,6,5,93.47,35.0113,0.0,0,0,92.5,1.9,0.525,0.278,0.2515
Complete Adaptive TLBO,20260840,6,6,93.5564,46.7073,0.0,0,0,92.5,1.88,0.52,0.2673,0.2944
Complete Adaptive TLBO,20260840,6,7,93.6932,58.4017,0.0,0,0,92.5,1.86,0.515,0.2569,0.2875
Complete Adaptive TLBO,20260840,6,8,93.7172,35.138,0.0,0,0,92.5,1.84,0.51,0.2467,0.2519
Complete Adaptive TLBO,20260840,6,9,93.7172,23.4293,0.0,0,0,92.5,1.82,0.505,0.2367,0.255
Complete Adaptive TLBO,20260840,6,10,93.7172,23.4293,0.0,0,0,92.5,1.8,0.5,0.227,0.2376
Complete Adaptive TLBO,20260840,6,11,93.7172,35.144,0.0,0,0,92.5,1.78,0.495,0.2175,0.2667
Complete Adaptive TLBO,20260840,6,12,93.9032,23.4526,0.0,0,0,92.5,1.76,0.49,0.2083,0.2583
Complete Adaptive TLBO,20260840,6,13,93.9032,23.4758,0.0,0,0,92.5,1.74,0.485,0.1993,0.2816
Complete Adaptive TLBO,20260840,6,14,93.9032,23.4758,0.0,0,0,92.5,1.72,0.48,0.1905,0.2616
Complete Adaptive TLBO,20260840,6,15,93.9032,23.4758,0.0,0,0,92.5,1.7,0.475,0.182,0.2687
Complete Adaptive TLBO,20260840,6,16,93.9032,35.2137,0.0,0,0,92.5,1.68,0.47,0.1737,0.2369
Complete Adaptive TLBO,20260840,6,17,93.9032,23.4758,0.0,0,0,92.5,1.66,0.465,0.1657,0.2742
Complete Adaptive TLBO,20260840,6,18,93.9032,23.4758,0.0,0,0,92.5,1.64,0.46,0.1579,0.2781
Complete Adaptive TLBO,20260840,6,19,93.9032,23.4758,0.0,0,0,92.5,1.62,0.455,0.1503,0.247
Complete Adaptive TLBO,20260840,6,20,93.9032,23.4758,0.0,0,0,92.5,1.6,0.45,0.143,0.2629
Complete Adaptive TLBO,20260840,6,21,93.9032,23.4758,0.0,0,0,92.5,1.58,0.445,0.1359,0.2505
Complete Adaptive TLBO,20260840,6,22,93.9032,23.4758,0.0,0,0,92.5,1.56,0.44,0.1291,0.2686
Complete Adaptive TLBO,20260840,6,23,93.9032,23.4758,0.0,0,0,92.5,1.54,0.435,0.1225,0.2904
Complete Adaptive TLBO,20260840,6,24,93.9032,35.1378,0.0,0,0,92.5,1.52,0.43,0.1161,0.2484
Complete Adaptive TLBO,20260840,6,25,93.9032,23.4758,0.0,0,0,92.5,1.5,0.425,0.11,0.289
Complete Adaptive TLBO,20260840,6,26,93.9032,23.4758,0.0,0,0,92.5,1.48,0.42,0.1041,0.2723
Complete Adaptive TLBO,20260840,6,27,93.9032,23.4758,0.0,0,0,92.5,1.46,0.415,0.0985,0.235
Complete Adaptive TLBO,20260840,6,28,93.9032,23.4758,0.0,0,0,92.5,1.44,0.41,0.0931,0.2432
Complete Adaptive TLBO,20260840,6,29,93.9032,23.4758,0.0,0,0,92.5,1.42,0.405,0.0879,0.2507
Complete Adaptive TLBO,20260840,6,30,93.9032,23.4758,0.0,0,0,92.5,1.4,0.4,0.083,0.2526
Complete Adaptive TLBO,20260840,6,31,93.9032,23.4758,0.0,0,0,92.5,1.38,0.395,0.0783,0.2749
Complete Adaptive TLBO,20260840,6,32,93.9032,23.4758,0.0,0,0,92.5,1.36,0.39,0.0739,0.2394
Complete Adaptive TLBO,20260840,6,33,93.9032,23.4758,0.0,0,0,92.5,1.34,0.385,0.0697,0.263
Complete Adaptive TLBO,20260840,6,34,93.9032,23.4758,0.0,0,0,92.5,1.32,0.38,0.0657,0.245
Complete Adaptive TLBO,20260840,6,35,93.9032,23.4758,0.0,0,0,92.5,1.3,0.375,0.062,0.2097
Complete Adaptive TLBO,20260840,6,36,93.9032,46.814,0.0,0,0,92.5,1.28,0.37,0.0585,0.1944
Complete Adaptive TLBO,20260840,6,37,93.9032,81.8879,0.0,0,0,92.5,1.26,0.365,0.0553,0.1829
Complete Adaptive TLBO,20260840,6,38,93.9032,93.7179,93.185,0,0,92.5,1.24,0.36,0.0523,0.1636
Complete Adaptive TLBO,20260840,6,39,93.9032,93.8077,93.5064,0,0,92.5,1.22,0.355,0.0495,0.1366
Complete Adaptive TLBO,20260840,6,40,93.9032,93.891,93.806,0,0,92.5,1.2,0.35,0.047,0.1215
Complete Adaptive TLBO,20260840,6,41,93.9032,93.9032,93.9032,0,0,92.5,1.18,0.345,0.0447,0.1271
Complete Adaptive TLBO,20260840,6,42,93.9032,93.9032,93.9032,0,0,92.5,1.16,0.34,0.0427,0.1263
Complete Adaptive TLBO,20260840,6,43,93.9332,93.9069,93.9032,0,0,92.5,1.14,0.335,0.0409,0.1255
Complete Adaptive TLBO,20260840,6,44,93.9332,93.9145,93.9032,0,0,92.5,1.12,0.33,0.0393,0.1691
Complete Adaptive TLBO,20260840,6,45,93.9332,93.9182,93.9032,0,0,92.5,1.1,0.325,0.038,0.1663
Complete Adaptive TLBO,20260840,6,46,93.9332,93.9219,93.9032,0,0,92.5,1.08,0.32,0.0369,0.1806
Complete Adaptive TLBO,20260840,6,47,93.936,93.9261,93.9032,0,0,92.5,1.06,0.315,0.0361,0.1483
Complete Adaptive TLBO,20260840,6,48,94.016,93.9467,93.9032,0,0,92.5,1.04,0.31,0.0355,0.1964
Complete Adaptive TLBO,20260840,6,49,94.016,93.9608,93.9332,0,0,92.5,1.02,0.305,0.0351,0.1659
Complete Adaptive TLBO,20260840,6,50,94.016,93.9711,93.9332,0,0,92.5,1.0,0.3,0.035,0.1831
Complete Adaptive TLBO,20260841,7,1,93.24,23.2687,0.0,0,0,92.5,1.98,0.545,0.3231,0.3377
Complete Adaptive TLBO,20260841,7,2,93.4036,23.3304,0.0,0,0,92.5,1.96,0.54,0.3115,0.3201
Complete Adaptive TLBO,20260841,7,3,93.544,23.3684,0.0,0,0,92.5,1.94,0.535,0.3001,0.3422
Complete Adaptive TLBO,20260841,7,4,93.7616,23.4132,0.0,0,0,92.5,1.92,0.53,0.2889,0.3195
Complete Adaptive TLBO,20260841,7,5,93.82,34.9747,0.0,0,0,92.5,1.9,0.525,0.278,0.3002
Complete Adaptive TLBO,20260841,7,6,93.82,23.455,0.0,0,0,92.5,1.88,0.52,0.2673,0.2879
Complete Adaptive TLBO,20260841,7,7,93.82,35.1825,0.0,0,0,92.5,1.86,0.515,0.2569,0.2328
Complete Adaptive TLBO,20260841,7,8,93.82,46.91,0.0,0,0,92.5,1.84,0.51,0.2467,0.2471
Complete Adaptive TLBO,20260841,7,9,93.82,35.1825,0.0,0,0,92.5,1.82,0.505,0.2367,0.1926
Complete Adaptive TLBO,20260841,7,10,93.82,23.455,0.0,0,0,92.5,1.8,0.5,0.227,0.2545
Complete Adaptive TLBO,20260841,7,11,93.82,23.455,0.0,0,0,92.5,1.78,0.495,0.2175,0.282
Complete Adaptive TLBO,20260841,7,12,93.82,23.455,0.0,0,0,92.5,1.76,0.49,0.2083,0.3061
Complete Adaptive TLBO,20260841,7,13,93.82,23.455,0.0,0,0,92.5,1.74,0.485,0.1993,0.2811
Complete Adaptive TLBO,20260841,7,14,93.82,23.455,0.0,0,0,92.5,1.72,0.48,0.1905,0.2755
Complete Adaptive TLBO,20260841,7,15,93.82,23.455,0.0,0,0,92.5,1.7,0.475,0.182,0.2599
Complete Adaptive TLBO,20260841,7,16,93.82,23.455,0.0,0,0,92.5,1.68,0.47,0.1737,0.2669
Complete Adaptive TLBO,20260841,7,17,93.82,23.455,0.0,0,0,92.5,1.66,0.465,0.1657,0.2366
Complete Adaptive TLBO,20260841,7,18,93.868,23.461,0.0,0,0,92.5,1.64,0.46,0.1579,0.2797
Complete Adaptive TLBO,20260841,7,19,93.868,23.467,0.0,0,0,92.5,1.62,0.455,0.1503,0.2519
Complete Adaptive TLBO,20260841,7,20,93.868,35.2005,0.0,0,0,92.5,1.6,0.45,0.143,0.2127
Complete Adaptive TLBO,20260841,7,21,93.868,35.2005,0.0,0,0,92.5,1.58,0.445,0.1359,0.22
Complete Adaptive TLBO,20260841,7,22,93.9172,23.4731,0.0,0,0,92.5,1.56,0.44,0.1291,0.2441
Complete Adaptive TLBO,20260841,7,23,93.9172,35.2189,0.0,0,0,92.5,1.54,0.435,0.1225,0.2376
Complete Adaptive TLBO,20260841,7,24,93.9172,35.1351,0.0,0,0,92.5,1.52,0.43,0.1161,0.2264
Complete Adaptive TLBO,20260841,7,25,93.97,46.8474,0.0,0,0,92.5,1.5,0.425,0.11,0.2668
Complete Adaptive TLBO,20260841,7,26,93.97,35.0222,0.0,0,0,92.5,1.48,0.42,0.1041,0.2522
Complete Adaptive TLBO,20260841,7,27,93.97,23.4925,0.0,0,0,92.5,1.46,0.415,0.0985,0.3924
Complete Adaptive TLBO,20260841,7,28,93.97,23.4925,0.0,0,0,92.5,1.44,0.41,0.0931,0.6144
Complete Adaptive TLBO,20260841,7,29,93.97,35.2387,0.0,0,0,92.5,1.42,0.405,0.0879,0.2807
Complete Adaptive TLBO,20260841,7,30,93.97,23.4925,0.0,0,0,92.5,1.4,0.4,0.083,0.2908
Complete Adaptive TLBO,20260841,7,31,93.97,23.4925,0.0,0,0,92.5,1.38,0.395,0.0783,0.2654
Complete Adaptive TLBO,20260841,7,32,93.97,23.4925,0.0,0,0,92.5,1.36,0.39,0.0739,0.3562
Complete Adaptive TLBO,20260841,7,33,93.97,23.4925,0.0,0,0,92.5,1.34,0.385,0.0697,0.2751
Complete Adaptive TLBO,20260841,7,34,93.97,23.4925,0.0,0,0,92.5,1.32,0.38,0.0657,0.2949
Complete Adaptive TLBO,20260841,7,35,93.984,23.4943,0.0,0,0,92.5,1.3,0.375,0.062,0.2853
Complete Adaptive TLBO,20260841,7,36,93.984,46.8169,0.0,0,0,92.5,1.28,0.37,0.0585,0.2084
Complete Adaptive TLBO,20260841,7,37,93.984,58.6401,0.0,0,0,92.5,1.26,0.365,0.0553,0.1954
Complete Adaptive TLBO,20260841,7,38,93.984,70.4034,0.0,0,0,92.5,1.24,0.36,0.0523,0.1533
Complete Adaptive TLBO,20260841,7,39,93.984,93.8465,93.354,0,0,92.5,1.22,0.355,0.0495,0.1753
Complete Adaptive TLBO,20260841,7,40,93.984,93.9275,93.546,0,0,92.5,1.2,0.35,0.047,0.1386
Complete Adaptive TLBO,20260841,7,41,93.984,93.9822,93.97,0,0,92.5,1.18,0.345,0.0447,0.1182
Complete Adaptive TLBO,20260841,7,42,93.984,93.984,93.984,0,0,92.5,1.16,0.34,0.0427,0.0938
Complete Adaptive TLBO,20260841,7,43,93.984,93.984,93.984,0,0,92.5,1.14,0.335,0.0409,0.0972
Complete Adaptive TLBO,20260841,7,44,93.984,93.984,93.984,0,0,92.5,1.12,0.33,0.0393,0.1133
Complete Adaptive TLBO,20260841,7,45,93.984,93.984,93.984,0,0,92.5,1.1,0.325,0.038,0.099
Complete Adaptive TLBO,20260841,7,46,93.988,93.985,93.984,0,0,92.5,1.08,0.32,0.0369,0.148
Complete Adaptive TLBO,20260841,7,47,93.988,93.986,93.984,0,0,92.5,1.06,0.315,0.0361,0.1394
Complete Adaptive TLBO,20260841,7,48,93.988,93.9865,93.984,0,0,92.5,1.04,0.31,0.0355,0.1743
Complete Adaptive TLBO,20260841,7,49,93.988,93.987,93.984,0,0,92.5,1.02,0.305,0.0351,0.1559
Complete Adaptive TLBO,20260841,7,50,94.01,93.9903,93.984,0,0,92.5,1.0,0.3,0.035,0.1748
Complete Adaptive TLBO,20260842,8,1,93.7072,23.4215,0.0,0,0,92.5,1.98,0.545,0.3231,0.3405
Complete Adaptive TLBO,20260842,8,2,93.844,23.4444,0.0,0,0,92.5,1.96,0.54,0.3115,0.3408
Complete Adaptive TLBO,20260842,8,3,93.844,23.461,0.0,0,0,92.5,1.94,0.535,0.3001,0.2739
Complete Adaptive TLBO,20260842,8,4,93.844,23.461,0.0,0,0,92.5,1.92,0.53,0.2889,0.237
Complete Adaptive TLBO,20260842,8,5,93.844,23.461,0.0,0,0,92.5,1.9,0.525,0.278,0.2404
Complete Adaptive TLBO,20260842,8,6,93.844,23.461,0.0,0,0,92.5,1.88,0.52,0.2673,0.2577
Complete Adaptive TLBO,20260842,8,7,93.8932,46.7328,0.0,0,0,92.5,1.86,0.515,0.2569,0.272
Complete Adaptive TLBO,20260842,8,8,93.8932,23.4733,0.0,0,0,92.5,1.84,0.51,0.2467,0.2496
Complete Adaptive TLBO,20260842,8,9,93.8932,23.4733,0.0,0,0,92.5,1.82,0.505,0.2367,0.2547
Complete Adaptive TLBO,20260842,8,10,93.9232,46.9072,0.0,0,0,92.5,1.8,0.5,0.227,0.2721
Complete Adaptive TLBO,20260842,8,11,93.9232,58.6476,0.0,0,0,92.5,1.78,0.495,0.2175,0.2497
Complete Adaptive TLBO,20260842,8,12,93.9232,35.2212,0.0,0,0,92.5,1.76,0.49,0.2083,0.2431
Complete Adaptive TLBO,20260842,8,13,93.9532,35.2249,0.0,0,0,92.5,1.74,0.485,0.1993,0.2478
Complete Adaptive TLBO,20260842,8,14,93.9532,23.4883,0.0,0,0,92.5,1.72,0.48,0.1905,0.233
Complete Adaptive TLBO,20260842,8,15,93.9532,23.4883,0.0,0,0,92.5,1.7,0.475,0.182,0.2475
Complete Adaptive TLBO,20260842,8,16,93.9532,23.4883,0.0,0,0,92.5,1.68,0.47,0.1737,0.2519
Complete Adaptive TLBO,20260842,8,17,93.9532,35.2325,0.0,0,0,92.5,1.66,0.465,0.1657,0.2177
Complete Adaptive TLBO,20260842,8,18,94.006,35.127,0.0,0,0,92.5,1.64,0.46,0.1579,0.2477
Complete Adaptive TLBO,20260842,8,19,94.006,23.5015,0.0,0,0,92.5,1.62,0.455,0.1503,0.2594
Complete Adaptive TLBO,20260842,8,20,94.006,23.5015,0.0,0,0,92.5,1.6,0.45,0.143,0.2463
Complete Adaptive TLBO,20260842,8,21,94.006,23.5015,0.0,0,0,92.5,1.58,0.445,0.1359,0.2281
Complete Adaptive TLBO,20260842,8,22,94.006,23.5015,0.0,0,0,92.5,1.56,0.44,0.1291,0.2569
Complete Adaptive TLBO,20260842,8,23,94.006,23.5015,0.0,0,0,92.5,1.54,0.435,0.1225,0.2733
Complete Adaptive TLBO,20260842,8,24,94.006,23.5015,0.0,0,0,92.5,1.52,0.43,0.1161,0.2482
Complete Adaptive TLBO,20260842,8,25,94.006,23.5015,0.0,0,0,92.5,1.5,0.425,0.11,0.2568
Complete Adaptive TLBO,20260842,8,26,94.006,46.78,0.0,0,0,92.5,1.48,0.42,0.1041,0.2472
Complete Adaptive TLBO,20260842,8,27,94.006,35.185,0.0,0,0,92.5,1.46,0.415,0.0985,0.2347
Complete Adaptive TLBO,20260842,8,28,94.006,23.5015,0.0,0,0,92.5,1.44,0.41,0.0931,0.236
Complete Adaptive TLBO,20260842,8,29,94.006,35.0938,0.0,0,0,92.5,1.42,0.405,0.0879,0.2331
Complete Adaptive TLBO,20260842,8,30,94.006,35.0063,0.0,0,0,92.5,1.4,0.4,0.083,0.247
Complete Adaptive TLBO,20260842,8,31,94.006,35.1623,0.0,0,0,92.5,1.38,0.395,0.0783,0.2351
Complete Adaptive TLBO,20260842,8,32,94.006,35.1317,0.0,0,0,92.5,1.36,0.39,0.0739,0.2514
Complete Adaptive TLBO,20260842,8,33,94.006,23.5015,0.0,0,0,92.5,1.34,0.385,0.0697,0.272
Complete Adaptive TLBO,20260842,8,34,94.006,23.5015,0.0,0,0,92.5,1.32,0.38,0.0657,0.307
Complete Adaptive TLBO,20260842,8,35,94.006,46.7313,0.0,0,0,92.5,1.3,0.375,0.062,0.2599
Complete Adaptive TLBO,20260842,8,36,94.006,70.2061,0.0,0,0,92.5,1.28,0.37,0.0585,0.1957
Complete Adaptive TLBO,20260842,8,37,94.006,82.0373,0.0,0,0,92.5,1.26,0.365,0.0553,0.1876
Complete Adaptive TLBO,20260842,8,38,94.006,93.8528,93.3858,0,0,92.5,1.24,0.36,0.0523,0.1687
Complete Adaptive TLBO,20260842,8,39,94.006,93.9303,93.6144,0,0,92.5,1.22,0.355,0.0495,0.1582
Complete Adaptive TLBO,20260842,8,40,94.006,93.9793,93.792,0,0,92.5,1.2,0.35,0.047,0.1376
Complete Adaptive TLBO,20260842,8,41,94.006,94.006,94.006,0,0,92.5,1.18,0.345,0.0447,0.0952
Complete Adaptive TLBO,20260842,8,42,94.006,94.006,94.006,0,0,92.5,1.16,0.34,0.0427,0.096
Complete Adaptive TLBO,20260842,8,43,94.006,94.006,94.006,0,0,92.5,1.14,0.335,0.0409,0.0918
Complete Adaptive TLBO,20260842,8,44,94.006,94.006,94.006,0,0,92.5,1.12,0.33,0.0393,0.102
Complete Adaptive TLBO,20260842,8,45,94.006,94.006,94.006,0,0,92.5,1.1,0.325,0.038,0.104
Complete Adaptive TLBO,20260842,8,46,94.006,94.006,94.006,0,0,92.5,1.08,0.32,0.0369,0.0961
Complete Adaptive TLBO,20260842,8,47,94.006,94.006,94.006,0,0,92.5,1.06,0.315,0.0361,0.0999
Complete Adaptive TLBO,20260842,8,48,94.006,94.006,94.006,0,0,92.5,1.04,0.31,0.0355,0.1027
Complete Adaptive TLBO,20260842,8,49,94.006,94.006,94.006,0,0,92.5,1.02,0.305,0.0351,0.0955
Complete Adaptive TLBO,20260842,8,50,94.006,94.006,94.006,0,0,92.5,1.0,0.3,0.035,0.1147
Complete Adaptive TLBO,20260843,9,1,93.3592,23.3254,0.0,0,0,92.5,1.98,0.545,0.3231,0.2883
Complete Adaptive TLBO,20260843,9,2,93.3592,23.3398,0.0,0,0,92.5,1.96,0.54,0.3115,0.2884
Complete Adaptive TLBO,20260843,9,3,93.6652,23.3894,0.0,0,0,92.5,1.94,0.535,0.3001,0.3012
Complete Adaptive TLBO,20260843,9,4,93.736,35.1064,0.0,0,0,92.5,1.92,0.53,0.2889,0.2953
Complete Adaptive TLBO,20260843,9,5,93.736,35.1422,0.0,0,0,92.5,1.9,0.525,0.278,0.2479
Complete Adaptive TLBO,20260843,9,6,93.8332,35.1543,0.0,0,0,92.5,1.88,0.52,0.2673,0.246
Complete Adaptive TLBO,20260843,9,7,93.8332,23.4583,0.0,0,0,92.5,1.86,0.515,0.2569,0.2678
Complete Adaptive TLBO,20260843,9,8,93.8332,23.4583,0.0,0,0,92.5,1.84,0.51,0.2467,0.2591
Complete Adaptive TLBO,20260843,9,9,93.8332,23.4583,0.0,0,0,92.5,1.82,0.505,0.2367,0.2367
Complete Adaptive TLBO,20260843,9,10,93.8332,23.4583,0.0,0,0,92.5,1.8,0.5,0.227,0.2495
Complete Adaptive TLBO,20260843,9,11,93.8332,23.4583,0.0,0,0,92.5,1.78,0.495,0.2175,0.2634
Complete Adaptive TLBO,20260843,9,12,93.8332,23.4583,0.0,0,0,92.5,1.76,0.49,0.2083,0.2802
Complete Adaptive TLBO,20260843,9,13,93.8332,23.4583,0.0,0,0,92.5,1.74,0.485,0.1993,0.2462
Complete Adaptive TLBO,20260843,9,14,93.8332,23.4583,0.0,0,0,92.5,1.72,0.48,0.1905,0.2455
Complete Adaptive TLBO,20260843,9,15,93.8332,23.4583,0.0,0,0,92.5,1.7,0.475,0.182,0.2445
Complete Adaptive TLBO,20260843,9,16,93.8332,23.4583,0.0,0,0,92.5,1.68,0.47,0.1737,0.2536
Complete Adaptive TLBO,20260843,9,17,93.8372,23.4588,0.0,0,0,92.5,1.66,0.465,0.1657,0.258
Complete Adaptive TLBO,20260843,9,18,93.8372,23.4593,0.0,0,0,92.5,1.64,0.46,0.1579,0.2511
Complete Adaptive TLBO,20260843,9,19,93.8372,35.0121,0.0,0,0,92.5,1.62,0.455,0.1503,0.2255
Complete Adaptive TLBO,20260843,9,20,93.8372,35.0952,0.0,0,0,92.5,1.6,0.45,0.143,0.2496
Complete Adaptive TLBO,20260843,9,21,93.8532,23.4613,0.0,0,0,92.5,1.58,0.445,0.1359,0.2803
Complete Adaptive TLBO,20260843,9,22,93.8532,35.0211,0.0,0,0,92.5,1.56,0.44,0.1291,0.2539
Complete Adaptive TLBO,20260843,9,23,93.8532,35.1949,0.0,0,0,92.5,1.54,0.435,0.1225,0.2054
Complete Adaptive TLBO,20260843,9,24,93.8532,35.1281,0.0,0,0,92.5,1.52,0.43,0.1161,0.2233
Complete Adaptive TLBO,20260843,9,25,93.8532,23.4633,0.0,0,0,92.5,1.5,0.425,0.11,0.2562
Complete Adaptive TLBO,20260843,9,26,93.8532,23.4633,0.0,0,0,92.5,1.48,0.42,0.1041,0.2288
Complete Adaptive TLBO,20260843,9,27,93.8532,23.4633,0.0,0,0,92.5,1.46,0.415,0.0985,0.2493
Complete Adaptive TLBO,20260843,9,28,93.8532,23.4633,0.0,0,0,92.5,1.44,0.41,0.0931,0.2283
Complete Adaptive TLBO,20260843,9,29,93.8532,23.4633,0.0,0,0,92.5,1.42,0.405,0.0879,0.2928
Complete Adaptive TLBO,20260843,9,30,93.8532,23.4633,0.0,0,0,92.5,1.4,0.4,0.083,0.2785
Complete Adaptive TLBO,20260843,9,31,93.8532,35.0366,0.0,0,0,92.5,1.38,0.395,0.0783,0.2132
Complete Adaptive TLBO,20260843,9,32,93.906,35.0432,0.0,0,0,92.5,1.36,0.39,0.0739,0.2662
Complete Adaptive TLBO,20260843,9,33,93.906,35.2082,0.0,0,0,92.5,1.34,0.385,0.0697,0.247
Complete Adaptive TLBO,20260843,9,34,93.922,35.2168,0.0,0,0,92.5,1.32,0.38,0.0657,0.2624
Complete Adaptive TLBO,20260843,9,35,93.922,46.957,0.0,0,0,92.5,1.3,0.375,0.062,0.2074
Complete Adaptive TLBO,20260843,9,36,93.922,70.3684,0.0,0,0,92.5,1.28,0.37,0.0585,0.1801
Complete Adaptive TLBO,20260843,9,37,93.922,82.1087,0.0,0,0,92.5,1.26,0.365,0.0553,0.1689
Complete Adaptive TLBO,20260843,9,38,93.922,93.849,93.3536,0,0,92.5,1.24,0.36,0.0523,0.1416
Complete Adaptive TLBO,20260843,9,39,93.922,93.92,93.906,0,0,92.5,1.22,0.355,0.0495,0.1396
Complete Adaptive TLBO,20260843,9,40,93.922,93.922,93.922,0,0,92.5,1.2,0.35,0.047,0.126
Complete Adaptive TLBO,20260843,9,41,93.922,93.922,93.922,0,0,92.5,1.18,0.345,0.0447,0.0976
Complete Adaptive TLBO,20260843,9,42,93.922,93.922,93.922,0,0,92.5,1.16,0.34,0.0427,0.1301
Complete Adaptive TLBO,20260843,9,43,93.922,93.922,93.922,0,0,92.5,1.14,0.335,0.0409,0.1161
Complete Adaptive TLBO,20260843,9,44,93.922,93.922,93.922,0,0,92.5,1.12,0.33,0.0393,0.1124
Complete Adaptive TLBO,20260843,9,45,93.922,93.922,93.922,0,0,92.5,1.1,0.325,0.038,0.1277
Complete Adaptive TLBO,20260843,9,46,93.922,93.922,93.922,0,0,92.5,1.08,0.32,0.0369,0.1434
Complete Adaptive TLBO,20260843,9,47,93.922,93.922,93.922,0,0,92.5,1.06,0.315,0.0361,0.1331
Complete Adaptive TLBO,20260843,9,48,93.922,93.922,93.922,0,0,92.5,1.04,0.31,0.0355,0.1372
Complete Adaptive TLBO,20260843,9,49,93.922,93.922,93.922,0,0,92.5,1.02,0.305,0.0351,0.1344
Complete Adaptive TLBO,20260843,9,50,93.922,93.922,93.922,0,0,92.5,1.0,0.3,0.035,0.1397
Complete Adaptive TLBO,20260844,10,1,93.2776,23.2732,0.0,0,0,92.5,1.98,0.545,0.3231,0.3514
Complete Adaptive TLBO,20260844,10,2,93.2776,34.9329,0.0,0,0,92.5,1.96,0.54,0.3115,0.2696
Complete Adaptive TLBO,20260844,10,3,93.51,23.3484,0.0,0,0,92.5,1.94,0.535,0.3001,0.2981
Complete Adaptive TLBO,20260844,10,4,93.51,23.3775,0.0,0,0,92.5,1.92,0.53,0.2889,0.2552
Complete Adaptive TLBO,20260844,10,5,93.6372,35.0875,0.0,0,0,92.5,1.9,0.525,0.278,0.2768
Complete Adaptive TLBO,20260844,10,6,93.6372,35.0981,0.0,0,0,92.5,1.88,0.52,0.2673,0.2498
Complete Adaptive TLBO,20260844,10,7,93.6372,46.6959,0.0,0,0,92.5,1.86,0.515,0.2569,0.2137
Complete Adaptive TLBO,20260844,10,8,93.7236,23.4201,0.0,0,0,92.5,1.84,0.51,0.2467,0.2639
Complete Adaptive TLBO,20260844,10,9,93.7236,35.1356,0.0,0,0,92.5,1.82,0.505,0.2367,0.2366
Complete Adaptive TLBO,20260844,10,10,93.768,35.1519,0.0,0,0,92.5,1.8,0.5,0.227,0.2547
Complete Adaptive TLBO,20260844,10,11,93.768,46.8729,0.0,0,0,92.5,1.78,0.495,0.2175,0.2421
Complete Adaptive TLBO,20260844,10,12,93.768,23.442,0.0,0,0,92.5,1.76,0.49,0.2083,0.2539
Complete Adaptive TLBO,20260844,10,13,93.816,23.448,0.0,0,0,92.5,1.74,0.485,0.1993,0.2635
Complete Adaptive TLBO,20260844,10,14,93.8292,23.4556,0.0,0,0,92.5,1.72,0.48,0.1905,0.2828
Complete Adaptive TLBO,20260844,10,15,93.8292,23.4573,0.0,0,0,92.5,1.7,0.475,0.182,0.2394
Complete Adaptive TLBO,20260844,10,16,93.8292,23.4573,0.0,0,0,92.5,1.68,0.47,0.1737,0.2437
Complete Adaptive TLBO,20260844,10,17,93.8292,23.4573,0.0,0,0,92.5,1.66,0.465,0.1657,0.2321
Complete Adaptive TLBO,20260844,10,18,93.8292,23.4573,0.0,0,0,92.5,1.64,0.46,0.1579,0.2377
Complete Adaptive TLBO,20260844,10,19,93.8292,23.4573,0.0,0,0,92.5,1.62,0.455,0.1503,0.2394
Complete Adaptive TLBO,20260844,10,20,93.8292,23.4573,0.0,0,0,92.5,1.6,0.45,0.143,0.2758
Complete Adaptive TLBO,20260844,10,21,93.8292,23.4573,0.0,0,0,92.5,1.58,0.445,0.1359,0.231
Complete Adaptive TLBO,20260844,10,22,93.8292,23.4573,0.0,0,0,92.5,1.56,0.44,0.1291,0.2243
Complete Adaptive TLBO,20260844,10,23,93.8292,23.4573,0.0,0,0,92.5,1.54,0.435,0.1225,0.2529
Complete Adaptive TLBO,20260844,10,24,93.8292,23.4573,0.0,0,0,92.5,1.52,0.43,0.1161,0.2387
Complete Adaptive TLBO,20260844,10,25,93.8292,23.4573,0.0,0,0,92.5,1.5,0.425,0.11,0.2411
Complete Adaptive TLBO,20260844,10,26,93.8292,23.4573,0.0,0,0,92.5,1.48,0.42,0.1041,0.2586
Complete Adaptive TLBO,20260844,10,27,93.8292,35.0823,0.0,0,0,92.5,1.46,0.415,0.0985,0.2312
Complete Adaptive TLBO,20260844,10,28,93.8292,35.0718,0.0,0,0,92.5,1.44,0.41,0.0931,0.2441
Complete Adaptive TLBO,20260844,10,29,93.8292,35.0122,0.0,0,0,92.5,1.42,0.405,0.0879,0.2297
Complete Adaptive TLBO,20260844,10,30,93.8732,23.4628,0.0,0,0,92.5,1.4,0.4,0.083,0.2686
Complete Adaptive TLBO,20260844,10,31,93.8732,35.1452,0.0,0,0,92.5,1.38,0.395,0.0783,0.2226
Complete Adaptive TLBO,20260844,10,32,93.8732,35.0483,0.0,0,0,92.5,1.36,0.39,0.0739,0.2529
Complete Adaptive TLBO,20260844,10,33,93.8732,35.2024,0.0,0,0,92.5,1.34,0.385,0.0697,0.2218
Complete Adaptive TLBO,20260844,10,34,93.8732,46.9366,0.0,0,0,92.5,1.32,0.38,0.0657,0.2181
Complete Adaptive TLBO,20260844,10,35,93.9032,58.5231,0.0,0,0,92.5,1.3,0.375,0.062,0.1796
Complete Adaptive TLBO,20260844,10,36,93.9032,81.8722,0.0,0,0,92.5,1.28,0.37,0.0585,0.1839
Complete Adaptive TLBO,20260844,10,37,93.9032,93.69,93.0548,0,0,92.5,1.26,0.365,0.0553,0.1637
Complete Adaptive TLBO,20260844,10,38,93.9032,93.796,93.136,0,0,92.5,1.24,0.36,0.0523,0.1621
Complete Adaptive TLBO,20260844,10,39,93.9032,93.8919,93.8732,0,0,92.5,1.22,0.355,0.0495,0.1532
Complete Adaptive TLBO,20260844,10,40,93.9032,93.8957,93.8732,0,0,92.5,1.2,0.35,0.047,0.1253
Complete Adaptive TLBO,20260844,10,41,93.9032,93.8995,93.8732,0,0,92.5,1.18,0.345,0.0447,0.1356
Complete Adaptive TLBO,20260844,10,42,93.9032,93.9032,93.9032,0,0,92.5,1.16,0.34,0.0427,0.1279
Complete Adaptive TLBO,20260844,10,43,93.9032,93.9032,93.9032,0,0,92.5,1.14,0.335,0.0409,0.1006
Complete Adaptive TLBO,20260844,10,44,93.956,93.9103,93.9032,0,0,92.5,1.12,0.33,0.0393,0.1234
Complete Adaptive TLBO,20260844,10,45,93.956,93.9235,93.9032,0,0,92.5,1.1,0.325,0.038,0.1231
Complete Adaptive TLBO,20260844,10,46,93.956,93.9367,93.9032,0,0,92.5,1.08,0.32,0.0369,0.1337
Complete Adaptive TLBO,20260844,10,47,93.956,93.9433,93.9032,0,0,92.5,1.06,0.315,0.0361,0.1274
Complete Adaptive TLBO,20260844,10,48,93.956,93.9499,93.9072,0,0,92.5,1.04,0.31,0.0355,0.1172
Complete Adaptive TLBO,20260844,10,49,93.956,93.956,93.956,0,0,92.5,1.02,0.305,0.0351,0.0845
Complete Adaptive TLBO,20260844,10,50,93.956,93.956,93.956,0,0,92.5,1.0,0.3,0.035,0.1071
Complete Adaptive TLBO,20260845,11,1,93.6344,23.3508,0.0,0,0,92.5,1.98,0.545,0.3231,0.3209
Complete Adaptive TLBO,20260845,11,2,93.88,23.4393,0.0,0,0,92.5,1.96,0.54,0.3115,0.2885
Complete Adaptive TLBO,20260845,11,3,93.88,23.47,0.0,0,0,92.5,1.94,0.535,0.3001,0.2687
Complete Adaptive TLBO,20260845,11,4,93.9852,23.4832,0.0,0,0,92.5,1.92,0.53,0.2889,0.2584
Complete Adaptive TLBO,20260845,11,5,94.038,23.5029,0.0,0,0,92.5,1.9,0.525,0.278,0.3049
Complete Adaptive TLBO,20260845,11,6,94.038,23.5095,0.0,0,0,92.5,1.88,0.52,0.2673,0.2989
Complete Adaptive TLBO,20260845,11,7,94.038,23.5095,0.0,0,0,92.5,1.86,0.515,0.2569,0.2471
Complete Adaptive TLBO,20260845,11,8,94.038,23.5095,0.0,0,0,92.5,1.84,0.51,0.2467,0.2398
Complete Adaptive TLBO,20260845,11,9,94.038,35.2642,0.0,0,0,92.5,1.82,0.505,0.2367,0.2151
Complete Adaptive TLBO,20260845,11,10,94.038,23.5095,0.0,0,0,92.5,1.8,0.5,0.227,0.242
Complete Adaptive TLBO,20260845,11,11,94.038,23.5095,0.0,0,0,92.5,1.78,0.495,0.2175,0.2444
Complete Adaptive TLBO,20260845,11,12,94.038,23.5095,0.0,0,0,92.5,1.76,0.49,0.2083,0.2582
Complete Adaptive TLBO,20260845,11,13,94.038,23.5095,0.0,0,0,92.5,1.74,0.485,0.1993,0.2649
Complete Adaptive TLBO,20260845,11,14,94.038,23.5095,0.0,0,0,92.5,1.72,0.48,0.1905,0.2718
Complete Adaptive TLBO,20260845,11,15,94.038,23.5095,0.0,0,0,92.5,1.7,0.475,0.182,0.243
Complete Adaptive TLBO,20260845,11,16,94.038,23.5095,0.0,0,0,92.5,1.68,0.47,0.1737,0.2484
Complete Adaptive TLBO,20260845,11,17,94.038,23.5095,0.0,0,0,92.5,1.66,0.465,0.1657,0.2505
Complete Adaptive TLBO,20260845,11,18,94.038,23.5095,0.0,0,0,92.5,1.64,0.46,0.1579,0.245
Complete Adaptive TLBO,20260845,11,19,94.038,23.5095,0.0,0,0,92.5,1.62,0.455,0.1503,0.2239
Complete Adaptive TLBO,20260845,11,20,94.038,23.5095,0.0,0,0,92.5,1.6,0.45,0.143,0.2439
Complete Adaptive TLBO,20260845,11,21,94.038,23.5095,0.0,0,0,92.5,1.58,0.445,0.1359,0.2566
Complete Adaptive TLBO,20260845,11,22,94.038,23.5095,0.0,0,0,92.5,1.56,0.44,0.1291,0.2843
Complete Adaptive TLBO,20260845,11,23,94.038,23.5095,0.0,0,0,92.5,1.54,0.435,0.1225,0.2479
Complete Adaptive TLBO,20260845,11,24,94.038,23.5095,0.0,0,0,92.5,1.52,0.43,0.1161,0.2377
Complete Adaptive TLBO,20260845,11,25,94.038,23.5095,0.0,0,0,92.5,1.5,0.425,0.11,0.2452
Complete Adaptive TLBO,20260845,11,26,94.038,23.5095,0.0,0,0,92.5,1.48,0.42,0.1041,0.2943
Complete Adaptive TLBO,20260845,11,27,94.038,23.5095,0.0,0,0,92.5,1.46,0.415,0.0985,0.254
Complete Adaptive TLBO,20260845,11,28,94.038,23.5095,0.0,0,0,92.5,1.44,0.41,0.0931,0.2399
Complete Adaptive TLBO,20260845,11,29,94.038,23.5095,0.0,0,0,92.5,1.42,0.405,0.0879,0.2572
Complete Adaptive TLBO,20260845,11,30,94.038,35.0979,0.0,0,0,92.5,1.4,0.4,0.083,0.243
Complete Adaptive TLBO,20260845,11,31,94.038,23.5095,0.0,0,0,92.5,1.38,0.395,0.0783,0.2485
Complete Adaptive TLBO,20260845,11,32,94.038,46.8483,0.0,0,0,92.5,1.36,0.39,0.0739,0.2429
Complete Adaptive TLBO,20260845,11,33,94.038,35.1748,0.0,0,0,92.5,1.34,0.385,0.0697,0.2864
Complete Adaptive TLBO,20260845,11,34,94.038,23.5095,0.0,0,0,92.5,1.32,0.38,0.0657,0.2253
Complete Adaptive TLBO,20260845,11,35,94.038,23.5095,0.0,0,0,92.5,1.3,0.375,0.062,0.1974
Complete Adaptive TLBO,20260845,11,36,94.038,35.2642,0.0,0,0,92.5,1.28,0.37,0.0585,0.2223
Complete Adaptive TLBO,20260845,11,37,94.038,58.6961,0.0,0,0,92.5,1.26,0.365,0.0553,0.1634
Complete Adaptive TLBO,20260845,11,38,94.038,82.0721,0.0,0,0,92.5,1.24,0.36,0.0523,0.1819
Complete Adaptive TLBO,20260845,11,39,94.038,93.8794,93.3896,0,0,92.5,1.22,0.355,0.0495,0.1165
Complete Adaptive TLBO,20260845,11,40,94.038,93.9604,93.4172,0,0,92.5,1.2,0.35,0.047,0.1191
Complete Adaptive TLBO,20260845,11,41,94.038,94.038,94.038,0,0,92.5,1.18,0.345,0.0447,0.0948
Complete Adaptive TLBO,20260845,11,42,94.038,94.038,94.038,0,0,92.5,1.16,0.34,0.0427,0.1134
Complete Adaptive TLBO,20260845,11,43,94.038,94.038,94.038,0,0,92.5,1.14,0.335,0.0409,0.1125
Complete Adaptive TLBO,20260845,11,44,94.038,94.038,94.038,0,0,92.5,1.12,0.33,0.0393,0.0931
Complete Adaptive TLBO,20260845,11,45,94.038,94.038,94.038,0,0,92.5,1.1,0.325,0.038,0.1017
Complete Adaptive TLBO,20260845,11,46,94.038,94.038,94.038,0,0,92.5,1.08,0.32,0.0369,0.1026
Complete Adaptive TLBO,20260845,11,47,94.066,94.0415,94.038,0,0,92.5,1.06,0.315,0.0361,0.1348
Complete Adaptive TLBO,20260845,11,48,94.066,94.0485,94.038,0,0,92.5,1.04,0.31,0.0355,0.156
Complete Adaptive TLBO,20260845,11,49,94.066,94.052,94.038,0,0,92.5,1.02,0.305,0.0351,0.145
Complete Adaptive TLBO,20260845,11,50,94.066,94.0555,94.038,0,0,92.5,1.0,0.3,0.035,0.1387
Complete Adaptive TLBO,20260846,12,1,93.3772,23.3222,0.0,0,0,92.5,1.98,0.545,0.3231,0.3502
Complete Adaptive TLBO,20260846,12,2,93.448,23.3531,0.0,0,0,92.5,1.96,0.54,0.3115,0.3101
Complete Adaptive TLBO,20260846,12,3,93.6132,35.0636,0.0,0,0,92.5,1.94,0.535,0.3001,0.2586
Complete Adaptive TLBO,20260846,12,4,93.6132,23.4033,0.0,0,0,92.5,1.92,0.53,0.2889,0.2674
Complete Adaptive TLBO,20260846,12,5,93.772,23.4413,0.0,0,0,92.5,1.9,0.525,0.278,0.2847
Complete Adaptive TLBO,20260846,12,6,93.85,23.4587,0.0,0,0,92.5,1.88,0.52,0.2673,0.3118
Complete Adaptive TLBO,20260846,12,7,93.85,23.4625,0.0,0,0,92.5,1.86,0.515,0.2569,0.2626
Complete Adaptive TLBO,20260846,12,8,93.85,23.4625,0.0,0,0,92.5,1.84,0.51,0.2467,0.2487
Complete Adaptive TLBO,20260846,12,9,93.85,35.11,0.0,0,0,92.5,1.82,0.505,0.2367,0.2706
Complete Adaptive TLBO,20260846,12,10,93.85,35.0797,0.0,0,0,92.5,1.8,0.5,0.227,0.2271
Complete Adaptive TLBO,20260846,12,11,93.8992,23.4686,0.0,0,0,92.5,1.78,0.495,0.2175,0.2779
Complete Adaptive TLBO,20260846,12,12,93.8992,23.4748,0.0,0,0,92.5,1.76,0.49,0.2083,0.2215
Complete Adaptive TLBO,20260846,12,13,93.8992,35.0468,0.0,0,0,92.5,1.74,0.485,0.1993,0.2512
Complete Adaptive TLBO,20260846,12,14,93.9292,35.2159,0.0,0,0,92.5,1.72,0.48,0.1905,0.2762
Complete Adaptive TLBO,20260846,12,15,93.9292,35.1342,0.0,0,0,92.5,1.7,0.475,0.182,0.2223
Complete Adaptive TLBO,20260846,12,16,93.982,23.4889,0.0,0,0,92.5,1.68,0.47,0.1737,0.2615
Complete Adaptive TLBO,20260846,12,17,93.982,23.4955,0.0,0,0,92.5,1.66,0.465,0.1657,0.2657
Complete Adaptive TLBO,20260846,12,18,93.982,35.1698,0.0,0,0,92.5,1.64,0.46,0.1579,0.2482
Complete Adaptive TLBO,20260846,12,19,93.982,35.2433,0.0,0,0,92.5,1.62,0.455,0.1503,0.2369
Complete Adaptive TLBO,20260846,12,20,93.982,23.4955,0.0,0,0,92.5,1.6,0.45,0.143,0.2549
Complete Adaptive TLBO,20260846,12,21,93.982,23.4955,0.0,0,0,92.5,1.58,0.445,0.1359,0.2742
Complete Adaptive TLBO,20260846,12,22,93.982,23.4955,0.0,0,0,92.5,1.56,0.44,0.1291,0.2714
Complete Adaptive TLBO,20260846,12,23,93.982,23.4955,0.0,0,0,92.5,1.54,0.435,0.1225,0.3027
Complete Adaptive TLBO,20260846,12,24,93.982,23.4955,0.0,0,0,92.5,1.52,0.43,0.1161,0.275
Complete Adaptive TLBO,20260846,12,25,93.982,35.1454,0.0,0,0,92.5,1.5,0.425,0.11,0.2884
Complete Adaptive TLBO,20260846,12,26,93.982,23.4955,0.0,0,0,92.5,1.48,0.42,0.1041,0.2769
Complete Adaptive TLBO,20260846,12,27,93.982,23.4955,0.0,0,0,92.5,1.46,0.415,0.0985,0.2448
Complete Adaptive TLBO,20260846,12,28,93.982,23.4955,0.0,0,0,92.5,1.44,0.41,0.0931,0.2446
Complete Adaptive TLBO,20260846,12,29,93.982,23.4955,0.0,0,0,92.5,1.42,0.405,0.0879,0.2712
Complete Adaptive TLBO,20260846,12,30,93.982,23.4955,0.0,0,0,92.5,1.4,0.4,0.083,0.2544
Complete Adaptive TLBO,20260846,12,31,93.982,23.4955,0.0,0,0,92.5,1.38,0.395,0.0783,0.2631
Complete Adaptive TLBO,20260846,12,32,93.982,35.1142,0.0,0,0,92.5,1.36,0.39,0.0739,0.2785
Complete Adaptive TLBO,20260846,12,33,93.982,35.1604,0.0,0,0,92.5,1.34,0.385,0.0697,0.2584
Complete Adaptive TLBO,20260846,12,34,94.01,35.1032,0.0,0,0,92.5,1.32,0.38,0.0657,0.3046
Complete Adaptive TLBO,20260846,12,35,94.01,58.491,0.0,0,0,92.5,1.3,0.375,0.062,0.2088
Complete Adaptive TLBO,20260846,12,36,94.01,81.9024,0.0,0,0,92.5,1.28,0.37,0.0585,0.1862
Complete Adaptive TLBO,20260846,12,37,94.01,93.6787,92.8334,0,0,92.5,1.26,0.365,0.0553,0.1568
Complete Adaptive TLBO,20260846,12,38,94.01,93.8815,93.3076,0,0,92.5,1.24,0.36,0.0523,0.155
Complete Adaptive TLBO,20260846,12,39,94.01,93.9693,93.6844,0,0,92.5,1.22,0.355,0.0495,0.1283
Complete Adaptive TLBO,20260846,12,40,94.01,94.01,94.01,0,0,92.5,1.2,0.35,0.047,0.1004
Complete Adaptive TLBO,20260846,12,41,94.01,94.01,94.01,0,0,92.5,1.18,0.345,0.0447,0.1101
Complete Adaptive TLBO,20260846,12,42,94.01,94.01,94.01,0,0,92.5,1.16,0.34,0.0427,0.1077
Complete Adaptive TLBO,20260846,12,43,94.04,94.0138,94.01,0,0,92.5,1.14,0.335,0.0409,0.1281
Complete Adaptive TLBO,20260846,12,44,94.04,94.0213,94.01,0,0,92.5,1.12,0.33,0.0393,0.1639
Complete Adaptive TLBO,20260846,12,45,94.04,94.0325,94.01,0,0,92.5,1.1,0.325,0.038,0.108
Complete Adaptive TLBO,20260846,12,46,94.04,94.0363,94.01,0,0,92.5,1.08,0.32,0.0369,0.1267
Complete Adaptive TLBO,20260846,12,47,94.04,94.04,94.04,0,0,92.5,1.06,0.315,0.0361,0.1227
Complete Adaptive TLBO,20260846,12,48,94.04,94.04,94.04,0,0,92.5,1.04,0.31,0.0355,0.1005
Complete Adaptive TLBO,20260846,12,49,94.04,94.04,94.04,0,0,92.5,1.02,0.305,0.0351,0.1361
Complete Adaptive TLBO,20260846,12,50,94.04,94.04,94.04,0,0,92.5,1.0,0.3,0.035,0.1051
Complete Adaptive TLBO,20260847,13,1,93.1664,34.8806,0.0,0,0,92.5,1.98,0.545,0.3231,0.3313
Complete Adaptive TLBO,20260847,13,2,93.368,23.3168,0.0,0,0,92.5,1.96,0.54,0.3115,0.3074
Complete Adaptive TLBO,20260847,13,3,93.5692,23.385,0.0,0,0,92.5,1.94,0.535,0.3001,0.3487
Complete Adaptive TLBO,20260847,13,4,93.658,23.4034,0.0,0,0,92.5,1.92,0.53,0.2889,0.3148
Complete Adaptive TLBO,20260847,13,5,93.658,35.1106,0.0,0,0,92.5,1.9,0.525,0.278,0.2537
Complete Adaptive TLBO,20260847,13,6,93.658,23.4145,0.0,0,0,92.5,1.88,0.52,0.2673,0.2559
Complete Adaptive TLBO,20260847,13,7,93.658,35.1217,0.0,0,0,92.5,1.86,0.515,0.2569,0.233
Complete Adaptive TLBO,20260847,13,8,93.658,23.4145,0.0,0,0,92.5,1.84,0.51,0.2467,0.2445
Complete Adaptive TLBO,20260847,13,9,93.756,23.4267,0.0,0,0,92.5,1.82,0.505,0.2367,0.3076
Complete Adaptive TLBO,20260847,13,10,93.756,23.439,0.0,0,0,92.5,1.8,0.5,0.227,0.2565
Complete Adaptive TLBO,20260847,13,11,93.756,23.439,0.0,0,0,92.5,1.78,0.495,0.2175,0.265
Complete Adaptive TLBO,20260847,13,12,93.756,23.439,0.0,0,0,92.5,1.76,0.49,0.2083,0.2687
Complete Adaptive TLBO,20260847,13,13,93.756,34.9821,0.0,0,0,92.5,1.74,0.485,0.1993,0.2655
Complete Adaptive TLBO,20260847,13,14,93.756,35.0868,0.0,0,0,92.5,1.72,0.48,0.1905,0.3003
Complete Adaptive TLBO,20260847,13,15,93.756,23.439,0.0,0,0,92.5,1.7,0.475,0.182,0.2698
Complete Adaptive TLBO,20260847,13,16,93.756,23.439,0.0,0,0,92.5,1.68,0.47,0.1737,0.2729
Complete Adaptive TLBO,20260847,13,17,93.756,23.439,0.0,0,0,92.5,1.66,0.465,0.1657,0.2512
Complete Adaptive TLBO,20260847,13,18,93.808,23.4455,0.0,0,0,92.5,1.64,0.46,0.1579,0.3043
Complete Adaptive TLBO,20260847,13,19,93.808,23.452,0.0,0,0,92.5,1.62,0.455,0.1503,0.2662
Complete Adaptive TLBO,20260847,13,20,93.836,23.4555,0.0,0,0,92.5,1.6,0.45,0.143,0.2814
Complete Adaptive TLBO,20260847,13,21,93.8852,23.4652,0.0,0,0,92.5,1.58,0.445,0.1359,0.3008
Complete Adaptive TLBO,20260847,13,22,93.8852,35.2008,0.0,0,0,92.5,1.56,0.44,0.1291,0.2516
Complete Adaptive TLBO,20260847,13,23,93.8852,23.4713,0.0,0,0,92.5,1.54,0.435,0.1225,0.2499
Complete Adaptive TLBO,20260847,13,24,93.8852,23.4713,0.0,0,0,92.5,1.52,0.43,0.1161,0.2554
Complete Adaptive TLBO,20260847,13,25,93.8852,23.4713,0.0,0,0,92.5,1.5,0.425,0.11,0.2538
Complete Adaptive TLBO,20260847,13,26,93.8852,23.4713,0.0,0,0,92.5,1.48,0.42,0.1041,0.2627
Complete Adaptive TLBO,20260847,13,27,93.8852,23.4713,0.0,0,0,92.5,1.46,0.415,0.0985,0.2588
Complete Adaptive TLBO,20260847,13,28,93.8852,23.4713,0.0,0,0,92.5,1.44,0.41,0.0931,0.2762
Complete Adaptive TLBO,20260847,13,29,93.8852,23.4713,0.0,0,0,92.5,1.42,0.405,0.0879,0.2663
Complete Adaptive TLBO,20260847,13,30,93.8852,46.7218,0.0,0,0,92.5,1.4,0.4,0.083,0.2431
Complete Adaptive TLBO,20260847,13,31,93.938,35.1132,0.0,0,0,92.5,1.38,0.395,0.0783,0.2811
Complete Adaptive TLBO,20260847,13,32,93.938,35.0675,0.0,0,0,92.5,1.36,0.39,0.0739,0.2353
Complete Adaptive TLBO,20260847,13,33,93.938,35.0331,0.0,0,0,92.5,1.34,0.385,0.0697,0.2531
Complete Adaptive TLBO,20260847,13,34,93.938,35.0331,0.0,0,0,92.5,1.32,0.38,0.0657,0.2542
Complete Adaptive TLBO,20260847,13,35,93.938,58.3941,0.0,0,0,92.5,1.3,0.375,0.062,0.2065
Complete Adaptive TLBO,20260847,13,36,93.938,81.8042,0.0,0,0,92.5,1.28,0.37,0.0585,0.1895
Complete Adaptive TLBO,20260847,13,37,93.938,93.7329,93.026,0,0,92.5,1.26,0.365,0.0553,0.1749
Complete Adaptive TLBO,20260847,13,38,93.938,93.8469,93.512,0,0,92.5,1.24,0.36,0.0523,0.1547
Complete Adaptive TLBO,20260847,13,39,93.938,93.9091,93.7072,0,0,92.5,1.22,0.355,0.0495,0.1187
Complete Adaptive TLBO,20260847,13,40,93.938,93.938,93.938,0,0,92.5,1.2,0.35,0.047,0.1203
Complete Adaptive TLBO,20260847,13,41,93.938,93.938,93.938,0,0,92.5,1.18,0.345,0.0447,0.1018
Complete Adaptive TLBO,20260847,13,42,93.938,93.938,93.938,0,0,92.5,1.16,0.34,0.0427,0.0994
Complete Adaptive TLBO,20260847,13,43,93.938,93.938,93.938,0,0,92.5,1.14,0.335,0.0409,0.103
Complete Adaptive TLBO,20260847,13,44,93.938,93.938,93.938,0,0,92.5,1.12,0.33,0.0393,0.113
Complete Adaptive TLBO,20260847,13,45,93.968,93.9417,93.938,0,0,92.5,1.1,0.325,0.038,0.1387
Complete Adaptive TLBO,20260847,13,46,93.998,93.954,93.938,0,0,92.5,1.08,0.32,0.0369,0.198
Complete Adaptive TLBO,20260847,13,47,93.998,93.9615,93.938,0,0,92.5,1.06,0.315,0.0361,0.173
Complete Adaptive TLBO,20260847,13,48,93.998,93.969,93.938,0,0,92.5,1.04,0.31,0.0355,0.1596
Complete Adaptive TLBO,20260847,13,49,93.998,93.9765,93.938,0,0,92.5,1.02,0.305,0.0351,0.1661
Complete Adaptive TLBO,20260847,13,50,93.998,93.984,93.938,0,0,92.5,1.0,0.3,0.035,0.1644
Complete Adaptive TLBO,20260848,14,1,93.578,23.336,0.0,0,0,92.5,1.98,0.545,0.3231,0.3296
Complete Adaptive TLBO,20260848,14,2,93.892,35.0974,0.0,0,0,92.5,1.96,0.54,0.3115,0.325
Complete Adaptive TLBO,20260848,14,3,93.9412,23.4791,0.0,0,0,92.5,1.94,0.535,0.3001,0.3199
Complete Adaptive TLBO,20260848,14,4,93.9412,35.2218,0.0,0,0,92.5,1.92,0.53,0.2889,0.2758
Complete Adaptive TLBO,20260848,14,5,93.9992,23.4926,0.0,0,0,92.5,1.9,0.525,0.278,0.2742
Complete Adaptive TLBO,20260848,14,6,93.9992,23.4998,0.0,0,0,92.5,1.88,0.52,0.2673,0.2606
Complete Adaptive TLBO,20260848,14,7,93.9992,23.4998,0.0,0,0,92.5,1.86,0.515,0.2569,0.2333
Complete Adaptive TLBO,20260848,14,8,93.9992,23.4998,0.0,0,0,92.5,1.84,0.51,0.2467,0.2602
Complete Adaptive TLBO,20260848,14,9,93.9992,23.4998,0.0,0,0,92.5,1.82,0.505,0.2367,0.2429
Complete Adaptive TLBO,20260848,14,10,93.9992,23.4998,0.0,0,0,92.5,1.8,0.5,0.227,0.2867
Complete Adaptive TLBO,20260848,14,11,93.9992,23.4998,0.0,0,0,92.5,1.78,0.495,0.2175,0.2521
Complete Adaptive TLBO,20260848,14,12,93.9992,35.1597,0.0,0,0,92.5,1.76,0.49,0.2083,0.2325
Complete Adaptive TLBO,20260848,14,13,93.9992,23.4998,0.0,0,0,92.5,1.74,0.485,0.1993,0.2636
Complete Adaptive TLBO,20260848,14,14,93.9992,23.4998,0.0,0,0,92.5,1.72,0.48,0.1905,0.2654
Complete Adaptive TLBO,20260848,14,15,93.9992,23.4998,0.0,0,0,92.5,1.7,0.475,0.182,0.268
Complete Adaptive TLBO,20260848,14,16,93.9992,23.4998,0.0,0,0,92.5,1.68,0.47,0.1737,0.2337
Complete Adaptive TLBO,20260848,14,17,93.9992,23.4998,0.0,0,0,92.5,1.66,0.465,0.1657,0.2516
Complete Adaptive TLBO,20260848,14,18,93.9992,23.4998,0.0,0,0,92.5,1.64,0.46,0.1579,0.2609
Complete Adaptive TLBO,20260848,14,19,93.9992,23.4998,0.0,0,0,92.5,1.62,0.455,0.1503,0.2498
Complete Adaptive TLBO,20260848,14,20,93.9992,23.4998,0.0,0,0,92.5,1.6,0.45,0.143,0.2359
Complete Adaptive TLBO,20260848,14,21,93.9992,23.4998,0.0,0,0,92.5,1.58,0.445,0.1359,0.2484
Complete Adaptive TLBO,20260848,14,22,93.9992,23.4998,0.0,0,0,92.5,1.56,0.44,0.1291,0.2262
Complete Adaptive TLBO,20260848,14,23,93.9992,23.4998,0.0,0,0,92.5,1.54,0.435,0.1225,0.2591
Complete Adaptive TLBO,20260848,14,24,93.9992,23.4998,0.0,0,0,92.5,1.52,0.43,0.1161,0.2743
Complete Adaptive TLBO,20260848,14,25,93.9992,23.4998,0.0,0,0,92.5,1.5,0.425,0.11,0.2412
Complete Adaptive TLBO,20260848,14,26,94.052,35.1444,0.0,0,0,92.5,1.48,0.42,0.1041,0.3106
Complete Adaptive TLBO,20260848,14,27,94.052,23.513,0.0,0,0,92.5,1.46,0.415,0.0985,0.3184
Complete Adaptive TLBO,20260848,14,28,94.052,23.513,0.0,0,0,92.5,1.44,0.41,0.0931,0.2523
Complete Adaptive TLBO,20260848,14,29,94.052,23.513,0.0,0,0,92.5,1.42,0.405,0.0879,0.2672
Complete Adaptive TLBO,20260848,14,30,94.052,23.513,0.0,0,0,92.5,1.4,0.4,0.083,0.2507
Complete Adaptive TLBO,20260848,14,31,94.052,23.513,0.0,0,0,92.5,1.38,0.395,0.0783,0.2593
Complete Adaptive TLBO,20260848,14,32,94.052,23.513,0.0,0,0,92.5,1.36,0.39,0.0739,0.2486
Complete Adaptive TLBO,20260848,14,33,94.052,35.1234,0.0,0,0,92.5,1.34,0.385,0.0697,0.2562
Complete Adaptive TLBO,20260848,14,34,94.052,23.513,0.0,0,0,92.5,1.32,0.38,0.0657,0.2402
Complete Adaptive TLBO,20260848,14,35,94.052,35.1746,0.0,0,0,92.5,1.3,0.375,0.062,0.2262
Complete Adaptive TLBO,20260848,14,36,94.052,58.6804,0.0,0,0,92.5,1.28,0.37,0.0585,0.18
Complete Adaptive TLBO,20260848,14,37,94.052,82.1176,0.0,0,0,92.5,1.26,0.365,0.0553,0.1805
Complete Adaptive TLBO,20260848,14,38,94.052,93.8742,93.326,0,0,92.5,1.24,0.36,0.0523,0.1565
Complete Adaptive TLBO,20260848,14,39,94.052,93.9649,93.612,0,0,92.5,1.22,0.355,0.0495,0.1418
Complete Adaptive TLBO,20260848,14,40,94.052,94.0199,93.7952,0,0,92.5,1.2,0.35,0.047,0.1281
Complete Adaptive TLBO,20260848,14,41,94.052,94.052,94.052,0,0,92.5,1.18,0.345,0.0447,0.1093
Complete Adaptive TLBO,20260848,14,42,94.052,94.052,94.052,0,0,92.5,1.16,0.34,0.0427,0.1071
Complete Adaptive TLBO,20260848,14,43,94.052,94.052,94.052,0,0,92.5,1.14,0.335,0.0409,0.1173
Complete Adaptive TLBO,20260848,14,44,94.052,94.052,94.052,0,0,92.5,1.12,0.33,0.0393,0.0974
Complete Adaptive TLBO,20260848,14,45,94.052,94.052,94.052,0,0,92.5,1.1,0.325,0.038,0.114
Complete Adaptive TLBO,20260848,14,46,94.052,94.052,94.052,0,0,92.5,1.08,0.32,0.0369,0.0945
Complete Adaptive TLBO,20260848,14,47,94.052,94.052,94.052,0,0,92.5,1.06,0.315,0.0361,0.1171
Complete Adaptive TLBO,20260848,14,48,94.052,94.052,94.052,0,0,92.5,1.04,0.31,0.0355,0.09
Complete Adaptive TLBO,20260848,14,49,94.052,94.052,94.052,0,0,92.5,1.02,0.305,0.0351,0.1176
Complete Adaptive TLBO,20260848,14,50,94.052,94.052,94.052,0,0,92.5,1.0,0.3,0.035,0.0953
Complete Adaptive TLBO,20260849,15,1,93.338,23.3204,0.0,0,0,92.5,1.98,0.545,0.3231,0.365
Complete Adaptive TLBO,20260849,15,2,93.338,23.3345,0.0,0,0,92.5,1.96,0.54,0.3115,0.2931
Complete Adaptive TLBO,20260849,15,3,93.338,23.3345,0.0,0,0,92.5,1.94,0.535,0.3001,0.2954
Complete Adaptive TLBO,20260849,15,4,93.3716,23.3387,0.0,0,0,92.5,1.92,0.53,0.2889,0.2817
Complete Adaptive TLBO,20260849,15,5,93.44,34.8178,0.0,0,0,92.5,1.9,0.525,0.278,0.2769
Complete Adaptive TLBO,20260849,15,6,93.44,23.36,0.0,0,0,92.5,1.88,0.52,0.2673,0.2556
Complete Adaptive TLBO,20260849,15,7,93.476,35.0445,0.0,0,0,92.5,1.86,0.515,0.2569,0.2907
Complete Adaptive TLBO,20260849,15,8,93.5504,23.3783,0.0,0,0,92.5,1.84,0.51,0.2467,0.2732
Complete Adaptive TLBO,20260849,15,9,93.5504,23.3876,0.0,0,0,92.5,1.82,0.505,0.2367,0.2512
Complete Adaptive TLBO,20260849,15,10,93.5504,23.3876,0.0,0,0,92.5,1.8,0.5,0.227,0.2732
Complete Adaptive TLBO,20260849,15,11,93.6692,23.4025,0.0,0,0,92.5,1.78,0.495,0.2175,0.2888
Complete Adaptive TLBO,20260849,15,12,93.7112,35.1312,0.0,0,0,92.5,1.76,0.49,0.2083,0.2955
Complete Adaptive TLBO,20260849,15,13,93.7112,23.4278,0.0,0,0,92.5,1.74,0.485,0.1993,0.2532
Complete Adaptive TLBO,20260849,15,14,93.876,23.4484,0.0,0,0,92.5,1.72,0.48,0.1905,0.2931
Complete Adaptive TLBO,20260849,15,15,93.876,35.0678,0.0,0,0,92.5,1.7,0.475,0.182,0.2624
Complete Adaptive TLBO,20260849,15,16,93.876,35.1387,0.0,0,0,92.5,1.68,0.47,0.1737,0.2412
Complete Adaptive TLBO,20260849,15,17,93.876,35.2035,0.0,0,0,92.5,1.66,0.465,0.1657,0.2599
Complete Adaptive TLBO,20260849,15,18,93.876,23.469,0.0,0,0,92.5,1.64,0.46,0.1579,0.233
Complete Adaptive TLBO,20260849,15,19,93.876,23.469,0.0,0,0,92.5,1.62,0.455,0.1503,0.2531
Complete Adaptive TLBO,20260849,15,20,93.876,23.469,0.0,0,0,92.5,1.6,0.45,0.143,0.2666
Complete Adaptive TLBO,20260849,15,21,93.876,23.469,0.0,0,0,92.5,1.58,0.445,0.1359,0.2686
Complete Adaptive TLBO,20260849,15,22,93.876,23.469,0.0,0,0,92.5,1.56,0.44,0.1291,0.2628
Complete Adaptive TLBO,20260849,15,23,93.876,23.469,0.0,0,0,92.5,1.54,0.435,0.1225,0.2462
Complete Adaptive TLBO,20260849,15,24,93.876,23.469,0.0,0,0,92.5,1.52,0.43,0.1161,0.2568
Complete Adaptive TLBO,20260849,15,25,93.902,23.4723,0.0,0,0,92.5,1.5,0.425,0.11,0.2927
Complete Adaptive TLBO,20260849,15,26,93.902,23.4755,0.0,0,0,92.5,1.48,0.42,0.1041,0.2395
Complete Adaptive TLBO,20260849,15,27,93.902,23.4755,0.0,0,0,92.5,1.46,0.415,0.0985,0.2633
Complete Adaptive TLBO,20260849,15,28,93.902,35.1007,0.0,0,0,92.5,1.44,0.41,0.0931,0.2267
Complete Adaptive TLBO,20260849,15,29,93.932,23.4793,0.0,0,0,92.5,1.42,0.405,0.0879,0.285
Complete Adaptive TLBO,20260849,15,30,93.932,23.483,0.0,0,0,92.5,1.4,0.4,0.083,0.2534
Complete Adaptive TLBO,20260849,15,31,93.932,23.483,0.0,0,0,92.5,1.38,0.395,0.0783,0.2436
Complete Adaptive TLBO,20260849,15,32,93.932,23.483,0.0,0,0,92.5,1.36,0.39,0.0739,0.2616
Complete Adaptive TLBO,20260849,15,33,93.932,35.2245,0.0,0,0,92.5,1.34,0.385,0.0697,0.2173
Complete Adaptive TLBO,20260849,15,34,93.932,46.8295,0.0,0,0,92.5,1.32,0.38,0.0657,0.2208
Complete Adaptive TLBO,20260849,15,35,93.932,46.8369,0.0,0,0,92.5,1.3,0.375,0.062,0.2716
Complete Adaptive TLBO,20260849,15,36,93.932,58.5784,0.0,0,0,92.5,1.28,0.37,0.0585,0.1914
Complete Adaptive TLBO,20260849,15,37,93.932,70.3199,0.0,0,0,92.5,1.26,0.365,0.0553,0.173
Complete Adaptive TLBO,20260849,15,38,93.932,93.776,92.899,0,0,92.5,1.24,0.36,0.0523,0.1402
Complete Adaptive TLBO,20260849,15,39,93.932,93.9096,93.7532,0,0,92.5,1.22,0.355,0.0495,0.125
Complete Adaptive TLBO,20260849,15,40,93.9812,93.9382,93.932,0,0,92.5,1.2,0.35,0.047,0.1436
Complete Adaptive TLBO,20260849,15,41,93.9812,93.9505,93.932,0,0,92.5,1.18,0.345,0.0447,0.1323
Complete Adaptive TLBO,20260849,15,42,93.9812,93.975,93.932,0,0,92.5,1.16,0.34,0.0427,0.1201
Complete Adaptive TLBO,20260849,15,43,93.9812,93.9812,93.9812,0,0,92.5,1.14,0.335,0.0409,0.0996
Complete Adaptive TLBO,20260849,15,44,94.034,93.9878,93.9812,0,0,92.5,1.12,0.33,0.0393,0.1202
Complete Adaptive TLBO,20260849,15,45,94.034,94.0142,93.9812,0,0,92.5,1.1,0.325,0.038,0.1343
Complete Adaptive TLBO,20260849,15,46,94.034,94.034,94.034,0,0,92.5,1.08,0.32,0.0369,0.0985
Complete Adaptive TLBO,20260849,15,47,94.034,94.034,94.034,0,0,92.5,1.06,0.315,0.0361,0.1119
Complete Adaptive TLBO,20260849,15,48,94.034,94.034,94.034,0,0,92.5,1.04,0.31,0.0355,0.1059
Complete Adaptive TLBO,20260849,15,49,94.034,94.034,94.034,0,0,92.5,1.02,0.305,0.0351,0.0991
Complete Adaptive TLBO,20260849,15,50,94.034,94.034,94.034,0,0,92.5,1.0,0.3,0.035,0.0896
Complete Adaptive TLBO,20260850,16,1,93.5504,23.3115,0.0,0,0,92.5,1.98,0.545,0.3231,0.3648
Complete Adaptive TLBO,20260850,16,2,93.6472,23.3997,0.0,0,0,92.5,1.96,0.54,0.3115,0.3057
Complete Adaptive TLBO,20260850,16,3,93.6916,23.4173,0.0,0,0,92.5,1.94,0.535,0.3001,0.3029
Complete Adaptive TLBO,20260850,16,4,93.814,23.4382,0.0,0,0,92.5,1.92,0.53,0.2889,0.3065
Complete Adaptive TLBO,20260850,16,5,93.814,23.4535,0.0,0,0,92.5,1.9,0.525,0.278,0.2657
Complete Adaptive TLBO,20260850,16,6,93.814,23.4535,0.0,0,0,92.5,1.88,0.52,0.2673,0.2552
Complete Adaptive TLBO,20260850,16,7,93.916,35.193,0.0,0,0,92.5,1.86,0.515,0.2569,0.2998
Complete Adaptive TLBO,20260850,16,8,93.916,35.2119,0.0,0,0,92.5,1.84,0.51,0.2467,0.2617
Complete Adaptive TLBO,20260850,16,9,93.916,23.479,0.0,0,0,92.5,1.82,0.505,0.2367,0.2392
Complete Adaptive TLBO,20260850,16,10,93.916,23.479,0.0,0,0,92.5,1.8,0.5,0.227,0.273
Complete Adaptive TLBO,20260850,16,11,93.916,23.479,0.0,0,0,92.5,1.78,0.495,0.2175,0.2223
Complete Adaptive TLBO,20260850,16,12,93.916,23.479,0.0,0,0,92.5,1.76,0.49,0.2083,0.2677
Complete Adaptive TLBO,20260850,16,13,93.916,23.479,0.0,0,0,92.5,1.74,0.485,0.1993,0.2711
Complete Adaptive TLBO,20260850,16,14,93.916,23.479,0.0,0,0,92.5,1.72,0.48,0.1905,0.2734
Complete Adaptive TLBO,20260850,16,15,93.916,23.479,0.0,0,0,92.5,1.7,0.475,0.182,0.2731
Complete Adaptive TLBO,20260850,16,16,93.916,23.479,0.0,0,0,92.5,1.68,0.47,0.1737,0.2826
Complete Adaptive TLBO,20260850,16,17,93.916,23.479,0.0,0,0,92.5,1.66,0.465,0.1657,0.2696
Complete Adaptive TLBO,20260850,16,18,93.916,23.479,0.0,0,0,92.5,1.64,0.46,0.1579,0.2794
Complete Adaptive TLBO,20260850,16,19,93.916,23.479,0.0,0,0,92.5,1.62,0.455,0.1503,0.2459
Complete Adaptive TLBO,20260850,16,20,93.92,23.4795,0.0,0,0,92.5,1.6,0.45,0.143,0.2859
Complete Adaptive TLBO,20260850,16,21,93.92,23.48,0.0,0,0,92.5,1.58,0.445,0.1359,0.2548
Complete Adaptive TLBO,20260850,16,22,93.92,35.22,0.0,0,0,92.5,1.56,0.44,0.1291,0.2535
Complete Adaptive TLBO,20260850,16,23,93.92,35.22,0.0,0,0,92.5,1.54,0.435,0.1225,0.2593
Complete Adaptive TLBO,20260850,16,24,93.92,35.22,0.0,0,0,92.5,1.52,0.43,0.1161,0.2404
Complete Adaptive TLBO,20260850,16,25,93.92,35.22,0.0,0,0,92.5,1.5,0.425,0.11,0.2281
Complete Adaptive TLBO,20260850,16,26,93.92,35.1497,0.0,0,0,92.5,1.48,0.42,0.1041,0.2565
Complete Adaptive TLBO,20260850,16,27,93.92,23.48,0.0,0,0,92.5,1.46,0.415,0.0985,0.2499
Complete Adaptive TLBO,20260850,16,28,93.92,23.48,0.0,0,0,92.5,1.44,0.41,0.0931,0.2627
Complete Adaptive TLBO,20260850,16,29,93.92,35.054,0.0,0,0,92.5,1.42,0.405,0.0879,0.2511
Complete Adaptive TLBO,20260850,16,30,93.92,23.48,0.0,0,0,92.5,1.4,0.4,0.083,0.2744
Complete Adaptive TLBO,20260850,16,31,93.92,23.48,0.0,0,0,92.5,1.38,0.395,0.0783,0.2402
Complete Adaptive TLBO,20260850,16,32,93.92,23.48,0.0,0,0,92.5,1.36,0.39,0.0739,0.2632
Complete Adaptive TLBO,20260850,16,33,93.92,23.48,0.0,0,0,92.5,1.34,0.385,0.0697,0.2526
Complete Adaptive TLBO,20260850,16,34,93.92,23.48,0.0,0,0,92.5,1.32,0.38,0.0657,0.264
Complete Adaptive TLBO,20260850,16,35,93.92,23.48,0.0,0,0,92.5,1.3,0.375,0.062,0.2136
Complete Adaptive TLBO,20260850,16,36,93.92,35.22,0.0,0,0,92.5,1.28,0.37,0.0585,0.203
Complete Adaptive TLBO,20260850,16,37,93.92,58.6232,0.0,0,0,92.5,1.26,0.365,0.0553,0.1665
Complete Adaptive TLBO,20260850,16,38,93.92,93.6976,93.1164,0,0,92.5,1.24,0.36,0.0523,0.1704
Complete Adaptive TLBO,20260850,16,39,93.92,93.8081,93.3056,0,0,92.5,1.22,0.355,0.0495,0.1445
Complete Adaptive TLBO,20260850,16,40,93.92,93.8902,93.6812,0,0,92.5,1.2,0.35,0.047,0.1147
Complete Adaptive TLBO,20260850,16,41,93.92,93.92,93.92,0,0,92.5,1.18,0.345,0.0447,0.1223
Complete Adaptive TLBO,20260850,16,42,93.92,93.92,93.92,0,0,92.5,1.16,0.34,0.0427,0.1183
Complete Adaptive TLBO,20260850,16,43,93.934,93.9218,93.92,0,0,92.5,1.14,0.335,0.0409,0.1383
Complete Adaptive TLBO,20260850,16,44,93.934,93.9253,93.92,0,0,92.5,1.12,0.33,0.0393,0.1384
Complete Adaptive TLBO,20260850,16,45,93.934,93.927,93.92,0,0,92.5,1.1,0.325,0.038,0.1645
Complete Adaptive TLBO,20260850,16,46,93.934,93.9305,93.92,0,0,92.5,1.08,0.32,0.0369,0.1522
Complete Adaptive TLBO,20260850,16,47,93.934,93.9322,93.92,0,0,92.5,1.06,0.315,0.0361,0.1313
Complete Adaptive TLBO,20260850,16,48,93.934,93.934,93.934,0,0,92.5,1.04,0.31,0.0355,0.1126
Complete Adaptive TLBO,20260850,16,49,93.934,93.934,93.934,0,0,92.5,1.02,0.305,0.0351,0.1113
Complete Adaptive TLBO,20260850,16,50,93.934,93.934,93.934,0,0,92.5,1.0,0.3,0.035,0.0885
Complete Adaptive TLBO,20260851,17,1,93.2916,23.3117,0.0,0,0,92.5,1.98,0.545,0.3231,0.3451
Complete Adaptive TLBO,20260851,17,2,93.7416,23.3837,0.0,0,0,92.5,1.96,0.54,0.3115,0.3395
Complete Adaptive TLBO,20260851,17,3,93.7416,23.4354,0.0,0,0,92.5,1.94,0.535,0.3001,0.2782
Complete Adaptive TLBO,20260851,17,4,93.7456,35.1536,0.0,0,0,92.5,1.92,0.53,0.2889,0.2403
Complete Adaptive TLBO,20260851,17,5,93.79,23.4419,0.0,0,0,92.5,1.9,0.525,0.278,0.2887
Complete Adaptive TLBO,20260851,17,6,93.8652,23.4629,0.0,0,0,92.5,1.88,0.52,0.2673,0.3172
Complete Adaptive TLBO,20260851,17,7,93.918,23.4729,0.0,0,0,92.5,1.86,0.515,0.2569,0.3043
Complete Adaptive TLBO,20260851,17,8,93.918,23.4795,0.0,0,0,92.5,1.84,0.51,0.2467,0.2645
Complete Adaptive TLBO,20260851,17,9,93.918,23.4795,0.0,0,0,92.5,1.82,0.505,0.2367,0.2618
Complete Adaptive TLBO,20260851,17,10,93.918,35.1255,0.0,0,0,92.5,1.8,0.5,0.227,0.2523
Complete Adaptive TLBO,20260851,17,11,93.918,35.1741,0.0,0,0,92.5,1.78,0.495,0.2175,0.241
Complete Adaptive TLBO,20260851,17,12,93.918,23.4795,0.0,0,0,92.5,1.76,0.49,0.2083,0.2943
Complete Adaptive TLBO,20260851,17,13,93.918,35.0734,0.0,0,0,92.5,1.74,0.485,0.1993,0.266
Complete Adaptive TLBO,20260851,17,14,93.918,23.4795,0.0,0,0,92.5,1.72,0.48,0.1905,0.2545
Complete Adaptive TLBO,20260851,17,15,93.918,23.4795,0.0,0,0,92.5,1.7,0.475,0.182,0.2728
Complete Adaptive TLBO,20260851,17,16,93.918,23.4795,0.0,0,0,92.5,1.68,0.47,0.1737,0.2371
Complete Adaptive TLBO,20260851,17,17,93.918,23.4795,0.0,0,0,92.5,1.66,0.465,0.1657,0.2752
Complete Adaptive TLBO,20260851,17,18,93.918,23.4795,0.0,0,0,92.5,1.64,0.46,0.1579,0.2858
Complete Adaptive TLBO,20260851,17,19,93.918,23.4795,0.0,0,0,92.5,1.62,0.455,0.1503,0.2493
Complete Adaptive TLBO,20260851,17,20,93.918,23.4795,0.0,0,0,92.5,1.6,0.45,0.143,0.2613
Complete Adaptive TLBO,20260851,17,21,93.918,46.8355,0.0,0,0,92.5,1.58,0.445,0.1359,0.2588
Complete Adaptive TLBO,20260851,17,22,93.918,23.4795,0.0,0,0,92.5,1.56,0.44,0.1291,0.2571
Complete Adaptive TLBO,20260851,17,23,93.918,23.4795,0.0,0,0,92.5,1.54,0.435,0.1225,0.2654
Complete Adaptive TLBO,20260851,17,24,93.918,23.4795,0.0,0,0,92.5,1.52,0.43,0.1161,0.2708
Complete Adaptive TLBO,20260851,17,25,93.918,23.4795,0.0,0,0,92.5,1.5,0.425,0.11,0.2484
Complete Adaptive TLBO,20260851,17,26,93.918,23.4795,0.0,0,0,92.5,1.48,0.42,0.1041,0.2565
Complete Adaptive TLBO,20260851,17,27,93.918,35.0928,0.0,0,0,92.5,1.46,0.415,0.0985,0.2751
Complete Adaptive TLBO,20260851,17,28,93.918,23.4795,0.0,0,0,92.5,1.44,0.41,0.0931,0.2448
Complete Adaptive TLBO,20260851,17,29,93.918,23.4795,0.0,0,0,92.5,1.42,0.405,0.0879,0.261
Complete Adaptive TLBO,20260851,17,30,93.918,23.4795,0.0,0,0,92.5,1.4,0.4,0.083,0.2611
Complete Adaptive TLBO,20260851,17,31,93.918,23.4795,0.0,0,0,92.5,1.38,0.395,0.0783,0.2683
Complete Adaptive TLBO,20260851,17,32,93.918,23.4795,0.0,0,0,92.5,1.36,0.39,0.0739,0.2748
Complete Adaptive TLBO,20260851,17,33,93.918,35.1432,0.0,0,0,92.5,1.34,0.385,0.0697,0.2329
Complete Adaptive TLBO,20260851,17,34,93.918,23.4795,0.0,0,0,92.5,1.32,0.38,0.0657,0.2556
Complete Adaptive TLBO,20260851,17,35,93.918,35.1075,0.0,0,0,92.5,1.3,0.375,0.062,0.2006
Complete Adaptive TLBO,20260851,17,36,93.918,46.8473,0.0,0,0,92.5,1.28,0.37,0.0585,0.1827
Complete Adaptive TLBO,20260851,17,37,93.918,70.3242,0.0,0,0,92.5,1.26,0.365,0.0553,0.1733
Complete Adaptive TLBO,20260851,17,38,93.918,93.7357,93.198,0,0,92.5,1.24,0.36,0.0523,0.1443
Complete Adaptive TLBO,20260851,17,39,93.918,93.8257,93.3696,0,0,92.5,1.22,0.355,0.0495,0.1486
Complete Adaptive TLBO,20260851,17,40,93.922,93.9185,93.918,0,0,92.5,1.2,0.35,0.047,0.1086
Complete Adaptive TLBO,20260851,17,41,93.922,93.919,93.918,0,0,92.5,1.18,0.345,0.0447,0.1403
Complete Adaptive TLBO,20260851,17,42,93.922,93.9195,93.918,0,0,92.5,1.16,0.34,0.0427,0.155
Complete Adaptive TLBO,20260851,17,43,93.922,93.9205,93.918,0,0,92.5,1.14,0.335,0.0409,0.1505
Complete Adaptive TLBO,20260851,17,44,93.922,93.921,93.918,0,0,92.5,1.12,0.33,0.0393,0.1113
Complete Adaptive TLBO,20260851,17,45,93.922,93.922,93.922,0,0,92.5,1.1,0.325,0.038,0.1368
Complete Adaptive TLBO,20260851,17,46,93.922,93.922,93.922,0,0,92.5,1.08,0.32,0.0369,0.1303
Complete Adaptive TLBO,20260851,17,47,93.922,93.922,93.922,0,0,92.5,1.06,0.315,0.0361,0.1189
Complete Adaptive TLBO,20260851,17,48,93.922,93.922,93.922,0,0,92.5,1.04,0.31,0.0355,0.1098
Complete Adaptive TLBO,20260851,17,49,93.922,93.922,93.922,0,0,92.5,1.02,0.305,0.0351,0.1372
Complete Adaptive TLBO,20260851,17,50,93.922,93.922,93.922,0,0,92.5,1.0,0.3,0.035,0.1218
Complete Adaptive TLBO,20260852,18,1,93.1692,23.2716,0.0,0,0,92.5,1.98,0.545,0.3231,0.3142
Complete Adaptive TLBO,20260852,18,2,93.482,23.3314,0.0,0,0,92.5,1.96,0.54,0.3115,0.3071
Complete Adaptive TLBO,20260852,18,3,93.482,34.9034,0.0,0,0,92.5,1.94,0.535,0.3001,0.2496
Complete Adaptive TLBO,20260852,18,4,93.504,35.0279,0.0,0,0,92.5,1.92,0.53,0.2889,0.2678
Complete Adaptive TLBO,20260852,18,5,93.504,23.376,0.0,0,0,92.5,1.9,0.525,0.278,0.2456
Complete Adaptive TLBO,20260852,18,6,93.504,35.064,0.0,0,0,92.5,1.88,0.52,0.2673,0.2297
Complete Adaptive TLBO,20260852,18,7,93.504,23.376,0.0,0,0,92.5,1.86,0.515,0.2569,0.2404
Complete Adaptive TLBO,20260852,18,8,93.6564,35.0831,0.0,0,0,92.5,1.84,0.51,0.2467,0.2591
Complete Adaptive TLBO,20260852,18,9,93.7332,35.1117,0.0,0,0,92.5,1.82,0.505,0.2367,0.2466
Complete Adaptive TLBO,20260852,18,10,93.876,35.1422,0.0,0,0,92.5,1.8,0.5,0.227,0.2847
Complete Adaptive TLBO,20260852,18,11,93.876,35.1724,0.0,0,0,92.5,1.78,0.495,0.2175,0.2322
Complete Adaptive TLBO,20260852,18,12,93.876,23.469,0.0,0,0,92.5,1.76,0.49,0.2083,0.2407
Complete Adaptive TLBO,20260852,18,13,93.876,23.469,0.0,0,0,92.5,1.74,0.485,0.1993,0.2458
Complete Adaptive TLBO,20260852,18,14,93.876,23.469,0.0,0,0,92.5,1.72,0.48,0.1905,0.2434
Complete Adaptive TLBO,20260852,18,15,93.876,23.469,0.0,0,0,92.5,1.7,0.475,0.182,0.2468
Complete Adaptive TLBO,20260852,18,16,93.9252,23.4751,0.0,0,0,92.5,1.68,0.47,0.1737,0.2425
Complete Adaptive TLBO,20260852,18,17,93.9252,23.4813,0.0,0,0,92.5,1.66,0.465,0.1657,0.2486
Complete Adaptive TLBO,20260852,18,18,93.9252,23.4813,0.0,0,0,92.5,1.64,0.46,0.1579,0.2352
Complete Adaptive TLBO,20260852,18,19,93.9532,35.2255,0.0,0,0,92.5,1.62,0.455,0.1503,0.2729
Complete Adaptive TLBO,20260852,18,20,93.9532,58.489,0.0,0,0,92.5,1.6,0.45,0.143,0.2161
Complete Adaptive TLBO,20260852,18,21,93.9532,35.1139,0.0,0,0,92.5,1.58,0.445,0.1359,0.2371
Complete Adaptive TLBO,20260852,18,22,93.9532,35.0227,0.0,0,0,92.5,1.56,0.44,0.1291,0.2689
Complete Adaptive TLBO,20260852,18,23,93.9532,35.1385,0.0,0,0,92.5,1.54,0.435,0.1225,0.2214
Complete Adaptive TLBO,20260852,18,24,93.96,23.4891,0.0,0,0,92.5,1.52,0.43,0.1161,0.2948
Complete Adaptive TLBO,20260852,18,25,93.96,23.49,0.0,0,0,92.5,1.5,0.425,0.11,0.2705
Complete Adaptive TLBO,20260852,18,26,93.96,23.49,0.0,0,0,92.5,1.48,0.42,0.1041,0.217
Complete Adaptive TLBO,20260852,18,27,93.96,23.49,0.0,0,0,92.5,1.46,0.415,0.0985,0.2619
Complete Adaptive TLBO,20260852,18,28,93.96,23.49,0.0,0,0,92.5,1.44,0.41,0.0931,0.2368
Complete Adaptive TLBO,20260852,18,29,93.964,35.1564,0.0,0,0,92.5,1.42,0.405,0.0879,0.2846
Complete Adaptive TLBO,20260852,18,30,93.964,35.1861,0.0,0,0,92.5,1.4,0.4,0.083,0.2242
Complete Adaptive TLBO,20260852,18,31,93.964,46.785,0.0,0,0,92.5,1.38,0.395,0.0783,0.2436
Complete Adaptive TLBO,20260852,18,32,93.964,35.1183,0.0,0,0,92.5,1.36,0.39,0.0739,0.2502
Complete Adaptive TLBO,20260852,18,33,93.964,23.491,0.0,0,0,92.5,1.34,0.385,0.0697,0.2727
Complete Adaptive TLBO,20260852,18,34,93.964,23.491,0.0,0,0,92.5,1.32,0.38,0.0657,0.2499
Complete Adaptive TLBO,20260852,18,35,93.964,35.1131,0.0,0,0,92.5,1.3,0.375,0.062,0.1806
Complete Adaptive TLBO,20260852,18,36,93.964,70.2023,0.0,0,0,92.5,1.28,0.37,0.0585,0.1907
Complete Adaptive TLBO,20260852,18,37,93.964,93.6458,92.9768,0,0,92.5,1.26,0.365,0.0553,0.1917
Complete Adaptive TLBO,20260852,18,38,93.964,93.7859,93.3416,0,0,92.5,1.24,0.36,0.0523,0.1578
Complete Adaptive TLBO,20260852,18,39,93.964,93.8637,93.4082,0,0,92.5,1.22,0.355,0.0495,0.127
Complete Adaptive TLBO,20260852,18,40,93.964,93.9331,93.7172,0,0,92.5,1.2,0.35,0.047,0.1397
Complete Adaptive TLBO,20260852,18,41,93.964,93.964,93.964,0,0,92.5,1.18,0.345,0.0447,0.1035
Complete Adaptive TLBO,20260852,18,42,93.964,93.964,93.964,0,0,92.5,1.16,0.34,0.0427,0.1169
Complete Adaptive TLBO,20260852,18,43,93.964,93.964,93.964,0,0,92.5,1.14,0.335,0.0409,0.0949
Complete Adaptive TLBO,20260852,18,44,93.964,93.964,93.964,0,0,92.5,1.12,0.33,0.0393,0.1139
Complete Adaptive TLBO,20260852,18,45,93.964,93.964,93.964,0,0,92.5,1.1,0.325,0.038,0.0973
Complete Adaptive TLBO,20260852,18,46,93.964,93.964,93.964,0,0,92.5,1.08,0.32,0.0369,0.1009
Complete Adaptive TLBO,20260852,18,47,93.964,93.964,93.964,0,0,92.5,1.06,0.315,0.0361,0.0955
Complete Adaptive TLBO,20260852,18,48,93.964,93.964,93.964,0,0,92.5,1.04,0.31,0.0355,0.1118
Complete Adaptive TLBO,20260852,18,49,93.964,93.964,93.964,0,0,92.5,1.02,0.305,0.0351,0.1094
Complete Adaptive TLBO,20260852,18,50,93.964,93.964,93.964,0,0,92.5,1.0,0.3,0.035,0.0966
Complete Adaptive TLBO,20260853,19,1,93.2464,23.2568,0.0,0,0,92.5,1.98,0.545,0.3231,0.2883
Complete Adaptive TLBO,20260853,19,2,93.2464,23.3116,0.0,0,0,92.5,1.96,0.54,0.3115,0.2845
Complete Adaptive TLBO,20260853,19,3,93.408,23.3318,0.0,0,0,92.5,1.94,0.535,0.3001,0.2736
Complete Adaptive TLBO,20260853,19,4,93.408,23.352,0.0,0,0,92.5,1.92,0.53,0.2889,0.2695
Complete Adaptive TLBO,20260853,19,5,93.408,23.352,0.0,0,0,92.5,1.9,0.525,0.278,0.2356
Complete Adaptive TLBO,20260853,19,6,93.408,23.352,0.0,0,0,92.5,1.88,0.52,0.2673,0.2355
Complete Adaptive TLBO,20260853,19,7,93.492,35.0385,0.0,0,0,92.5,1.86,0.515,0.2569,0.247
Complete Adaptive TLBO,20260853,19,8,93.5304,35.0538,0.0,0,0,92.5,1.84,0.51,0.2467,0.2647
Complete Adaptive TLBO,20260853,19,9,93.5304,23.3826,0.0,0,0,92.5,1.82,0.505,0.2367,0.2483
Complete Adaptive TLBO,20260853,19,10,93.6084,23.3993,0.0,0,0,92.5,1.8,0.5,0.227,0.2799
Complete Adaptive TLBO,20260853,19,11,93.6492,23.4072,0.0,0,0,92.5,1.78,0.495,0.2175,0.2824
Complete Adaptive TLBO,20260853,19,12,93.78,23.4286,0.0,0,0,92.5,1.76,0.49,0.2083,0.2706
Complete Adaptive TLBO,20260853,19,13,93.78,23.445,0.0,0,0,92.5,1.74,0.485,0.1993,0.2513
Complete Adaptive TLBO,20260853,19,14,93.78,23.445,0.0,0,0,92.5,1.72,0.48,0.1905,0.2461
Complete Adaptive TLBO,20260853,19,15,93.78,35.0975,0.0,0,0,92.5,1.7,0.475,0.182,0.2447
Complete Adaptive TLBO,20260853,19,16,93.78,35.0975,0.0,0,0,92.5,1.68,0.47,0.1737,0.2507
Complete Adaptive TLBO,20260853,19,17,93.78,23.445,0.0,0,0,92.5,1.66,0.465,0.1657,0.2592
Complete Adaptive TLBO,20260853,19,18,93.78,23.445,0.0,0,0,92.5,1.64,0.46,0.1579,0.2505
Complete Adaptive TLBO,20260853,19,19,93.784,23.4455,0.0,0,0,92.5,1.62,0.455,0.1503,0.265
Complete Adaptive TLBO,20260853,19,20,93.784,23.446,0.0,0,0,92.5,1.6,0.45,0.143,0.2426
Complete Adaptive TLBO,20260853,19,21,93.784,23.446,0.0,0,0,92.5,1.58,0.445,0.1359,0.2308
Complete Adaptive TLBO,20260853,19,22,93.832,23.452,0.0,0,0,92.5,1.56,0.44,0.1291,0.2732
Complete Adaptive TLBO,20260853,19,23,93.832,35.181,0.0,0,0,92.5,1.54,0.435,0.1225,0.2491
Complete Adaptive TLBO,20260853,19,24,93.832,23.458,0.0,0,0,92.5,1.52,0.43,0.1161,0.2291
Complete Adaptive TLBO,20260853,19,25,93.832,23.458,0.0,0,0,92.5,1.5,0.425,0.11,0.2305
Complete Adaptive TLBO,20260853,19,26,93.832,23.458,0.0,0,0,92.5,1.48,0.42,0.1041,0.2402
Complete Adaptive TLBO,20260853,19,27,93.832,35.142,0.0,0,0,92.5,1.46,0.415,0.0985,0.2159
Complete Adaptive TLBO,20260853,19,28,93.832,35.142,0.0,0,0,92.5,1.44,0.41,0.0931,0.2451
Complete Adaptive TLBO,20260853,19,29,93.832,23.458,0.0,0,0,92.5,1.42,0.405,0.0879,0.2491
Complete Adaptive TLBO,20260853,19,30,93.832,23.458,0.0,0,0,92.5,1.4,0.4,0.083,0.2292
Complete Adaptive TLBO,20260853,19,31,93.832,23.458,0.0,0,0,92.5,1.38,0.395,0.0783,0.2515
Complete Adaptive TLBO,20260853,19,32,93.832,23.458,0.0,0,0,92.5,1.36,0.39,0.0739,0.2687
Complete Adaptive TLBO,20260853,19,33,93.832,23.458,0.0,0,0,92.5,1.34,0.385,0.0697,0.2564
Complete Adaptive TLBO,20260853,19,34,93.832,23.458,0.0,0,0,92.5,1.32,0.38,0.0657,0.257
Complete Adaptive TLBO,20260853,19,35,93.832,46.6716,0.0,0,0,92.5,1.3,0.375,0.062,0.2119
Complete Adaptive TLBO,20260853,19,36,93.862,58.5265,0.0,0,0,92.5,1.28,0.37,0.0585,0.2285
Complete Adaptive TLBO,20260853,19,37,93.862,81.9716,0.0,0,0,92.5,1.26,0.365,0.0553,0.2097
Complete Adaptive TLBO,20260853,19,38,93.866,93.7282,93.2152,0,0,92.5,1.24,0.36,0.0523,0.2021
Complete Adaptive TLBO,20260853,19,39,93.866,93.81,93.6532,0,0,92.5,1.22,0.355,0.0495,0.2036
Complete Adaptive TLBO,20260853,19,40,93.866,93.8366,93.7032,0,0,92.5,1.2,0.35,0.047,0.1671
Complete Adaptive TLBO,20260853,19,41,93.866,93.8575,93.832,0,0,92.5,1.18,0.345,0.0447,0.1548
Complete Adaptive TLBO,20260853,19,42,93.866,93.8648,93.86,0,0,92.5,1.16,0.34,0.0427,0.1376
Complete Adaptive TLBO,20260853,19,43,93.866,93.8655,93.862,0,0,92.5,1.14,0.335,0.0409,0.1216
Complete Adaptive TLBO,20260853,19,44,93.866,93.866,93.866,0,0,92.5,1.12,0.33,0.0393,0.0956
Complete Adaptive TLBO,20260853,19,45,93.866,93.866,93.866,0,0,92.5,1.1,0.325,0.038,0.0865
Complete Adaptive TLBO,20260853,19,46,93.866,93.866,93.866,0,0,92.5,1.08,0.32,0.0369,0.1041
Complete Adaptive TLBO,20260853,19,47,93.866,93.866,93.866,0,0,92.5,1.06,0.315,0.0361,0.1226
Complete Adaptive TLBO,20260853,19,48,93.866,93.866,93.866,0,0,92.5,1.04,0.31,0.0355,0.1075
Complete Adaptive TLBO,20260853,19,49,93.866,93.866,93.866,0,0,92.5,1.02,0.305,0.0351,0.0981
Complete Adaptive TLBO,20260853,19,50,93.866,93.866,93.866,0,0,92.5,1.0,0.3,0.035,0.1046
Complete Adaptive TLBO,20260854,20,1,93.6208,46.5262,0.0,0,0,92.5,1.98,0.545,0.3231,0.3011
Complete Adaptive TLBO,20260854,20,2,93.7552,35.0754,0.0,0,0,92.5,1.96,0.54,0.3115,0.2793
Complete Adaptive TLBO,20260854,20,3,93.8276,35.1534,0.0,0,0,92.5,1.94,0.535,0.3001,0.2835
Complete Adaptive TLBO,20260854,20,4,93.92,35.1846,0.0,0,0,92.5,1.92,0.53,0.2889,0.2815
Complete Adaptive TLBO,20260854,20,5,93.92,35.212,0.0,0,0,92.5,1.9,0.525,0.278,0.2552
Complete Adaptive TLBO,20260854,20,6,93.92,23.48,0.0,0,0,92.5,1.88,0.52,0.2673,0.2331
Complete Adaptive TLBO,20260854,20,7,93.9692,35.2262,0.0,0,0,92.5,1.86,0.515,0.2569,0.2303
Complete Adaptive TLBO,20260854,20,8,93.9692,35.1003,0.0,0,0,92.5,1.84,0.51,0.2467,0.2336
Complete Adaptive TLBO,20260854,20,9,93.9692,46.9044,0.0,0,0,92.5,1.82,0.505,0.2367,0.2292
Complete Adaptive TLBO,20260854,20,10,93.9692,23.4923,0.0,0,0,92.5,1.8,0.5,0.227,0.2223
Complete Adaptive TLBO,20260854,20,11,93.9692,23.4923,0.0,0,0,92.5,1.78,0.495,0.2175,0.2516
Complete Adaptive TLBO,20260854,20,12,93.9692,23.4923,0.0,0,0,92.5,1.76,0.49,0.2083,0.2496
Complete Adaptive TLBO,20260854,20,13,93.9692,23.4923,0.0,0,0,92.5,1.74,0.485,0.1993,0.2286
Complete Adaptive TLBO,20260854,20,14,93.9692,23.4923,0.0,0,0,92.5,1.72,0.48,0.1905,0.2449
Complete Adaptive TLBO,20260854,20,15,93.9692,23.4923,0.0,0,0,92.5,1.7,0.475,0.182,0.263
Complete Adaptive TLBO,20260854,20,16,93.9692,23.4923,0.0,0,0,92.5,1.68,0.47,0.1737,0.2389
Complete Adaptive TLBO,20260854,20,17,93.9692,23.4923,0.0,0,0,92.5,1.66,0.465,0.1657,0.2549
Complete Adaptive TLBO,20260854,20,18,93.9692,23.4923,0.0,0,0,92.5,1.64,0.46,0.1579,0.24
Complete Adaptive TLBO,20260854,20,19,93.9692,23.4923,0.0,0,0,92.5,1.62,0.455,0.1503,0.2739
Complete Adaptive TLBO,20260854,20,20,93.9692,23.4923,0.0,0,0,92.5,1.6,0.45,0.143,0.247
Complete Adaptive TLBO,20260854,20,21,93.9692,23.4923,0.0,0,0,92.5,1.58,0.445,0.1359,0.2605
Complete Adaptive TLBO,20260854,20,22,93.9692,35.1623,0.0,0,0,92.5,1.56,0.44,0.1291,0.2386
Complete Adaptive TLBO,20260854,20,23,93.9752,23.4931,0.0,0,0,92.5,1.54,0.435,0.1225,0.2755
Complete Adaptive TLBO,20260854,20,24,93.9752,23.4938,0.0,0,0,92.5,1.52,0.43,0.1161,0.2372
Complete Adaptive TLBO,20260854,20,25,93.9752,23.4938,0.0,0,0,92.5,1.5,0.425,0.11,0.2185
Complete Adaptive TLBO,20260854,20,26,94.028,23.5004,0.0,0,0,92.5,1.48,0.42,0.1041,0.2668
Complete Adaptive TLBO,20260854,20,27,94.028,23.507,0.0,0,0,92.5,1.46,0.415,0.0985,0.2458
Complete Adaptive TLBO,20260854,20,28,94.028,35.2605,0.0,0,0,92.5,1.44,0.41,0.0931,0.2574
Complete Adaptive TLBO,20260854,20,29,94.028,23.507,0.0,0,0,92.5,1.42,0.405,0.0879,0.2451
Complete Adaptive TLBO,20260854,20,30,94.028,35.2605,0.0,0,0,92.5,1.4,0.4,0.083,0.2172
Complete Adaptive TLBO,20260854,20,31,94.028,23.507,0.0,0,0,92.5,1.38,0.395,0.0783,0.2331
Complete Adaptive TLBO,20260854,20,32,94.028,23.507,0.0,0,0,92.5,1.36,0.39,0.0739,0.2533
Complete Adaptive TLBO,20260854,20,33,94.044,23.509,0.0,0,0,92.5,1.34,0.385,0.0697,0.2685
Complete Adaptive TLBO,20260854,20,34,94.044,35.2645,0.0,0,0,92.5,1.32,0.38,0.0657,0.2237
Complete Adaptive TLBO,20260854,20,35,94.044,47.02,0.0,0,0,92.5,1.3,0.375,0.062,0.2135
Complete Adaptive TLBO,20260854,20,36,94.044,58.7755,0.0,0,0,92.5,1.28,0.37,0.0585,0.1609
Complete Adaptive TLBO,20260854,20,37,94.044,82.222,0.0,0,0,92.5,1.26,0.365,0.0553,0.1509
Complete Adaptive TLBO,20260854,20,38,94.044,93.9916,93.6408,0,0,92.5,1.24,0.36,0.0523,0.1602
Complete Adaptive TLBO,20260854,20,39,94.044,94.042,94.028,0,0,92.5,1.22,0.355,0.0495,0.1099
Complete Adaptive TLBO,20260854,20,40,94.044,94.044,94.044,0,0,92.5,1.2,0.35,0.047,0.1002
Complete Adaptive TLBO,20260854,20,41,94.044,94.044,94.044,0,0,92.5,1.18,0.345,0.0447,0.1209
Complete Adaptive TLBO,20260854,20,42,94.044,94.044,94.044,0,0,92.5,1.16,0.34,0.0427,0.0967
Complete Adaptive TLBO,20260854,20,43,94.044,94.044,94.044,0,0,92.5,1.14,0.335,0.0409,0.119
Complete Adaptive TLBO,20260854,20,44,94.044,94.044,94.044,0,0,92.5,1.12,0.33,0.0393,0.118
Complete Adaptive TLBO,20260854,20,45,94.044,94.044,94.044,0,0,92.5,1.1,0.325,0.038,0.119
Complete Adaptive TLBO,20260854,20,46,94.044,94.044,94.044,0,0,92.5,1.08,0.32,0.0369,0.0998
Complete Adaptive TLBO,20260854,20,47,94.044,94.044,94.044,0,0,92.5,1.06,0.315,0.0361,0.1084
Complete Adaptive TLBO,20260854,20,48,94.044,94.044,94.044,0,0,92.5,1.04,0.31,0.0355,0.1378
Complete Adaptive TLBO,20260854,20,49,94.044,94.044,94.044,0,0,92.5,1.02,0.305,0.0351,0.094
Complete Adaptive TLBO,20260854,20,50,94.044,94.044,94.044,0,0,92.5,1.0,0.3,0.035,0.1108
Complete Adaptive TLBO,20260855,21,1,93.3932,34.9385,0.0,0,0,92.5,1.98,0.545,0.3231,0.2781
Complete Adaptive TLBO,20260855,21,2,93.426,23.3524,0.0,0,0,92.5,1.96,0.54,0.3115,0.2938
Complete Adaptive TLBO,20260855,21,3,93.5388,34.9923,0.0,0,0,92.5,1.94,0.535,0.3001,0.2977
Complete Adaptive TLBO,20260855,21,4,93.5988,35.0139,0.0,0,0,92.5,1.92,0.53,0.2889,0.268
Complete Adaptive TLBO,20260855,21,5,93.5988,35.0996,0.0,0,0,92.5,1.9,0.525,0.278,0.2541
Complete Adaptive TLBO,20260855,21,6,93.5988,23.3997,0.0,0,0,92.5,1.88,0.52,0.2673,0.2372
Complete Adaptive TLBO,20260855,21,7,93.5988,23.3997,0.0,0,0,92.5,1.86,0.515,0.2569,0.2396
Complete Adaptive TLBO,20260855,21,8,93.7212,23.415,0.0,0,0,92.5,1.84,0.51,0.2467,0.2643
Complete Adaptive TLBO,20260855,21,9,93.81,23.4464,0.0,0,0,92.5,1.82,0.505,0.2367,0.3011
Complete Adaptive TLBO,20260855,21,10,93.81,23.4525,0.0,0,0,92.5,1.8,0.5,0.227,0.2684
Complete Adaptive TLBO,20260855,21,11,93.81,23.4525,0.0,0,0,92.5,1.78,0.495,0.2175,0.2398
Complete Adaptive TLBO,20260855,21,12,93.81,23.4525,0.0,0,0,92.5,1.76,0.49,0.2083,0.2425
Complete Adaptive TLBO,20260855,21,13,93.81,23.4525,0.0,0,0,92.5,1.74,0.485,0.1993,0.2366
Complete Adaptive TLBO,20260855,21,14,93.81,23.4525,0.0,0,0,92.5,1.72,0.48,0.1905,0.2575
Complete Adaptive TLBO,20260855,21,15,93.816,23.4533,0.0,0,0,92.5,1.7,0.475,0.182,0.2912
Complete Adaptive TLBO,20260855,21,16,93.816,23.454,0.0,0,0,92.5,1.68,0.47,0.1737,0.2463
Complete Adaptive TLBO,20260855,21,17,93.816,23.454,0.0,0,0,92.5,1.66,0.465,0.1657,0.2359
Complete Adaptive TLBO,20260855,21,18,93.864,23.46,0.0,0,0,92.5,1.64,0.46,0.1579,0.2583
Complete Adaptive TLBO,20260855,21,19,93.89,23.4693,0.0,0,0,92.5,1.62,0.455,0.1503,0.2655
Complete Adaptive TLBO,20260855,21,20,93.9392,23.4848,0.0,0,0,92.5,1.6,0.45,0.143,0.2976
Complete Adaptive TLBO,20260855,21,21,93.9392,23.4848,0.0,0,0,92.5,1.58,0.445,0.1359,0.2369
Complete Adaptive TLBO,20260855,21,22,93.9392,23.4848,0.0,0,0,92.5,1.56,0.44,0.1291,0.262
Complete Adaptive TLBO,20260855,21,23,93.9392,35.0424,0.0,0,0,92.5,1.54,0.435,0.1225,0.2304
Complete Adaptive TLBO,20260855,21,24,93.9392,23.4848,0.0,0,0,92.5,1.52,0.43,0.1161,0.2435
Complete Adaptive TLBO,20260855,21,25,93.9392,35.0014,0.0,0,0,92.5,1.5,0.425,0.11,0.2558
Complete Adaptive TLBO,20260855,21,26,93.9392,23.4848,0.0,0,0,92.5,1.48,0.42,0.1041,0.2734
Complete Adaptive TLBO,20260855,21,27,93.9392,23.4848,0.0,0,0,92.5,1.46,0.415,0.0985,0.2414
Complete Adaptive TLBO,20260855,21,28,94.01,23.4937,0.0,0,0,92.5,1.44,0.41,0.0931,0.2685
Complete Adaptive TLBO,20260855,21,29,94.01,35.0374,0.0,0,0,92.5,1.42,0.405,0.0879,0.2418
Complete Adaptive TLBO,20260855,21,30,94.01,35.0374,0.0,0,0,92.5,1.4,0.4,0.083,0.2416
Complete Adaptive TLBO,20260855,21,31,94.01,23.5025,0.0,0,0,92.5,1.38,0.395,0.0783,0.2622
Complete Adaptive TLBO,20260855,21,32,94.01,23.5025,0.0,0,0,92.5,1.36,0.39,0.0739,0.2307
Complete Adaptive TLBO,20260855,21,33,94.01,35.0854,0.0,0,0,92.5,1.34,0.385,0.0697,0.2631
Complete Adaptive TLBO,20260855,21,34,94.01,35.0707,0.0,0,0,92.5,1.32,0.38,0.0657,0.2542
Complete Adaptive TLBO,20260855,21,35,94.01,58.4982,0.0,0,0,92.5,1.3,0.375,0.062,0.2035
Complete Adaptive TLBO,20260855,21,36,94.038,70.253,0.0,0,0,92.5,1.28,0.37,0.0585,0.2158
Complete Adaptive TLBO,20260855,21,37,94.038,82.0113,0.0,0,0,92.5,1.26,0.365,0.0553,0.1913
Complete Adaptive TLBO,20260855,21,38,94.038,93.8491,93.248,0,0,92.5,1.24,0.36,0.0523,0.1757
Complete Adaptive TLBO,20260855,21,39,94.038,93.9513,93.6584,0,0,92.5,1.22,0.355,0.0495,0.1631
Complete Adaptive TLBO,20260855,21,40,94.038,93.9988,93.7244,0,0,92.5,1.2,0.35,0.047,0.1379
Complete Adaptive TLBO,20260855,21,41,94.038,94.038,94.038,0,0,92.5,1.18,0.345,0.0447,0.0912
Complete Adaptive TLBO,20260855,21,42,94.06,94.0408,94.038,0,0,92.5,1.16,0.34,0.0427,0.1065
Complete Adaptive TLBO,20260855,21,43,94.06,94.0517,94.038,0,0,92.5,1.14,0.335,0.0409,0.1215
Complete Adaptive TLBO,20260855,21,44,94.06,94.0572,94.038,0,0,92.5,1.12,0.33,0.0393,0.1262
Complete Adaptive TLBO,20260855,21,45,94.06,94.06,94.06,0,0,92.5,1.1,0.325,0.038,0.1038
Complete Adaptive TLBO,20260855,21,46,94.06,94.06,94.06,0,0,92.5,1.08,0.32,0.0369,0.0907
Complete Adaptive TLBO,20260855,21,47,94.06,94.06,94.06,0,0,92.5,1.06,0.315,0.0361,0.1064
Complete Adaptive TLBO,20260855,21,48,94.06,94.06,94.06,0,0,92.5,1.04,0.31,0.0355,0.0918
Complete Adaptive TLBO,20260855,21,49,94.09,94.0637,94.06,0,0,92.5,1.02,0.305,0.0351,0.1329
Complete Adaptive TLBO,20260855,21,50,94.09,94.0825,94.06,0,0,92.5,1.0,0.3,0.035,0.1207
Complete Adaptive TLBO,20260856,22,1,93.388,23.323,0.0,0,0,92.5,1.98,0.545,0.3231,0.2949
Complete Adaptive TLBO,20260856,22,2,93.6064,23.3827,0.0,0,0,92.5,1.96,0.54,0.3115,0.3196
Complete Adaptive TLBO,20260856,22,3,93.6064,23.4016,0.0,0,0,92.5,1.94,0.535,0.3001,0.2721
Complete Adaptive TLBO,20260856,22,4,93.7124,23.4197,0.0,0,0,92.5,1.92,0.53,0.2889,0.2914
Complete Adaptive TLBO,20260856,22,5,93.7952,23.4393,0.0,0,0,92.5,1.9,0.525,0.278,0.3036
Complete Adaptive TLBO,20260856,22,6,93.932,35.1919,0.0,0,0,92.5,1.88,0.52,0.2673,0.2639
Complete Adaptive TLBO,20260856,22,7,93.932,23.483,0.0,0,0,92.5,1.86,0.515,0.2569,0.2505
Complete Adaptive TLBO,20260856,22,8,93.932,23.483,0.0,0,0,92.5,1.84,0.51,0.2467,0.2409
Complete Adaptive TLBO,20260856,22,9,93.932,23.483,0.0,0,0,92.5,1.82,0.505,0.2367,0.2466
Complete Adaptive TLBO,20260856,22,10,93.932,23.483,0.0,0,0,92.5,1.8,0.5,0.227,0.2324
Complete Adaptive TLBO,20260856,22,11,93.932,35.0311,0.0,0,0,92.5,1.78,0.495,0.2175,0.2195
Complete Adaptive TLBO,20260856,22,12,93.932,23.483,0.0,0,0,92.5,1.76,0.49,0.2083,0.2605
Complete Adaptive TLBO,20260856,22,13,93.932,23.483,0.0,0,0,92.5,1.74,0.485,0.1993,0.2361
Complete Adaptive TLBO,20260856,22,14,93.932,23.483,0.0,0,0,92.5,1.72,0.48,0.1905,0.2452
Complete Adaptive TLBO,20260856,22,15,93.932,23.483,0.0,0,0,92.5,1.7,0.475,0.182,0.2387
Complete Adaptive TLBO,20260856,22,16,93.9812,23.4892,0.0,0,0,92.5,1.68,0.47,0.1737,0.2619
Complete Adaptive TLBO,20260856,22,17,93.9812,23.4953,0.0,0,0,92.5,1.66,0.465,0.1657,0.2303
Complete Adaptive TLBO,20260856,22,18,93.9812,23.4953,0.0,0,0,92.5,1.64,0.46,0.1579,0.2612
Complete Adaptive TLBO,20260856,22,19,93.9812,23.4953,0.0,0,0,92.5,1.62,0.455,0.1503,0.2341
Complete Adaptive TLBO,20260856,22,20,93.9812,23.4953,0.0,0,0,92.5,1.6,0.45,0.143,0.218
Complete Adaptive TLBO,20260856,22,21,94.034,23.5019,0.0,0,0,92.5,1.58,0.445,0.1359,0.2825
Complete Adaptive TLBO,20260856,22,22,94.034,23.5085,0.0,0,0,92.5,1.56,0.44,0.1291,0.2316
Complete Adaptive TLBO,20260856,22,23,94.064,23.5123,0.0,0,0,92.5,1.54,0.435,0.1225,0.2673
Complete Adaptive TLBO,20260856,22,24,94.064,23.516,0.0,0,0,92.5,1.52,0.43,0.1161,0.2505
Complete Adaptive TLBO,20260856,22,25,94.064,23.516,0.0,0,0,92.5,1.5,0.425,0.11,0.2609
Complete Adaptive TLBO,20260856,22,26,94.064,23.516,0.0,0,0,92.5,1.48,0.42,0.1041,0.2656
Complete Adaptive TLBO,20260856,22,27,94.064,23.516,0.0,0,0,92.5,1.46,0.415,0.0985,0.2434
Complete Adaptive TLBO,20260856,22,28,94.064,23.516,0.0,0,0,92.5,1.44,0.41,0.0931,0.2688
Complete Adaptive TLBO,20260856,22,29,94.064,46.8944,0.0,0,0,92.5,1.42,0.405,0.0879,0.2451
Complete Adaptive TLBO,20260856,22,30,94.064,35.15,0.0,0,0,92.5,1.4,0.4,0.083,0.2726
Complete Adaptive TLBO,20260856,22,31,94.064,35.15,0.0,0,0,92.5,1.38,0.395,0.0783,0.2604
Complete Adaptive TLBO,20260856,22,32,94.064,35.15,0.0,0,0,92.5,1.36,0.39,0.0739,0.2615
Complete Adaptive TLBO,20260856,22,33,94.064,23.516,0.0,0,0,92.5,1.34,0.385,0.0697,0.2465
Complete Adaptive TLBO,20260856,22,34,94.064,23.516,0.0,0,0,92.5,1.32,0.38,0.0657,0.2301
Complete Adaptive TLBO,20260856,22,35,94.064,23.516,0.0,0,0,92.5,1.3,0.375,0.062,0.1969
Complete Adaptive TLBO,20260856,22,36,94.064,35.274,0.0,0,0,92.5,1.28,0.37,0.0585,0.1929
Complete Adaptive TLBO,20260856,22,37,94.064,70.4747,0.0,0,0,92.5,1.26,0.365,0.0553,0.1909
Complete Adaptive TLBO,20260856,22,38,94.064,93.9156,93.4636,0,0,92.5,1.24,0.36,0.0523,0.1656
Complete Adaptive TLBO,20260856,22,39,94.064,93.9952,93.7084,0,0,92.5,1.22,0.355,0.0495,0.1445
Complete Adaptive TLBO,20260856,22,40,94.064,94.0397,93.8696,0,0,92.5,1.2,0.35,0.047,0.1164
Complete Adaptive TLBO,20260856,22,41,94.064,94.064,94.064,0,0,92.5,1.18,0.345,0.0447,0.1098
Complete Adaptive TLBO,20260856,22,42,94.064,94.064,94.064,0,0,92.5,1.16,0.34,0.0427,0.1039
Complete Adaptive TLBO,20260856,22,43,94.064,94.064,94.064,0,0,92.5,1.14,0.335,0.0409,0.0892
Complete Adaptive TLBO,20260856,22,44,94.064,94.064,94.064,0,0,92.5,1.12,0.33,0.0393,0.1068
Complete Adaptive TLBO,20260856,22,45,94.064,94.064,94.064,0,0,92.5,1.1,0.325,0.038,0.0996
Complete Adaptive TLBO,20260856,22,46,94.064,94.064,94.064,0,0,92.5,1.08,0.32,0.0369,0.1146
Complete Adaptive TLBO,20260856,22,47,94.064,94.064,94.064,0,0,92.5,1.06,0.315,0.0361,0.1016
Complete Adaptive TLBO,20260856,22,48,94.064,94.064,94.064,0,0,92.5,1.04,0.31,0.0355,0.1034
Complete Adaptive TLBO,20260856,22,49,94.064,94.064,94.064,0,0,92.5,1.02,0.305,0.0351,0.0844
Complete Adaptive TLBO,20260856,22,50,94.064,94.064,94.064,0,0,92.5,1.0,0.3,0.035,0.1095
Complete Adaptive TLBO,20260857,23,1,93.4888,23.2397,0.0,0,0,92.5,1.98,0.545,0.3231,0.3529
Complete Adaptive TLBO,20260857,23,2,93.5724,23.3826,0.0,0,0,92.5,1.96,0.54,0.3115,0.3335
Complete Adaptive TLBO,20260857,23,3,93.6592,35.09,0.0,0,0,92.5,1.94,0.535,0.3001,0.3274
Complete Adaptive TLBO,20260857,23,4,93.748,23.4314,0.0,0,0,92.5,1.92,0.53,0.2889,0.3696
Complete Adaptive TLBO,20260857,23,5,93.748,23.437,0.0,0,0,92.5,1.9,0.525,0.278,0.3039
Complete Adaptive TLBO,20260857,23,6,93.748,23.437,0.0,0,0,92.5,1.88,0.52,0.2673,0.2613
Complete Adaptive TLBO,20260857,23,7,93.748,23.437,0.0,0,0,92.5,1.86,0.515,0.2569,0.2522
Complete Adaptive TLBO,20260857,23,8,93.748,23.437,0.0,0,0,92.5,1.84,0.51,0.2467,0.2413
Complete Adaptive TLBO,20260857,23,9,93.748,23.437,0.0,0,0,92.5,1.82,0.505,0.2367,0.2644
Complete Adaptive TLBO,20260857,23,10,93.748,23.437,0.0,0,0,92.5,1.8,0.5,0.227,0.267
Complete Adaptive TLBO,20260857,23,11,93.778,35.1065,0.0,0,0,92.5,1.78,0.495,0.2175,0.2826
Complete Adaptive TLBO,20260857,23,12,93.778,23.4445,0.0,0,0,92.5,1.76,0.49,0.2083,0.2558
Complete Adaptive TLBO,20260857,23,13,93.778,35.0868,0.0,0,0,92.5,1.74,0.485,0.1993,0.2356
Complete Adaptive TLBO,20260857,23,14,93.778,23.4445,0.0,0,0,92.5,1.72,0.48,0.1905,0.2417
Complete Adaptive TLBO,20260857,23,15,93.826,35.1115,0.0,0,0,92.5,1.7,0.475,0.182,0.2778
Complete Adaptive TLBO,20260857,23,16,93.8752,23.4627,0.0,0,0,92.5,1.68,0.47,0.1737,0.2921
Complete Adaptive TLBO,20260857,23,17,93.8752,23.4688,0.0,0,0,92.5,1.66,0.465,0.1657,0.2595
Complete Adaptive TLBO,20260857,23,18,93.8752,23.4688,0.0,0,0,92.5,1.64,0.46,0.1579,0.2579
Complete Adaptive TLBO,20260857,23,19,93.8752,23.4688,0.0,0,0,92.5,1.62,0.455,0.1503,0.2418
Complete Adaptive TLBO,20260857,23,20,93.8752,23.4688,0.0,0,0,92.5,1.6,0.45,0.143,0.2627
Complete Adaptive TLBO,20260857,23,21,93.8752,23.4688,0.0,0,0,92.5,1.58,0.445,0.1359,0.26
Complete Adaptive TLBO,20260857,23,22,93.8752,23.4688,0.0,0,0,92.5,1.56,0.44,0.1291,0.2744
Complete Adaptive TLBO,20260857,23,23,93.8752,34.987,0.0,0,0,92.5,1.54,0.435,0.1225,0.2767
Complete Adaptive TLBO,20260857,23,24,93.8752,23.4688,0.0,0,0,92.5,1.52,0.43,0.1161,0.2518
Complete Adaptive TLBO,20260857,23,25,93.928,23.4754,0.0,0,0,92.5,1.5,0.425,0.11,0.2892
Complete Adaptive TLBO,20260857,23,26,93.928,23.482,0.0,0,0,92.5,1.48,0.42,0.1041,0.2689
Complete Adaptive TLBO,20260857,23,27,93.928,23.482,0.0,0,0,92.5,1.46,0.415,0.0985,0.2624
Complete Adaptive TLBO,20260857,23,28,93.928,35.223,0.0,0,0,92.5,1.44,0.41,0.0931,0.2545
Complete Adaptive TLBO,20260857,23,29,93.928,35.223,0.0,0,0,92.5,1.42,0.405,0.0879,0.2133
Complete Adaptive TLBO,20260857,23,30,93.928,35.223,0.0,0,0,92.5,1.4,0.4,0.083,0.2334
Complete Adaptive TLBO,20260857,23,31,93.928,35.1932,0.0,0,0,92.5,1.38,0.395,0.0783,0.2386
Complete Adaptive TLBO,20260857,23,32,93.928,23.482,0.0,0,0,92.5,1.36,0.39,0.0739,0.2461
Complete Adaptive TLBO,20260857,23,33,93.928,23.482,0.0,0,0,92.5,1.34,0.385,0.0697,0.2784
Complete Adaptive TLBO,20260857,23,34,93.928,23.482,0.0,0,0,92.5,1.32,0.38,0.0657,0.2718
Complete Adaptive TLBO,20260857,23,35,93.928,35.136,0.0,0,0,92.5,1.3,0.375,0.062,0.2276
Complete Adaptive TLBO,20260857,23,36,93.928,58.4742,0.0,0,0,92.5,1.28,0.37,0.0585,0.2018
Complete Adaptive TLBO,20260857,23,37,93.928,70.3192,0.0,0,0,92.5,1.26,0.365,0.0553,0.1762
Complete Adaptive TLBO,20260857,23,38,93.928,82.0602,0.0,0,0,92.5,1.24,0.36,0.0523,0.164
Complete Adaptive TLBO,20260857,23,39,93.928,93.8394,93.5408,0,0,92.5,1.22,0.355,0.0495,0.1722
Complete Adaptive TLBO,20260857,23,40,93.928,93.9037,93.7336,0,0,92.5,1.2,0.35,0.047,0.1346
Complete Adaptive TLBO,20260857,23,41,93.928,93.928,93.928,0,0,92.5,1.18,0.345,0.0447,0.1074
Complete Adaptive TLBO,20260857,23,42,93.928,93.928,93.928,0,0,92.5,1.16,0.34,0.0427,0.0978
Complete Adaptive TLBO,20260857,23,43,93.928,93.928,93.928,0,0,92.5,1.14,0.335,0.0409,0.0954
Complete Adaptive TLBO,20260857,23,44,93.928,93.928,93.928,0,0,92.5,1.12,0.33,0.0393,0.1033
Complete Adaptive TLBO,20260857,23,45,93.928,93.928,93.928,0,0,92.5,1.1,0.325,0.038,0.0918
Complete Adaptive TLBO,20260857,23,46,93.928,93.928,93.928,0,0,92.5,1.08,0.32,0.0369,0.104
Complete Adaptive TLBO,20260857,23,47,93.928,93.928,93.928,0,0,92.5,1.06,0.315,0.0361,0.1049
Complete Adaptive TLBO,20260857,23,48,93.928,93.928,93.928,0,0,92.5,1.04,0.31,0.0355,0.0984
Complete Adaptive TLBO,20260857,23,49,93.928,93.928,93.928,0,0,92.5,1.02,0.305,0.0351,0.1267
Complete Adaptive TLBO,20260857,23,50,93.928,93.928,93.928,0,0,92.5,1.0,0.3,0.035,0.0984
Complete Adaptive TLBO,20260858,24,1,93.3072,23.2768,0.0,0,0,92.5,1.98,0.545,0.3231,0.3025
Complete Adaptive TLBO,20260858,24,2,93.536,23.3554,0.0,0,0,92.5,1.96,0.54,0.3115,0.3498
Complete Adaptive TLBO,20260858,24,3,93.6448,23.3976,0.0,0,0,92.5,1.94,0.535,0.3001,0.3132
Complete Adaptive TLBO,20260858,24,4,93.6844,23.4162,0.0,0,0,92.5,1.92,0.53,0.2889,0.2996
Complete Adaptive TLBO,20260858,24,5,93.6844,23.4211,0.0,0,0,92.5,1.9,0.525,0.278,0.2697
Complete Adaptive TLBO,20260858,24,6,93.6844,23.4211,0.0,0,0,92.5,1.88,0.52,0.2673,0.2667
Complete Adaptive TLBO,20260858,24,7,93.6844,35.0339,0.0,0,0,92.5,1.86,0.515,0.2569,0.2237
Complete Adaptive TLBO,20260858,24,8,93.904,35.1591,0.0,0,0,92.5,1.84,0.51,0.2467,0.3146
Complete Adaptive TLBO,20260858,24,9,93.904,35.1865,0.0,0,0,92.5,1.82,0.505,0.2367,0.2773
Complete Adaptive TLBO,20260858,24,10,93.932,35.19,0.0,0,0,92.5,1.8,0.5,0.227,0.2898
Complete Adaptive TLBO,20260858,24,11,93.932,35.1987,0.0,0,0,92.5,1.78,0.495,0.2175,0.2478
Complete Adaptive TLBO,20260858,24,12,94.034,23.4958,0.0,0,0,92.5,1.76,0.49,0.2083,0.2684
Complete Adaptive TLBO,20260858,24,13,94.034,35.25,0.0,0,0,92.5,1.74,0.485,0.1993,0.2967
Complete Adaptive TLBO,20260858,24,14,94.034,35.2628,0.0,0,0,92.5,1.72,0.48,0.1905,0.2328
Complete Adaptive TLBO,20260858,24,15,94.034,23.5085,0.0,0,0,92.5,1.7,0.475,0.182,0.2619
Complete Adaptive TLBO,20260858,24,16,94.034,23.5085,0.0,0,0,92.5,1.68,0.47,0.1737,0.2767
Complete Adaptive TLBO,20260858,24,17,94.034,23.5085,0.0,0,0,92.5,1.66,0.465,0.1657,0.2776
Complete Adaptive TLBO,20260858,24,18,94.034,23.5085,0.0,0,0,92.5,1.64,0.46,0.1579,0.273
Complete Adaptive TLBO,20260858,24,19,94.034,23.5085,0.0,0,0,92.5,1.62,0.455,0.1503,0.2776
Complete Adaptive TLBO,20260858,24,20,94.034,23.5085,0.0,0,0,92.5,1.6,0.45,0.143,0.2709
Complete Adaptive TLBO,20260858,24,21,94.034,23.5085,0.0,0,0,92.5,1.58,0.445,0.1359,0.2135
Complete Adaptive TLBO,20260858,24,22,94.034,23.5085,0.0,0,0,92.5,1.56,0.44,0.1291,0.2666
Complete Adaptive TLBO,20260858,24,23,94.034,23.5085,0.0,0,0,92.5,1.54,0.435,0.1225,0.2638
Complete Adaptive TLBO,20260858,24,24,94.034,23.5085,0.0,0,0,92.5,1.52,0.43,0.1161,0.2617
Complete Adaptive TLBO,20260858,24,25,94.034,23.5085,0.0,0,0,92.5,1.5,0.425,0.11,0.2626
Complete Adaptive TLBO,20260858,24,26,94.034,23.5085,0.0,0,0,92.5,1.48,0.42,0.1041,0.2738
Complete Adaptive TLBO,20260858,24,27,94.034,23.5085,0.0,0,0,92.5,1.46,0.415,0.0985,0.2562
Complete Adaptive TLBO,20260858,24,28,94.034,23.5085,0.0,0,0,92.5,1.44,0.41,0.0931,0.2555
Complete Adaptive TLBO,20260858,24,29,94.034,46.7649,0.0,0,0,92.5,1.42,0.405,0.0879,0.2491
Complete Adaptive TLBO,20260858,24,30,94.034,58.3926,0.0,0,0,92.5,1.4,0.4,0.083,0.2568
Complete Adaptive TLBO,20260858,24,31,94.034,23.5085,0.0,0,0,92.5,1.38,0.395,0.0783,0.2712
Complete Adaptive TLBO,20260858,24,32,94.034,23.5085,0.0,0,0,92.5,1.36,0.39,0.0739,0.2669
Complete Adaptive TLBO,20260858,24,33,94.034,35.0249,0.0,0,0,92.5,1.34,0.385,0.0697,0.2715
Complete Adaptive TLBO,20260858,24,34,94.034,23.5085,0.0,0,0,92.5,1.32,0.38,0.0657,0.264
Complete Adaptive TLBO,20260858,24,35,94.034,35.1246,0.0,0,0,92.5,1.3,0.375,0.062,0.2211
Complete Adaptive TLBO,20260858,24,36,94.034,46.9443,0.0,0,0,92.5,1.28,0.37,0.0585,0.2195
Complete Adaptive TLBO,20260858,24,37,94.034,70.3995,0.0,0,0,92.5,1.26,0.365,0.0553,0.2075
Complete Adaptive TLBO,20260858,24,38,94.034,82.1538,0.0,0,0,92.5,1.24,0.36,0.0523,0.1539
Complete Adaptive TLBO,20260858,24,39,94.034,93.908,93.452,0,0,92.5,1.22,0.355,0.0495,0.1627
Complete Adaptive TLBO,20260858,24,40,94.034,93.9808,93.608,0,0,92.5,1.2,0.35,0.047,0.1346
Complete Adaptive TLBO,20260858,24,41,94.034,94.034,94.034,0,0,92.5,1.18,0.345,0.0447,0.1178
Complete Adaptive TLBO,20260858,24,42,94.034,94.034,94.034,0,0,92.5,1.16,0.34,0.0427,0.1294
Complete Adaptive TLBO,20260858,24,43,94.034,94.034,94.034,0,0,92.5,1.14,0.335,0.0409,0.1083
Complete Adaptive TLBO,20260858,24,44,94.034,94.034,94.034,0,0,92.5,1.12,0.33,0.0393,0.1019
Complete Adaptive TLBO,20260858,24,45,94.034,94.034,94.034,0,0,92.5,1.1,0.325,0.038,0.101
Complete Adaptive TLBO,20260858,24,46,94.034,94.034,94.034,0,0,92.5,1.08,0.32,0.0369,0.1191
Complete Adaptive TLBO,20260858,24,47,94.034,94.034,94.034,0,0,92.5,1.06,0.315,0.0361,0.1189
Complete Adaptive TLBO,20260858,24,48,94.034,94.034,94.034,0,0,92.5,1.04,0.31,0.0355,0.1083
Complete Adaptive TLBO,20260858,24,49,94.034,94.034,94.034,0,0,92.5,1.02,0.305,0.0351,0.0952
Complete Adaptive TLBO,20260858,24,50,94.034,94.034,94.034,0,0,92.5,1.0,0.3,0.035,0.1
Complete Adaptive TLBO,20260859,25,1,93.304,23.3015,0.0,0,0,92.5,1.98,0.545,0.3231,0.3114
Complete Adaptive TLBO,20260859,25,2,93.304,23.326,0.0,0,0,92.5,1.96,0.54,0.3115,0.2911
Complete Adaptive TLBO,20260859,25,3,93.304,34.9365,0.0,0,0,92.5,1.94,0.535,0.3001,0.2501
Complete Adaptive TLBO,20260859,25,4,93.5164,34.8724,0.0,0,0,92.5,1.92,0.53,0.2889,0.267
Complete Adaptive TLBO,20260859,25,5,93.5944,23.3888,0.0,0,0,92.5,1.9,0.525,0.278,0.3359
Complete Adaptive TLBO,20260859,25,6,93.7216,23.4248,0.0,0,0,92.5,1.88,0.52,0.2673,0.5691
Complete Adaptive TLBO,20260859,25,7,93.7216,35.1401,0.0,0,0,92.5,1.86,0.515,0.2569,0.5591
Complete Adaptive TLBO,20260859,25,8,93.8712,35.1645,0.0,0,0,92.5,1.84,0.51,0.2467,0.4041
Complete Adaptive TLBO,20260859,25,9,93.986,23.4822,0.0,0,0,92.5,1.82,0.505,0.2367,0.3731
Complete Adaptive TLBO,20260859,25,10,93.986,23.4965,0.0,0,0,92.5,1.8,0.5,0.227,0.3076
Complete Adaptive TLBO,20260859,25,11,93.986,23.4965,0.0,0,0,92.5,1.78,0.495,0.2175,0.3025
Complete Adaptive TLBO,20260859,25,12,93.986,35.2448,0.0,0,0,92.5,1.76,0.49,0.2083,0.2322
Complete Adaptive TLBO,20260859,25,13,93.986,35.2448,0.0,0,0,92.5,1.74,0.485,0.1993,0.2153
Complete Adaptive TLBO,20260859,25,14,93.986,23.4965,0.0,0,0,92.5,1.72,0.48,0.1905,0.2284
Complete Adaptive TLBO,20260859,25,15,93.986,23.4965,0.0,0,0,92.5,1.7,0.475,0.182,0.261
Complete Adaptive TLBO,20260859,25,16,93.986,35.1014,0.0,0,0,92.5,1.68,0.47,0.1737,0.2519
Complete Adaptive TLBO,20260859,25,17,93.986,23.4965,0.0,0,0,92.5,1.66,0.465,0.1657,0.2788
Complete Adaptive TLBO,20260859,25,18,93.986,23.4965,0.0,0,0,92.5,1.64,0.46,0.1579,0.2681
Complete Adaptive TLBO,20260859,25,19,93.986,23.4965,0.0,0,0,92.5,1.62,0.455,0.1503,0.2494
Complete Adaptive TLBO,20260859,25,20,93.986,23.4965,0.0,0,0,92.5,1.6,0.45,0.143,0.2591
Complete Adaptive TLBO,20260859,25,21,93.986,23.4965,0.0,0,0,92.5,1.58,0.445,0.1359,0.2647
Complete Adaptive TLBO,20260859,25,22,93.986,23.4965,0.0,0,0,92.5,1.56,0.44,0.1291,0.2607
Complete Adaptive TLBO,20260859,25,23,93.986,23.4965,0.0,0,0,92.5,1.54,0.435,0.1225,0.2619
Complete Adaptive TLBO,20260859,25,24,93.986,23.4965,0.0,0,0,92.5,1.52,0.43,0.1161,0.2497
Complete Adaptive TLBO,20260859,25,25,93.986,35.1384,0.0,0,0,92.5,1.5,0.425,0.11,0.2335
Complete Adaptive TLBO,20260859,25,26,93.986,35.1534,0.0,0,0,92.5,1.48,0.42,0.1041,0.2571
Complete Adaptive TLBO,20260859,25,27,93.986,46.8419,0.0,0,0,92.5,1.46,0.415,0.0985,0.2418
Complete Adaptive TLBO,20260859,25,28,93.986,35.168,0.0,0,0,92.5,1.44,0.41,0.0931,0.2438
Complete Adaptive TLBO,20260859,25,29,93.986,23.4965,0.0,0,0,92.5,1.42,0.405,0.0879,0.2638
Complete Adaptive TLBO,20260859,25,30,93.986,23.4965,0.0,0,0,92.5,1.4,0.4,0.083,0.2822
Complete Adaptive TLBO,20260859,25,31,93.986,35.148,0.0,0,0,92.5,1.38,0.395,0.0783,0.2571
Complete Adaptive TLBO,20260859,25,32,93.986,23.4965,0.0,0,0,92.5,1.36,0.39,0.0739,0.2529
Complete Adaptive TLBO,20260859,25,33,93.986,23.4965,0.0,0,0,92.5,1.34,0.385,0.0697,0.2779
Complete Adaptive TLBO,20260859,25,34,93.986,23.4965,0.0,0,0,92.5,1.32,0.38,0.0657,0.2501
Complete Adaptive TLBO,20260859,25,35,93.986,23.4965,0.0,0,0,92.5,1.3,0.375,0.062,0.2157
Complete Adaptive TLBO,20260859,25,36,93.986,46.9207,0.0,0,0,92.5,1.28,0.37,0.0585,0.1997
Complete Adaptive TLBO,20260859,25,37,93.986,70.3136,0.0,0,0,92.5,1.26,0.365,0.0553,0.176
Complete Adaptive TLBO,20260859,25,38,93.986,93.7532,93.09,0,0,92.5,1.24,0.36,0.0523,0.191
Complete Adaptive TLBO,20260859,25,39,93.986,93.8848,93.4752,0,0,92.5,1.22,0.355,0.0495,0.1643
Complete Adaptive TLBO,20260859,25,40,93.986,93.9487,93.6872,0,0,92.5,1.2,0.35,0.047,0.1235
Complete Adaptive TLBO,20260859,25,41,93.986,93.986,93.986,0,0,92.5,1.18,0.345,0.0447,0.1066
Complete Adaptive TLBO,20260859,25,42,93.986,93.986,93.986,0,0,92.5,1.16,0.34,0.0427,0.0963
Complete Adaptive TLBO,20260859,25,43,93.986,93.986,93.986,0,0,92.5,1.14,0.335,0.0409,0.1082
Complete Adaptive TLBO,20260859,25,44,93.986,93.986,93.986,0,0,92.5,1.12,0.33,0.0393,0.1022
Complete Adaptive TLBO,20260859,25,45,93.986,93.986,93.986,0,0,92.5,1.1,0.325,0.038,0.128
Complete Adaptive TLBO,20260859,25,46,93.986,93.986,93.986,0,0,92.5,1.08,0.32,0.0369,0.1207
Complete Adaptive TLBO,20260859,25,47,94.0,93.9878,93.986,0,0,92.5,1.06,0.315,0.0361,0.1337
Complete Adaptive TLBO,20260859,25,48,94.0,93.9947,93.986,0,0,92.5,1.04,0.31,0.0355,0.1459
Complete Adaptive TLBO,20260859,25,49,94.0,93.9982,93.986,0,0,92.5,1.02,0.305,0.0351,0.1275
Complete Adaptive TLBO,20260859,25,50,94.0,94.0,94.0,0,0,92.5,1.0,0.3,0.035,0.1081
Complete Adaptive TLBO,20260860,26,1,93.42,23.3529,0.0,0,0,92.5,1.98,0.545,0.3231,0.2922
Complete Adaptive TLBO,20260860,26,2,93.448,23.3585,0.0,0,0,92.5,1.96,0.54,0.3115,0.2799
Complete Adaptive TLBO,20260860,26,3,93.5608,23.3761,0.0,0,0,92.5,1.94,0.535,0.3001,0.2867
Complete Adaptive TLBO,20260860,26,4,93.826,23.4386,0.0,0,0,92.5,1.92,0.53,0.2889,0.3239
Complete Adaptive TLBO,20260860,26,5,93.8532,35.1771,0.0,0,0,92.5,1.9,0.525,0.278,0.2916
Complete Adaptive TLBO,20260860,26,6,93.8532,46.9087,0.0,0,0,92.5,1.88,0.52,0.2673,0.254
Complete Adaptive TLBO,20260860,26,7,93.8532,35.1949,0.0,0,0,92.5,1.86,0.515,0.2569,0.2303
Complete Adaptive TLBO,20260860,26,8,93.8532,23.4633,0.0,0,0,92.5,1.84,0.51,0.2467,0.2468
Complete Adaptive TLBO,20260860,26,9,93.8532,35.1949,0.0,0,0,92.5,1.82,0.505,0.2367,0.2521
Complete Adaptive TLBO,20260860,26,10,93.8532,23.4633,0.0,0,0,92.5,1.8,0.5,0.227,0.2605
Complete Adaptive TLBO,20260860,26,11,93.8532,23.4633,0.0,0,0,92.5,1.78,0.495,0.2175,0.2662
Complete Adaptive TLBO,20260860,26,12,93.8532,23.4633,0.0,0,0,92.5,1.76,0.49,0.2083,0.2703
Complete Adaptive TLBO,20260860,26,13,93.8532,23.4633,0.0,0,0,92.5,1.74,0.485,0.1993,0.2755
Complete Adaptive TLBO,20260860,26,14,93.8532,23.4633,0.0,0,0,92.5,1.72,0.48,0.1905,0.2797
Complete Adaptive TLBO,20260860,26,15,93.8532,23.4633,0.0,0,0,92.5,1.7,0.475,0.182,0.2739
Complete Adaptive TLBO,20260860,26,16,93.8532,23.4633,0.0,0,0,92.5,1.68,0.47,0.1737,0.2703
Complete Adaptive TLBO,20260860,26,17,93.8532,23.4633,0.0,0,0,92.5,1.66,0.465,0.1657,0.2257
Complete Adaptive TLBO,20260860,26,18,93.8532,23.4633,0.0,0,0,92.5,1.64,0.46,0.1579,0.241
Complete Adaptive TLBO,20260860,26,19,93.8532,23.4633,0.0,0,0,92.5,1.62,0.455,0.1503,0.2599
Complete Adaptive TLBO,20260860,26,20,93.906,35.1154,0.0,0,0,92.5,1.6,0.45,0.143,0.2931
Complete Adaptive TLBO,20260860,26,21,93.906,35.122,0.0,0,0,92.5,1.58,0.445,0.1359,0.2611
Complete Adaptive TLBO,20260860,26,22,93.906,23.4765,0.0,0,0,92.5,1.56,0.44,0.1291,0.2348
Complete Adaptive TLBO,20260860,26,23,93.906,23.4765,0.0,0,0,92.5,1.54,0.435,0.1225,0.2527
Complete Adaptive TLBO,20260860,26,24,93.906,23.4765,0.0,0,0,92.5,1.52,0.43,0.1161,0.2606
Complete Adaptive TLBO,20260860,26,25,93.906,23.4765,0.0,0,0,92.5,1.5,0.425,0.11,0.2666
Complete Adaptive TLBO,20260860,26,26,93.906,23.4765,0.0,0,0,92.5,1.48,0.42,0.1041,0.2457
Complete Adaptive TLBO,20260860,26,27,93.906,23.4765,0.0,0,0,92.5,1.46,0.415,0.0985,0.2451
Complete Adaptive TLBO,20260860,26,28,93.906,23.4765,0.0,0,0,92.5,1.44,0.41,0.0931,0.2511
Complete Adaptive TLBO,20260860,26,29,93.906,23.4765,0.0,0,0,92.5,1.42,0.405,0.0879,0.2602
Complete Adaptive TLBO,20260860,26,30,93.906,23.4765,0.0,0,0,92.5,1.4,0.4,0.083,0.2526
Complete Adaptive TLBO,20260860,26,31,93.906,23.4765,0.0,0,0,92.5,1.38,0.395,0.0783,0.25
Complete Adaptive TLBO,20260860,26,32,93.906,23.4765,0.0,0,0,92.5,1.36,0.39,0.0739,0.2642
Complete Adaptive TLBO,20260860,26,33,93.906,23.4765,0.0,0,0,92.5,1.34,0.385,0.0697,0.2435
Complete Adaptive TLBO,20260860,26,34,93.906,35.1764,0.0,0,0,92.5,1.32,0.38,0.0657,0.2393
Complete Adaptive TLBO,20260860,26,35,93.906,46.8235,0.0,0,0,92.5,1.3,0.375,0.062,0.2055
Complete Adaptive TLBO,20260860,26,36,93.906,58.5848,0.0,0,0,92.5,1.28,0.37,0.0585,0.1881
Complete Adaptive TLBO,20260860,26,37,93.906,82.0048,0.0,0,0,92.5,1.26,0.365,0.0553,0.1666
Complete Adaptive TLBO,20260860,26,38,93.906,93.7841,93.454,0,0,92.5,1.24,0.36,0.0523,0.1333
Complete Adaptive TLBO,20260860,26,39,93.906,93.8406,93.5844,0,0,92.5,1.22,0.355,0.0495,0.1593
Complete Adaptive TLBO,20260860,26,40,93.906,93.8808,93.704,0,0,92.5,1.2,0.35,0.047,0.1282
Complete Adaptive TLBO,20260860,26,41,93.906,93.906,93.906,0,0,92.5,1.18,0.345,0.0447,0.0929
Complete Adaptive TLBO,20260860,26,42,93.906,93.906,93.906,0,0,92.5,1.16,0.34,0.0427,0.1056
Complete Adaptive TLBO,20260860,26,43,93.906,93.906,93.906,0,0,92.5,1.14,0.335,0.0409,0.0997
Complete Adaptive TLBO,20260860,26,44,93.906,93.906,93.906,0,0,92.5,1.12,0.33,0.0393,0.1011
Complete Adaptive TLBO,20260860,26,45,93.906,93.906,93.906,0,0,92.5,1.1,0.325,0.038,0.1016
Complete Adaptive TLBO,20260860,26,46,93.906,93.906,93.906,0,0,92.5,1.08,0.32,0.0369,0.1098
Complete Adaptive TLBO,20260860,26,47,93.906,93.906,93.906,0,0,92.5,1.06,0.315,0.0361,0.1046
Complete Adaptive TLBO,20260860,26,48,93.906,93.906,93.906,0,0,92.5,1.04,0.31,0.0355,0.1189
Complete Adaptive TLBO,20260860,26,49,93.906,93.906,93.906,0,0,92.5,1.02,0.305,0.0351,0.1055
Complete Adaptive TLBO,20260860,26,50,93.906,93.906,93.906,0,0,92.5,1.0,0.3,0.035,0.1176
Complete Adaptive TLBO,20260861,27,1,93.0384,23.1641,0.0,0,0,92.5,1.98,0.545,0.3231,0.3149
Complete Adaptive TLBO,20260861,27,2,93.42,23.3237,0.0,0,0,92.5,1.96,0.54,0.3115,0.3409
Complete Adaptive TLBO,20260861,27,3,93.6736,23.3867,0.0,0,0,92.5,1.94,0.535,0.3001,0.2996
Complete Adaptive TLBO,20260861,27,4,93.718,35.0942,0.0,0,0,92.5,1.92,0.53,0.2889,0.2795
Complete Adaptive TLBO,20260861,27,5,93.718,35.0998,0.0,0,0,92.5,1.9,0.525,0.278,0.2614
Complete Adaptive TLBO,20260861,27,6,93.766,23.4355,0.0,0,0,92.5,1.88,0.52,0.2673,0.3039
Complete Adaptive TLBO,20260861,27,7,93.766,23.4415,0.0,0,0,92.5,1.86,0.515,0.2569,0.2632
Complete Adaptive TLBO,20260861,27,8,93.766,23.4415,0.0,0,0,92.5,1.84,0.51,0.2467,0.2548
Complete Adaptive TLBO,20260861,27,9,93.8152,23.4477,0.0,0,0,92.5,1.82,0.505,0.2367,0.2759
Complete Adaptive TLBO,20260861,27,10,93.8152,23.4538,0.0,0,0,92.5,1.8,0.5,0.227,0.2408
Complete Adaptive TLBO,20260861,27,11,93.8152,35.1807,0.0,0,0,92.5,1.78,0.495,0.2175,0.2363
Complete Adaptive TLBO,20260861,27,12,93.8152,23.4538,0.0,0,0,92.5,1.76,0.49,0.2083,0.2305
Complete Adaptive TLBO,20260861,27,13,93.8152,23.4538,0.0,0,0,92.5,1.74,0.485,0.1993,0.2391
Complete Adaptive TLBO,20260861,27,14,93.8452,23.4576,0.0,0,0,92.5,1.72,0.48,0.1905,0.2936
Complete Adaptive TLBO,20260861,27,15,93.8452,35.1882,0.0,0,0,92.5,1.7,0.475,0.182,0.2625
Complete Adaptive TLBO,20260861,27,16,93.8452,23.4613,0.0,0,0,92.5,1.68,0.47,0.1737,0.2528
Complete Adaptive TLBO,20260861,27,17,93.8452,23.4613,0.0,0,0,92.5,1.66,0.465,0.1657,0.2429
Complete Adaptive TLBO,20260861,27,18,93.8452,23.4613,0.0,0,0,92.5,1.64,0.46,0.1579,0.2583
Complete Adaptive TLBO,20260861,27,19,93.8452,23.4613,0.0,0,0,92.5,1.62,0.455,0.1503,0.2998
Complete Adaptive TLBO,20260861,27,20,93.8692,23.4643,0.0,0,0,92.5,1.6,0.45,0.143,0.2952
Complete Adaptive TLBO,20260861,27,21,93.8692,23.4673,0.0,0,0,92.5,1.58,0.445,0.1359,0.2553
Complete Adaptive TLBO,20260861,27,22,93.8692,23.4673,0.0,0,0,92.5,1.56,0.44,0.1291,0.2508
Complete Adaptive TLBO,20260861,27,23,93.8692,23.4673,0.0,0,0,92.5,1.54,0.435,0.1225,0.25
Complete Adaptive TLBO,20260861,27,24,93.8692,46.8767,0.0,0,0,92.5,1.52,0.43,0.1161,0.2417
Complete Adaptive TLBO,20260861,27,25,93.8692,35.0613,0.0,0,0,92.5,1.5,0.425,0.11,0.2495
Complete Adaptive TLBO,20260861,27,26,93.8692,35.0613,0.0,0,0,92.5,1.48,0.42,0.1041,0.2527
Complete Adaptive TLBO,20260861,27,27,93.8692,35.0361,0.0,0,0,92.5,1.46,0.415,0.0985,0.2568
Complete Adaptive TLBO,20260861,27,28,93.8692,23.4673,0.0,0,0,92.5,1.44,0.41,0.0931,0.2706
Complete Adaptive TLBO,20260861,27,29,93.8692,23.4673,0.0,0,0,92.5,1.42,0.405,0.0879,0.2552
Complete Adaptive TLBO,20260861,27,30,93.8692,23.4673,0.0,0,0,92.5,1.4,0.4,0.083,0.2571
Complete Adaptive TLBO,20260861,27,31,93.8692,23.4673,0.0,0,0,92.5,1.38,0.395,0.0783,0.2391
Complete Adaptive TLBO,20260861,27,32,93.8692,35.1215,0.0,0,0,92.5,1.36,0.39,0.0739,0.2693
Complete Adaptive TLBO,20260861,27,33,93.8692,35.0504,0.0,0,0,92.5,1.34,0.385,0.0697,0.2826
Complete Adaptive TLBO,20260861,27,34,93.8692,23.4673,0.0,0,0,92.5,1.32,0.38,0.0657,0.2889
Complete Adaptive TLBO,20260861,27,35,93.8692,23.4673,0.0,0,0,92.5,1.3,0.375,0.062,0.2306
Complete Adaptive TLBO,20260861,27,36,93.8692,35.201,0.0,0,0,92.5,1.28,0.37,0.0585,0.2024
Complete Adaptive TLBO,20260861,27,37,93.8692,58.6239,0.0,0,0,92.5,1.26,0.365,0.0553,0.1907
Complete Adaptive TLBO,20260861,27,38,93.8692,70.3575,0.0,0,0,92.5,1.24,0.36,0.0523,0.1757
Complete Adaptive TLBO,20260861,27,39,93.8992,93.7845,93.514,0,0,92.5,1.22,0.355,0.0495,0.18
Complete Adaptive TLBO,20260861,27,40,93.934,93.8681,93.6572,0,0,92.5,1.2,0.35,0.047,0.1901
Complete Adaptive TLBO,20260861,27,41,93.968,93.9105,93.8692,0,0,92.5,1.18,0.345,0.0447,0.2083
Complete Adaptive TLBO,20260861,27,42,93.968,93.9228,93.8812,0,0,92.5,1.16,0.34,0.0427,0.1834
Complete Adaptive TLBO,20260861,27,43,93.968,93.955,93.8992,0,0,92.5,1.14,0.335,0.0409,0.1717
Complete Adaptive TLBO,20260861,27,44,93.968,93.9637,93.9332,0,0,92.5,1.12,0.33,0.0393,0.1527
Complete Adaptive TLBO,20260861,27,45,93.968,93.968,93.968,0,0,92.5,1.1,0.325,0.038,0.1473
Complete Adaptive TLBO,20260861,27,46,93.968,93.968,93.968,0,0,92.5,1.08,0.32,0.0369,0.1503
Complete Adaptive TLBO,20260861,27,47,93.968,93.968,93.968,0,0,92.5,1.06,0.315,0.0361,0.1428
Complete Adaptive TLBO,20260861,27,48,93.968,93.968,93.968,0,0,92.5,1.04,0.31,0.0355,0.1445
Complete Adaptive TLBO,20260861,27,49,93.968,93.968,93.968,0,0,92.5,1.02,0.305,0.0351,0.1426
Complete Adaptive TLBO,20260861,27,50,93.968,93.968,93.968,0,0,92.5,1.0,0.3,0.035,0.1587
Complete Adaptive TLBO,20260862,28,1,93.3612,23.3284,0.0,0,0,92.5,1.98,0.545,0.3231,0.3332
Complete Adaptive TLBO,20260862,28,2,93.6932,23.4092,0.0,0,0,92.5,1.96,0.54,0.3115,0.3467
Complete Adaptive TLBO,20260862,28,3,93.782,23.4344,0.0,0,0,92.5,1.94,0.535,0.3001,0.356
Complete Adaptive TLBO,20260862,28,4,93.782,23.4455,0.0,0,0,92.5,1.92,0.53,0.2889,0.3128
Complete Adaptive TLBO,20260862,28,5,93.83,23.4515,0.0,0,0,92.5,1.9,0.525,0.278,0.2882
Complete Adaptive TLBO,20260862,28,6,93.83,23.4575,0.0,0,0,92.5,1.88,0.52,0.2673,0.2665
Complete Adaptive TLBO,20260862,28,7,93.83,23.4575,0.0,0,0,92.5,1.86,0.515,0.2569,0.2563
Complete Adaptive TLBO,20260862,28,8,93.83,23.4575,0.0,0,0,92.5,1.84,0.51,0.2467,0.2545
Complete Adaptive TLBO,20260862,28,9,93.8792,23.4637,0.0,0,0,92.5,1.82,0.505,0.2367,0.276
Complete Adaptive TLBO,20260862,28,10,93.8792,35.1985,0.0,0,0,92.5,1.8,0.5,0.227,0.2781
Complete Adaptive TLBO,20260862,28,11,93.8792,35.2047,0.0,0,0,92.5,1.78,0.495,0.2175,0.2511
Complete Adaptive TLBO,20260862,28,12,93.8792,35.2047,0.0,0,0,92.5,1.76,0.49,0.2083,0.2279
Complete Adaptive TLBO,20260862,28,13,93.8792,23.4698,0.0,0,0,92.5,1.74,0.485,0.1993,0.2394
Complete Adaptive TLBO,20260862,28,14,93.8792,23.4698,0.0,0,0,92.5,1.72,0.48,0.1905,0.2727
Complete Adaptive TLBO,20260862,28,15,93.8792,23.4698,0.0,0,0,92.5,1.7,0.475,0.182,0.2355
Complete Adaptive TLBO,20260862,28,16,93.8792,23.4698,0.0,0,0,92.5,1.68,0.47,0.1737,0.2465
Complete Adaptive TLBO,20260862,28,17,93.8792,23.4698,0.0,0,0,92.5,1.66,0.465,0.1657,0.2422
Complete Adaptive TLBO,20260862,28,18,93.9132,23.474,0.0,0,0,92.5,1.64,0.46,0.1579,0.288
Complete Adaptive TLBO,20260862,28,19,93.9212,23.4793,0.0,0,0,92.5,1.62,0.455,0.1503,0.2825
Complete Adaptive TLBO,20260862,28,20,93.9212,23.4803,0.0,0,0,92.5,1.6,0.45,0.143,0.2319
Complete Adaptive TLBO,20260862,28,21,93.9212,35.0244,0.0,0,0,92.5,1.58,0.445,0.1359,0.2323
Complete Adaptive TLBO,20260862,28,22,93.9212,23.4803,0.0,0,0,92.5,1.56,0.44,0.1291,0.2832
Complete Adaptive TLBO,20260862,28,23,93.9212,35.2204,0.0,0,0,92.5,1.54,0.435,0.1225,0.2407
Complete Adaptive TLBO,20260862,28,24,93.9212,23.4803,0.0,0,0,92.5,1.52,0.43,0.1161,0.2068
Complete Adaptive TLBO,20260862,28,25,93.9212,35.1836,0.0,0,0,92.5,1.5,0.425,0.11,0.2595
Complete Adaptive TLBO,20260862,28,26,93.9212,23.4803,0.0,0,0,92.5,1.48,0.42,0.1041,0.2606
Complete Adaptive TLBO,20260862,28,27,93.9212,35.1251,0.0,0,0,92.5,1.46,0.415,0.0985,0.2557
Complete Adaptive TLBO,20260862,28,28,93.9212,23.4803,0.0,0,0,92.5,1.44,0.41,0.0931,0.2543
Complete Adaptive TLBO,20260862,28,29,93.9212,23.4803,0.0,0,0,92.5,1.42,0.405,0.0879,0.24
Complete Adaptive TLBO,20260862,28,30,93.9212,35.1296,0.0,0,0,92.5,1.4,0.4,0.083,0.24
Complete Adaptive TLBO,20260862,28,31,93.9212,35.1872,0.0,0,0,92.5,1.38,0.395,0.0783,0.2687
Complete Adaptive TLBO,20260862,28,32,93.9212,35.1872,0.0,0,0,92.5,1.36,0.39,0.0739,0.2389
Complete Adaptive TLBO,20260862,28,33,93.9212,35.0574,0.0,0,0,92.5,1.34,0.385,0.0697,0.2352
Complete Adaptive TLBO,20260862,28,34,93.974,23.4869,0.0,0,0,92.5,1.32,0.38,0.0657,0.3005
Complete Adaptive TLBO,20260862,28,35,94.0,35.2369,0.0,0,0,92.5,1.3,0.375,0.062,0.2335
Complete Adaptive TLBO,20260862,28,36,94.028,46.9904,0.0,0,0,92.5,1.28,0.37,0.0585,0.2296
Complete Adaptive TLBO,20260862,28,37,94.028,58.7538,0.0,0,0,92.5,1.26,0.365,0.0553,0.2055
Complete Adaptive TLBO,20260862,28,38,94.028,82.2234,0.0,0,0,92.5,1.24,0.36,0.0523,0.1819
Complete Adaptive TLBO,20260862,28,39,94.028,93.9769,93.7292,0,0,92.5,1.22,0.355,0.0495,0.1761
Complete Adaptive TLBO,20260862,28,40,94.028,94.0178,93.974,0,0,92.5,1.2,0.35,0.047,0.1678
Complete Adaptive TLBO,20260862,28,41,94.028,94.0245,94.0,0,0,92.5,1.18,0.345,0.0447,0.1123
Complete Adaptive TLBO,20260862,28,42,94.028,94.028,94.028,0,0,92.5,1.16,0.34,0.0427,0.0934
Complete Adaptive TLBO,20260862,28,43,94.036,94.029,94.028,0,0,92.5,1.14,0.335,0.0409,0.1542
Complete Adaptive TLBO,20260862,28,44,94.036,94.031,94.028,0,0,92.5,1.12,0.33,0.0393,0.1185
Complete Adaptive TLBO,20260862,28,45,94.036,94.036,94.036,0,0,92.5,1.1,0.325,0.038,0.1052
Complete Adaptive TLBO,20260862,28,46,94.036,94.036,94.036,0,0,92.5,1.08,0.32,0.0369,0.1129
Complete Adaptive TLBO,20260862,28,47,94.036,94.036,94.036,0,0,92.5,1.06,0.315,0.0361,0.109
Complete Adaptive TLBO,20260862,28,48,94.036,94.036,94.036,0,0,92.5,1.04,0.31,0.0355,0.107
Complete Adaptive TLBO,20260862,28,49,94.036,94.036,94.036,0,0,92.5,1.02,0.305,0.0351,0.1358
Complete Adaptive TLBO,20260862,28,50,94.036,94.036,94.036,0,0,92.5,1.0,0.3,0.035,0.1083
Complete Adaptive TLBO,20260863,29,1,93.3892,34.9265,0.0,0,0,92.5,1.98,0.545,0.3231,0.3196
Complete Adaptive TLBO,20260863,29,2,93.7676,35.0682,0.0,0,0,92.5,1.96,0.54,0.3115,0.2514
Complete Adaptive TLBO,20260863,29,3,93.7676,23.4419,0.0,0,0,92.5,1.94,0.535,0.3001,0.2535
Complete Adaptive TLBO,20260863,29,4,93.7676,23.4419,0.0,0,0,92.5,1.92,0.53,0.2889,0.2921
Complete Adaptive TLBO,20260863,29,5,93.84,23.4509,0.0,0,0,92.5,1.9,0.525,0.278,0.2692
Complete Adaptive TLBO,20260863,29,6,93.84,23.46,0.0,0,0,92.5,1.88,0.52,0.2673,0.2661
Complete Adaptive TLBO,20260863,29,7,93.9372,35.2082,0.0,0,0,92.5,1.86,0.515,0.2569,0.3065
Complete Adaptive TLBO,20260863,29,8,93.99,23.4909,0.0,0,0,92.5,1.84,0.51,0.2467,0.2756
Complete Adaptive TLBO,20260863,29,9,93.99,23.4975,0.0,0,0,92.5,1.82,0.505,0.2367,0.2447
Complete Adaptive TLBO,20260863,29,10,93.99,35.2462,0.0,0,0,92.5,1.8,0.5,0.227,0.2277
Complete Adaptive TLBO,20260863,29,11,93.99,35.2462,0.0,0,0,92.5,1.78,0.495,0.2175,0.2164
Complete Adaptive TLBO,20260863,29,12,93.99,23.4975,0.0,0,0,92.5,1.76,0.49,0.2083,0.2277
Complete Adaptive TLBO,20260863,29,13,93.99,23.4975,0.0,0,0,92.5,1.74,0.485,0.1993,0.2325
Complete Adaptive TLBO,20260863,29,14,93.99,23.4975,0.0,0,0,92.5,1.72,0.48,0.1905,0.2347
Complete Adaptive TLBO,20260863,29,15,93.99,23.4975,0.0,0,0,92.5,1.7,0.475,0.182,0.2514
Complete Adaptive TLBO,20260863,29,16,93.99,23.4975,0.0,0,0,92.5,1.68,0.47,0.1737,0.2564
Complete Adaptive TLBO,20260863,29,17,93.99,23.4975,0.0,0,0,92.5,1.66,0.465,0.1657,0.261
Complete Adaptive TLBO,20260863,29,18,93.99,35.1161,0.0,0,0,92.5,1.64,0.46,0.1579,0.2269
Complete Adaptive TLBO,20260863,29,19,93.99,35.1657,0.0,0,0,92.5,1.62,0.455,0.1503,0.2584
Complete Adaptive TLBO,20260863,29,20,93.99,23.4975,0.0,0,0,92.5,1.6,0.45,0.143,0.2466
Complete Adaptive TLBO,20260863,29,21,93.99,23.4975,0.0,0,0,92.5,1.58,0.445,0.1359,0.2544
Complete Adaptive TLBO,20260863,29,22,93.99,23.4975,0.0,0,0,92.5,1.56,0.44,0.1291,0.2694
Complete Adaptive TLBO,20260863,29,23,93.99,23.4975,0.0,0,0,92.5,1.54,0.435,0.1225,0.27
Complete Adaptive TLBO,20260863,29,24,93.99,23.4975,0.0,0,0,92.5,1.52,0.43,0.1161,0.2629
Complete Adaptive TLBO,20260863,29,25,93.99,23.4975,0.0,0,0,92.5,1.5,0.425,0.11,0.2371
Complete Adaptive TLBO,20260863,29,26,93.99,23.4975,0.0,0,0,92.5,1.48,0.42,0.1041,0.2464
Complete Adaptive TLBO,20260863,29,27,93.99,23.4975,0.0,0,0,92.5,1.46,0.415,0.0985,0.2479
Complete Adaptive TLBO,20260863,29,28,93.99,23.4975,0.0,0,0,92.5,1.44,0.41,0.0931,0.2429
Complete Adaptive TLBO,20260863,29,29,93.99,23.4975,0.0,0,0,92.5,1.42,0.405,0.0879,0.2487
Complete Adaptive TLBO,20260863,29,30,93.99,23.4975,0.0,0,0,92.5,1.4,0.4,0.083,0.2461
Complete Adaptive TLBO,20260863,29,31,93.99,35.1369,0.0,0,0,92.5,1.38,0.395,0.0783,0.2323
Complete Adaptive TLBO,20260863,29,32,93.99,46.7885,0.0,0,0,92.5,1.36,0.39,0.0739,0.2229
Complete Adaptive TLBO,20260863,29,33,93.99,46.8368,0.0,0,0,92.5,1.34,0.385,0.0697,0.2535
Complete Adaptive TLBO,20260863,29,34,93.99,46.7482,0.0,0,0,92.5,1.32,0.38,0.0657,0.2184
Complete Adaptive TLBO,20260863,29,35,93.99,58.5303,0.0,0,0,92.5,1.3,0.375,0.062,0.2066
Complete Adaptive TLBO,20260863,29,36,93.99,70.2995,0.0,0,0,92.5,1.28,0.37,0.0585,0.1871
Complete Adaptive TLBO,20260863,29,37,93.99,82.0648,0.0,0,0,92.5,1.26,0.365,0.0553,0.1744
Complete Adaptive TLBO,20260863,29,38,93.99,93.8439,93.514,0,0,92.5,1.24,0.36,0.0523,0.1551
Complete Adaptive TLBO,20260863,29,39,93.99,93.9034,93.6288,0,0,92.5,1.22,0.355,0.0495,0.1395
Complete Adaptive TLBO,20260863,29,40,93.99,93.9485,93.6584,0,0,92.5,1.2,0.35,0.047,0.1108
Complete Adaptive TLBO,20260863,29,41,93.99,93.99,93.99,0,0,92.5,1.18,0.345,0.0447,0.1022
Complete Adaptive TLBO,20260863,29,42,93.99,93.99,93.99,0,0,92.5,1.16,0.34,0.0427,0.1046
Complete Adaptive TLBO,20260863,29,43,93.99,93.99,93.99,0,0,92.5,1.14,0.335,0.0409,0.1012
Complete Adaptive TLBO,20260863,29,44,93.99,93.99,93.99,0,0,92.5,1.12,0.33,0.0393,0.1116
Complete Adaptive TLBO,20260863,29,45,93.99,93.99,93.99,0,0,92.5,1.1,0.325,0.038,0.1022
Complete Adaptive TLBO,20260863,29,46,93.99,93.99,93.99,0,0,92.5,1.08,0.32,0.0369,0.0933
Complete Adaptive TLBO,20260863,29,47,93.99,93.99,93.99,0,0,92.5,1.06,0.315,0.0361,0.0903
Complete Adaptive TLBO,20260863,29,48,93.99,93.99,93.99,0,0,92.5,1.04,0.31,0.0355,0.1048
Complete Adaptive TLBO,20260863,29,49,93.99,93.99,93.99,0,0,92.5,1.02,0.305,0.0351,0.1136
Complete Adaptive TLBO,20260863,29,50,93.99,93.99,93.99,0,0,92.5,1.0,0.3,0.035,0.1219
Complete Adaptive TLBO,20260864,30,1,93.308,23.2834,0.0,0,0,92.5,1.98,0.545,0.3231,0.3483
Complete Adaptive TLBO,20260864,30,2,93.488,23.3606,0.0,0,0,92.5,1.96,0.54,0.3115,0.3401
Complete Adaptive TLBO,20260864,30,3,93.488,35.0466,0.0,0,0,92.5,1.94,0.535,0.3001,0.2611
Complete Adaptive TLBO,20260864,30,4,93.6812,23.4173,0.0,0,0,92.5,1.92,0.53,0.2889,0.3148
Complete Adaptive TLBO,20260864,30,5,93.84,23.4402,0.0,0,0,92.5,1.9,0.525,0.278,0.2807
Complete Adaptive TLBO,20260864,30,6,93.84,23.46,0.0,0,0,92.5,1.88,0.52,0.2673,0.2518
Complete Adaptive TLBO,20260864,30,7,93.888,35.196,0.0,0,0,92.5,1.86,0.515,0.2569,0.2582
Complete Adaptive TLBO,20260864,30,8,93.888,23.472,0.0,0,0,92.5,1.84,0.51,0.2467,0.2454
Complete Adaptive TLBO,20260864,30,9,93.892,23.4725,0.0,0,0,92.5,1.82,0.505,0.2367,0.258
Complete Adaptive TLBO,20260864,30,10,93.9892,23.4851,0.0,0,0,92.5,1.8,0.5,0.227,0.2531
Complete Adaptive TLBO,20260864,30,11,93.9892,23.4973,0.0,0,0,92.5,1.78,0.495,0.2175,0.2567
Complete Adaptive TLBO,20260864,30,12,94.042,23.5039,0.0,0,0,92.5,1.76,0.49,0.2083,0.2662
Complete Adaptive TLBO,20260864,30,13,94.042,23.5105,0.0,0,0,92.5,1.74,0.485,0.1993,0.241
Complete Adaptive TLBO,20260864,30,14,94.042,35.2657,0.0,0,0,92.5,1.72,0.48,0.1905,0.2332
Complete Adaptive TLBO,20260864,30,15,94.042,23.5105,0.0,0,0,92.5,1.7,0.475,0.182,0.2466
Complete Adaptive TLBO,20260864,30,16,94.042,23.5105,0.0,0,0,92.5,1.68,0.47,0.1737,0.2521
Complete Adaptive TLBO,20260864,30,17,94.042,23.5105,0.0,0,0,92.5,1.66,0.465,0.1657,0.2605
Complete Adaptive TLBO,20260864,30,18,94.042,23.5105,0.0,0,0,92.5,1.64,0.46,0.1579,0.2581
Complete Adaptive TLBO,20260864,30,19,94.042,23.5105,0.0,0,0,92.5,1.62,0.455,0.1503,0.267
Complete Adaptive TLBO,20260864,30,20,94.042,23.5105,0.0,0,0,92.5,1.6,0.45,0.143,0.2605
Complete Adaptive TLBO,20260864,30,21,94.042,23.5105,0.0,0,0,92.5,1.58,0.445,0.1359,0.2534
Complete Adaptive TLBO,20260864,30,22,94.042,23.5105,0.0,0,0,92.5,1.56,0.44,0.1291,0.2364
Complete Adaptive TLBO,20260864,30,23,94.042,23.5105,0.0,0,0,92.5,1.54,0.435,0.1225,0.2471
Complete Adaptive TLBO,20260864,30,24,94.042,23.5105,0.0,0,0,92.5,1.52,0.43,0.1161,0.242
Complete Adaptive TLBO,20260864,30,25,94.042,23.5105,0.0,0,0,92.5,1.5,0.425,0.11,0.2464
Complete Adaptive TLBO,20260864,30,26,94.042,23.5105,0.0,0,0,92.5,1.48,0.42,0.1041,0.2523
Complete Adaptive TLBO,20260864,30,27,94.042,35.0564,0.0,0,0,92.5,1.46,0.415,0.0985,0.2603
Complete Adaptive TLBO,20260864,30,28,94.042,23.5105,0.0,0,0,92.5,1.44,0.41,0.0931,0.2521
Complete Adaptive TLBO,20260864,30,29,94.042,23.5105,0.0,0,0,92.5,1.42,0.405,0.0879,0.2578
Complete Adaptive TLBO,20260864,30,30,94.042,35.1439,0.0,0,0,92.5,1.4,0.4,0.083,0.251
Complete Adaptive TLBO,20260864,30,31,94.042,35.1493,0.0,0,0,92.5,1.38,0.395,0.0783,0.259
Complete Adaptive TLBO,20260864,30,32,94.042,23.5105,0.0,0,0,92.5,1.36,0.39,0.0739,0.2396
Complete Adaptive TLBO,20260864,30,33,94.042,35.1508,0.0,0,0,92.5,1.34,0.385,0.0697,0.2347
Complete Adaptive TLBO,20260864,30,34,94.042,23.5105,0.0,0,0,92.5,1.32,0.38,0.0657,0.2401
Complete Adaptive TLBO,20260864,30,35,94.042,46.7655,0.0,0,0,92.5,1.3,0.375,0.062,0.2243
Complete Adaptive TLBO,20260864,30,36,94.056,58.6828,0.0,0,0,92.5,1.28,0.37,0.0585,0.201
Complete Adaptive TLBO,20260864,30,37,94.056,70.4433,0.0,0,0,92.5,1.26,0.365,0.0553,0.195
Complete Adaptive TLBO,20260864,30,38,94.056,93.8237,92.987,0,0,92.5,1.24,0.36,0.0523,0.1558
Complete Adaptive TLBO,20260864,30,39,94.056,93.9573,93.5026,0,0,92.5,1.22,0.355,0.0495,0.1433
Complete Adaptive TLBO,20260864,30,40,94.056,94.0265,93.82,0,0,92.5,1.2,0.35,0.047,0.1168
Complete Adaptive TLBO,20260864,30,41,94.056,94.056,94.056,0,0,92.5,1.18,0.345,0.0447,0.0906
Complete Adaptive TLBO,20260864,30,42,94.056,94.056,94.056,0,0,92.5,1.16,0.34,0.0427,0.1107
Complete Adaptive TLBO,20260864,30,43,94.056,94.056,94.056,0,0,92.5,1.14,0.335,0.0409,0.1178
Complete Adaptive TLBO,20260864,30,44,94.056,94.056,94.056,0,0,92.5,1.12,0.33,0.0393,0.1068
Complete Adaptive TLBO,20260864,30,45,94.056,94.056,94.056,0,0,92.5,1.1,0.325,0.038,0.1055
Complete Adaptive TLBO,20260864,30,46,94.056,94.056,94.056,0,0,92.5,1.08,0.32,0.0369,0.1109
Complete Adaptive TLBO,20260864,30,47,94.056,94.056,94.056,0,0,92.5,1.06,0.315,0.0361,0.0954
Complete Adaptive TLBO,20260864,30,48,94.064,94.057,94.056,0,0,92.5,1.04,0.31,0.0355,0.1147
Complete Adaptive TLBO,20260864,30,49,94.064,94.058,94.056,0,0,92.5,1.02,0.305,0.0351,0.152
Complete Adaptive TLBO,20260864,30,50,94.072,94.06,94.056,0,0,92.5,1.0,0.3,0.035,0.1819
Complete Adaptive TLBO,20260865,31,1,93.6444,23.3638,0.0,0,0,92.5,1.98,0.545,0.3231,0.315
Complete Adaptive TLBO,20260865,31,2,93.7224,23.4209,0.0,0,0,92.5,1.96,0.54,0.3115,0.2894
Complete Adaptive TLBO,20260865,31,3,93.7224,35.1362,0.0,0,0,92.5,1.94,0.535,0.3001,0.2739
Complete Adaptive TLBO,20260865,31,4,93.7224,35.1459,0.0,0,0,92.5,1.92,0.53,0.2889,0.2437
Complete Adaptive TLBO,20260865,31,5,93.8496,23.4568,0.0,0,0,92.5,1.9,0.525,0.278,0.2462
Complete Adaptive TLBO,20260865,31,6,93.894,23.468,0.0,0,0,92.5,1.88,0.52,0.2673,0.2823
Complete Adaptive TLBO,20260865,31,7,93.9552,23.4811,0.0,0,0,92.5,1.86,0.515,0.2569,0.2492
Complete Adaptive TLBO,20260865,31,8,93.9552,23.4888,0.0,0,0,92.5,1.84,0.51,0.2467,0.257
Complete Adaptive TLBO,20260865,31,9,93.9552,23.4888,0.0,0,0,92.5,1.82,0.505,0.2367,0.2416
Complete Adaptive TLBO,20260865,31,10,94.008,23.4954,0.0,0,0,92.5,1.8,0.5,0.227,0.2811
Complete Adaptive TLBO,20260865,31,11,94.008,23.502,0.0,0,0,92.5,1.78,0.495,0.2175,0.25
Complete Adaptive TLBO,20260865,31,12,94.008,23.502,0.0,0,0,92.5,1.76,0.49,0.2083,0.2568
Complete Adaptive TLBO,20260865,31,13,94.008,23.502,0.0,0,0,92.5,1.74,0.485,0.1993,0.246
Complete Adaptive TLBO,20260865,31,14,94.008,23.502,0.0,0,0,92.5,1.72,0.48,0.1905,0.24
Complete Adaptive TLBO,20260865,31,15,94.008,23.502,0.0,0,0,92.5,1.7,0.475,0.182,0.248
Complete Adaptive TLBO,20260865,31,16,94.008,23.502,0.0,0,0,92.5,1.68,0.47,0.1737,0.2556
Complete Adaptive TLBO,20260865,31,17,94.008,23.502,0.0,0,0,92.5,1.66,0.465,0.1657,0.2431
Complete Adaptive TLBO,20260865,31,18,94.008,23.502,0.0,0,0,92.5,1.64,0.46,0.1579,0.2483
Complete Adaptive TLBO,20260865,31,19,94.008,23.502,0.0,0,0,92.5,1.62,0.455,0.1503,0.2251
Complete Adaptive TLBO,20260865,31,20,94.012,23.5025,0.0,0,0,92.5,1.6,0.45,0.143,0.2473
Complete Adaptive TLBO,20260865,31,21,94.012,23.503,0.0,0,0,92.5,1.58,0.445,0.1359,0.2282
Complete Adaptive TLBO,20260865,31,22,94.046,23.5072,0.0,0,0,92.5,1.56,0.44,0.1291,0.251
Complete Adaptive TLBO,20260865,31,23,94.046,35.263,0.0,0,0,92.5,1.54,0.435,0.1225,0.2495
Complete Adaptive TLBO,20260865,31,24,94.046,47.0188,0.0,0,0,92.5,1.52,0.43,0.1161,0.2181
Complete Adaptive TLBO,20260865,31,25,94.046,47.0188,0.0,0,0,92.5,1.5,0.425,0.11,0.2082
Complete Adaptive TLBO,20260865,31,26,94.0472,35.2674,0.0,0,0,92.5,1.48,0.42,0.1041,0.182
Complete Adaptive TLBO,20260865,31,27,94.0472,35.2675,0.0,0,0,92.5,1.46,0.415,0.0985,0.2296
Complete Adaptive TLBO,20260865,31,28,94.0472,23.5118,0.0,0,0,92.5,1.44,0.41,0.0931,0.2382
Complete Adaptive TLBO,20260865,31,29,94.0472,23.5118,0.0,0,0,92.5,1.42,0.405,0.0879,0.2233
Complete Adaptive TLBO,20260865,31,30,94.0472,23.5118,0.0,0,0,92.5,1.4,0.4,0.083,0.2005
Complete Adaptive TLBO,20260865,31,31,94.0472,23.5118,0.0,0,0,92.5,1.38,0.395,0.0783,0.2305
Complete Adaptive TLBO,20260865,31,32,94.0472,35.1891,0.0,0,0,92.5,1.36,0.39,0.0739,0.218
Complete Adaptive TLBO,20260865,31,33,94.0472,23.5118,0.0,0,0,92.5,1.34,0.385,0.0697,0.2287
Complete Adaptive TLBO,20260865,31,34,94.0472,23.5118,0.0,0,0,92.5,1.32,0.38,0.0657,0.219
Complete Adaptive TLBO,20260865,31,35,94.0632,23.5138,0.0,0,0,92.5,1.3,0.375,0.062,0.2214
Complete Adaptive TLBO,20260865,31,36,94.0632,58.5889,0.0,0,0,92.5,1.28,0.37,0.0585,0.1926
Complete Adaptive TLBO,20260865,31,37,94.0632,70.3749,0.0,0,0,92.5,1.26,0.365,0.0553,0.1956
Complete Adaptive TLBO,20260865,31,38,94.0632,82.1328,0.0,0,0,92.5,1.24,0.36,0.0523,0.1772
Complete Adaptive TLBO,20260865,31,39,94.0632,93.8907,93.3744,0,0,92.5,1.22,0.355,0.0495,0.1472
Complete Adaptive TLBO,20260865,31,40,94.0632,94.0211,93.7424,0,0,92.5,1.2,0.35,0.047,0.1441
Complete Adaptive TLBO,20260865,31,41,94.0632,94.0612,94.0472,0,0,92.5,1.18,0.345,0.0447,0.1118
Complete Adaptive TLBO,20260865,31,42,94.0632,94.0632,94.0632,0,0,92.5,1.16,0.34,0.0427,0.1041
Complete Adaptive TLBO,20260865,31,43,94.0632,94.0632,94.0632,0,0,92.5,1.14,0.335,0.0409,0.0979
Complete Adaptive TLBO,20260865,31,44,94.0632,94.0632,94.0632,0,0,92.5,1.12,0.33,0.0393,0.1014
Complete Adaptive TLBO,20260865,31,45,94.0632,94.0632,94.0632,0,0,92.5,1.1,0.325,0.038,0.0969
Complete Adaptive TLBO,20260865,31,46,94.0632,94.0632,94.0632,0,0,92.5,1.08,0.32,0.0369,0.0955
Complete Adaptive TLBO,20260865,31,47,94.0632,94.0632,94.0632,0,0,92.5,1.06,0.315,0.0361,0.0996
Complete Adaptive TLBO,20260865,31,48,94.0632,94.0632,94.0632,0,0,92.5,1.04,0.31,0.0355,0.0894
Complete Adaptive TLBO,20260865,31,49,94.0632,94.0632,94.0632,0,0,92.5,1.02,0.305,0.0351,0.1049
Complete Adaptive TLBO,20260865,31,50,94.0632,94.0632,94.0632,0,0,92.5,1.0,0.3,0.035,0.1012
Complete Adaptive TLBO,20260866,32,1,93.8056,23.4196,0.0,0,0,92.5,1.98,0.545,0.3231,0.3273
Complete Adaptive TLBO,20260866,32,2,93.834,23.455,0.0,0,0,92.5,1.96,0.54,0.3115,0.28
Complete Adaptive TLBO,20260866,32,3,93.834,23.4585,0.0,0,0,92.5,1.94,0.535,0.3001,0.2985
Complete Adaptive TLBO,20260866,32,4,93.882,23.4645,0.0,0,0,92.5,1.92,0.53,0.2889,0.2685
Complete Adaptive TLBO,20260866,32,5,93.882,35.1135,0.0,0,0,92.5,1.9,0.525,0.278,0.2495
Complete Adaptive TLBO,20260866,32,6,93.882,23.4705,0.0,0,0,92.5,1.88,0.52,0.2673,0.2411
Complete Adaptive TLBO,20260866,32,7,93.882,23.4705,0.0,0,0,92.5,1.86,0.515,0.2569,0.2512
Complete Adaptive TLBO,20260866,32,8,93.882,23.4705,0.0,0,0,92.5,1.84,0.51,0.2467,0.2348
Complete Adaptive TLBO,20260866,32,9,93.882,23.4705,0.0,0,0,92.5,1.82,0.505,0.2367,0.2568
Complete Adaptive TLBO,20260866,32,10,93.882,23.4705,0.0,0,0,92.5,1.8,0.5,0.227,0.2452
Complete Adaptive TLBO,20260866,32,11,93.882,23.4705,0.0,0,0,92.5,1.78,0.495,0.2175,0.2475
Complete Adaptive TLBO,20260866,32,12,93.882,23.4705,0.0,0,0,92.5,1.76,0.49,0.2083,0.2178
Complete Adaptive TLBO,20260866,32,13,93.882,23.4705,0.0,0,0,92.5,1.74,0.485,0.1993,0.2467
Complete Adaptive TLBO,20260866,32,14,93.882,23.4705,0.0,0,0,92.5,1.72,0.48,0.1905,0.2592
Complete Adaptive TLBO,20260866,32,15,93.882,23.4705,0.0,0,0,92.5,1.7,0.475,0.182,0.2445
Complete Adaptive TLBO,20260866,32,16,93.882,23.4705,0.0,0,0,92.5,1.68,0.47,0.1737,0.2331
Complete Adaptive TLBO,20260866,32,17,93.882,23.4705,0.0,0,0,92.5,1.66,0.465,0.1657,0.2334
Complete Adaptive TLBO,20260866,32,18,93.882,23.4705,0.0,0,0,92.5,1.64,0.46,0.1579,0.2445
Complete Adaptive TLBO,20260866,32,19,93.882,23.4705,0.0,0,0,92.5,1.62,0.455,0.1503,0.2512
Complete Adaptive TLBO,20260866,32,20,93.882,23.4705,0.0,0,0,92.5,1.6,0.45,0.143,0.2515
Complete Adaptive TLBO,20260866,32,21,93.882,23.4705,0.0,0,0,92.5,1.58,0.445,0.1359,0.2427
Complete Adaptive TLBO,20260866,32,22,93.882,35.0034,0.0,0,0,92.5,1.56,0.44,0.1291,0.2484
Complete Adaptive TLBO,20260866,32,23,93.9312,23.4766,0.0,0,0,92.5,1.54,0.435,0.1225,0.2586
Complete Adaptive TLBO,20260866,32,24,93.9312,35.2181,0.0,0,0,92.5,1.52,0.43,0.1161,0.2294
Complete Adaptive TLBO,20260866,32,25,93.9312,46.8896,0.0,0,0,92.5,1.5,0.425,0.11,0.2353
Complete Adaptive TLBO,20260866,32,26,93.9312,35.2242,0.0,0,0,92.5,1.48,0.42,0.1041,0.2322
Complete Adaptive TLBO,20260866,32,27,93.9372,23.4836,0.0,0,0,92.5,1.46,0.415,0.0985,0.2579
Complete Adaptive TLBO,20260866,32,28,93.94,23.4847,0.0,0,0,92.5,1.44,0.41,0.0931,0.2614
Complete Adaptive TLBO,20260866,32,29,93.94,23.485,0.0,0,0,92.5,1.42,0.405,0.0879,0.2336
Complete Adaptive TLBO,20260866,32,30,93.94,23.485,0.0,0,0,92.5,1.4,0.4,0.083,0.2286
Complete Adaptive TLBO,20260866,32,31,93.94,35.0501,0.0,0,0,92.5,1.38,0.395,0.0783,0.2339
Complete Adaptive TLBO,20260866,32,32,93.9892,23.4911,0.0,0,0,92.5,1.36,0.39,0.0739,0.2408
Complete Adaptive TLBO,20260866,32,33,93.9892,35.1058,0.0,0,0,92.5,1.34,0.385,0.0697,0.2368
Complete Adaptive TLBO,20260866,32,34,93.9892,35.1425,0.0,0,0,92.5,1.32,0.38,0.0657,0.2214
Complete Adaptive TLBO,20260866,32,35,93.9892,46.8912,0.0,0,0,92.5,1.3,0.375,0.062,0.1941
Complete Adaptive TLBO,20260866,32,36,93.9892,58.6398,0.0,0,0,92.5,1.28,0.37,0.0585,0.185
Complete Adaptive TLBO,20260866,32,37,93.9892,82.0871,0.0,0,0,92.5,1.26,0.365,0.0553,0.2206
Complete Adaptive TLBO,20260866,32,38,93.9892,93.8358,93.2572,0,0,92.5,1.24,0.36,0.0523,0.1726
Complete Adaptive TLBO,20260866,32,39,93.9892,93.9542,93.7092,0,0,92.5,1.22,0.355,0.0495,0.1513
Complete Adaptive TLBO,20260866,32,40,93.9892,93.9892,93.9892,0,0,92.5,1.2,0.35,0.047,0.1493
Complete Adaptive TLBO,20260866,32,41,93.9892,93.9892,93.9892,0,0,92.5,1.18,0.345,0.0447,0.1203
Complete Adaptive TLBO,20260866,32,42,93.9892,93.9892,93.9892,0,0,92.5,1.16,0.34,0.0427,0.1277
Complete Adaptive TLBO,20260866,32,43,93.9892,93.9892,93.9892,0,0,92.5,1.14,0.335,0.0409,0.1436
Complete Adaptive TLBO,20260866,32,44,93.9892,93.9892,93.9892,0,0,92.5,1.12,0.33,0.0393,0.1222
Complete Adaptive TLBO,20260866,32,45,93.9892,93.9892,93.9892,0,0,92.5,1.1,0.325,0.038,0.1023
Complete Adaptive TLBO,20260866,32,46,93.9892,93.9892,93.9892,0,0,92.5,1.08,0.32,0.0369,0.105
Complete Adaptive TLBO,20260866,32,47,93.9892,93.9892,93.9892,0,0,92.5,1.06,0.315,0.0361,0.1252
Complete Adaptive TLBO,20260866,32,48,93.9892,93.9892,93.9892,0,0,92.5,1.04,0.31,0.0355,0.1403
Complete Adaptive TLBO,20260866,32,49,93.9892,93.9892,93.9892,0,0,92.5,1.02,0.305,0.0351,0.1207
Complete Adaptive TLBO,20260866,32,50,93.9892,93.9892,93.9892,0,0,92.5,1.0,0.3,0.035,0.1325
Complete Adaptive TLBO,20260867,33,1,93.5384,23.3622,0.0,0,0,92.5,1.98,0.545,0.3231,0.3333
Complete Adaptive TLBO,20260867,33,2,93.5384,23.3846,0.0,0,0,92.5,1.96,0.54,0.3115,0.2722
Complete Adaptive TLBO,20260867,33,3,93.5384,34.8647,0.0,0,0,92.5,1.94,0.535,0.3001,0.2691
Complete Adaptive TLBO,20260867,33,4,93.7436,23.4102,0.0,0,0,92.5,1.92,0.53,0.2889,0.2807
Complete Adaptive TLBO,20260867,33,5,93.7436,35.1282,0.0,0,0,92.5,1.9,0.525,0.278,0.2616
Complete Adaptive TLBO,20260867,33,6,93.7436,23.4359,0.0,0,0,92.5,1.88,0.52,0.2673,0.2549
Complete Adaptive TLBO,20260867,33,7,93.788,35.1594,0.0,0,0,92.5,1.86,0.515,0.2569,0.2627
Complete Adaptive TLBO,20260867,33,8,93.836,23.453,0.0,0,0,92.5,1.84,0.51,0.2467,0.2795
Complete Adaptive TLBO,20260867,33,9,93.836,23.459,0.0,0,0,92.5,1.82,0.505,0.2367,0.2502
Complete Adaptive TLBO,20260867,33,10,93.836,23.459,0.0,0,0,92.5,1.8,0.5,0.227,0.2699
Complete Adaptive TLBO,20260867,33,11,93.864,23.4625,0.0,0,0,92.5,1.78,0.495,0.2175,0.2698
Complete Adaptive TLBO,20260867,33,12,93.864,35.0802,0.0,0,0,92.5,1.76,0.49,0.2083,0.2383
Complete Adaptive TLBO,20260867,33,13,93.864,23.466,0.0,0,0,92.5,1.74,0.485,0.1993,0.2297
Complete Adaptive TLBO,20260867,33,14,93.864,23.466,0.0,0,0,92.5,1.72,0.48,0.1905,0.2504
Complete Adaptive TLBO,20260867,33,15,93.864,23.466,0.0,0,0,92.5,1.7,0.475,0.182,0.238
Complete Adaptive TLBO,20260867,33,16,93.864,23.466,0.0,0,0,92.5,1.68,0.47,0.1737,0.2708
Complete Adaptive TLBO,20260867,33,17,93.864,23.466,0.0,0,0,92.5,1.66,0.465,0.1657,0.2805
Complete Adaptive TLBO,20260867,33,18,93.864,35.0948,0.0,0,0,92.5,1.64,0.46,0.1579,0.2602
Complete Adaptive TLBO,20260867,33,19,93.864,23.466,0.0,0,0,92.5,1.62,0.455,0.1503,0.2862
Complete Adaptive TLBO,20260867,33,20,93.864,23.466,0.0,0,0,92.5,1.6,0.45,0.143,0.2848
Complete Adaptive TLBO,20260867,33,21,93.864,23.466,0.0,0,0,92.5,1.58,0.445,0.1359,0.2662
Complete Adaptive TLBO,20260867,33,22,93.864,23.466,0.0,0,0,92.5,1.56,0.44,0.1291,0.2742
Complete Adaptive TLBO,20260867,33,23,93.87,23.4668,0.0,0,0,92.5,1.54,0.435,0.1225,0.3101
Complete Adaptive TLBO,20260867,33,24,93.87,23.4675,0.0,0,0,92.5,1.52,0.43,0.1161,0.2782
Complete Adaptive TLBO,20260867,33,25,93.87,35.1446,0.0,0,0,92.5,1.5,0.425,0.11,0.2652
Complete Adaptive TLBO,20260867,33,26,93.87,23.4675,0.0,0,0,92.5,1.48,0.42,0.1041,0.2542
Complete Adaptive TLBO,20260867,33,27,93.87,23.4675,0.0,0,0,92.5,1.46,0.415,0.0985,0.2408
Complete Adaptive TLBO,20260867,33,28,93.87,23.4675,0.0,0,0,92.5,1.44,0.41,0.0931,0.2734
Complete Adaptive TLBO,20260867,33,29,93.87,35.0929,0.0,0,0,92.5,1.42,0.405,0.0879,0.2896
Complete Adaptive TLBO,20260867,33,30,93.87,23.4675,0.0,0,0,92.5,1.4,0.4,0.083,0.2423
Complete Adaptive TLBO,20260867,33,31,93.87,23.4675,0.0,0,0,92.5,1.38,0.395,0.0783,0.2397
Complete Adaptive TLBO,20260867,33,32,93.87,35.0892,0.0,0,0,92.5,1.36,0.39,0.0739,0.2492
Complete Adaptive TLBO,20260867,33,33,93.87,35.0461,0.0,0,0,92.5,1.34,0.385,0.0697,0.2837
Complete Adaptive TLBO,20260867,33,34,93.87,23.4675,0.0,0,0,92.5,1.32,0.38,0.0657,0.258
Complete Adaptive TLBO,20260867,33,35,93.87,23.4675,0.0,0,0,92.5,1.3,0.375,0.062,0.2257
Complete Adaptive TLBO,20260867,33,36,93.87,35.2013,0.0,0,0,92.5,1.28,0.37,0.0585,0.1937
Complete Adaptive TLBO,20260867,33,37,93.87,46.935,0.0,0,0,92.5,1.26,0.365,0.0553,0.1581
Complete Adaptive TLBO,20260867,33,38,93.87,81.9615,0.0,0,0,92.5,1.24,0.36,0.0523,0.1459
Complete Adaptive TLBO,20260867,33,39,93.87,93.779,93.496,0,0,92.5,1.22,0.355,0.0495,0.1677
Complete Adaptive TLBO,20260867,33,40,93.9192,93.8319,93.516,0,0,92.5,1.2,0.35,0.047,0.1554
Complete Adaptive TLBO,20260867,33,41,93.9192,93.8823,93.87,0,0,92.5,1.18,0.345,0.0447,0.1631
Complete Adaptive TLBO,20260867,33,42,93.9192,93.9008,93.87,0,0,92.5,1.16,0.34,0.0427,0.152
Complete Adaptive TLBO,20260867,33,43,93.9192,93.913,93.87,0,0,92.5,1.14,0.335,0.0409,0.154
Complete Adaptive TLBO,20260867,33,44,93.9192,93.9192,93.9192,0,0,92.5,1.12,0.33,0.0393,0.1195
Complete Adaptive TLBO,20260867,33,45,93.9192,93.9192,93.9192,0,0,92.5,1.1,0.325,0.038,0.1203
Complete Adaptive TLBO,20260867,33,46,93.9192,93.9192,93.9192,0,0,92.5,1.08,0.32,0.0369,0.1078
Complete Adaptive TLBO,20260867,33,47,93.9192,93.9192,93.9192,0,0,92.5,1.06,0.315,0.0361,0.1118
Complete Adaptive TLBO,20260867,33,48,93.9192,93.9192,93.9192,0,0,92.5,1.04,0.31,0.0355,0.1327
Complete Adaptive TLBO,20260867,33,49,93.9192,93.9192,93.9192,0,0,92.5,1.02,0.305,0.0351,0.1202
Complete Adaptive TLBO,20260867,33,50,93.9192,93.9192,93.9192,0,0,92.5,1.0,0.3,0.035,0.1062
Complete Adaptive TLBO,20260868,34,1,93.5228,46.672,0.0,0,0,92.5,1.98,0.545,0.3231,0.3104
Complete Adaptive TLBO,20260868,34,2,93.5364,23.3824,0.0,0,0,92.5,1.96,0.54,0.3115,0.3362
Complete Adaptive TLBO,20260868,34,3,93.6452,35.0881,0.0,0,0,92.5,1.94,0.535,0.3001,0.2805
Complete Adaptive TLBO,20260868,34,4,93.6452,46.7937,0.0,0,0,92.5,1.92,0.53,0.2889,0.2765
Complete Adaptive TLBO,20260868,34,5,93.6452,23.4113,0.0,0,0,92.5,1.9,0.525,0.278,0.266
Complete Adaptive TLBO,20260868,34,6,93.6896,35.1225,0.0,0,0,92.5,1.88,0.52,0.2673,0.2662
Complete Adaptive TLBO,20260868,34,7,93.6896,35.1281,0.0,0,0,92.5,1.86,0.515,0.2569,0.2316
Complete Adaptive TLBO,20260868,34,8,93.6896,23.4224,0.0,0,0,92.5,1.84,0.51,0.2467,0.2477
Complete Adaptive TLBO,20260868,34,9,93.6896,35.1336,0.0,0,0,92.5,1.82,0.505,0.2367,0.2675
Complete Adaptive TLBO,20260868,34,10,93.6896,35.1336,0.0,0,0,92.5,1.8,0.5,0.227,0.2491
Complete Adaptive TLBO,20260868,34,11,93.782,23.4374,0.0,0,0,92.5,1.78,0.495,0.2175,0.3423
Complete Adaptive TLBO,20260868,34,12,93.8312,23.4517,0.0,0,0,92.5,1.76,0.49,0.2083,0.2635
Complete Adaptive TLBO,20260868,34,13,93.8312,35.0443,0.0,0,0,92.5,1.74,0.485,0.1993,0.2472
Complete Adaptive TLBO,20260868,34,14,93.884,23.4644,0.0,0,0,92.5,1.72,0.48,0.1905,0.2808
Complete Adaptive TLBO,20260868,34,15,93.884,23.471,0.0,0,0,92.5,1.7,0.475,0.182,0.2588
Complete Adaptive TLBO,20260868,34,16,93.884,23.471,0.0,0,0,92.5,1.68,0.47,0.1737,0.2559
Complete Adaptive TLBO,20260868,34,17,93.884,23.471,0.0,0,0,92.5,1.66,0.465,0.1657,0.252
Complete Adaptive TLBO,20260868,34,18,93.884,23.471,0.0,0,0,92.5,1.64,0.46,0.1579,0.2283
Complete Adaptive TLBO,20260868,34,19,93.884,23.471,0.0,0,0,92.5,1.62,0.455,0.1503,0.2492
Complete Adaptive TLBO,20260868,34,20,93.884,23.471,0.0,0,0,92.5,1.6,0.45,0.143,0.2765
Complete Adaptive TLBO,20260868,34,21,93.884,23.471,0.0,0,0,92.5,1.58,0.445,0.1359,0.2673
Complete Adaptive TLBO,20260868,34,22,93.884,23.471,0.0,0,0,92.5,1.56,0.44,0.1291,0.2674
Complete Adaptive TLBO,20260868,34,23,93.884,23.471,0.0,0,0,92.5,1.54,0.435,0.1225,0.2715
Complete Adaptive TLBO,20260868,34,24,93.884,23.471,0.0,0,0,92.5,1.52,0.43,0.1161,0.2618
Complete Adaptive TLBO,20260868,34,25,93.884,23.471,0.0,0,0,92.5,1.5,0.425,0.11,0.2685
Complete Adaptive TLBO,20260868,34,26,93.884,23.471,0.0,0,0,92.5,1.48,0.42,0.1041,0.2707
Complete Adaptive TLBO,20260868,34,27,93.884,23.471,0.0,0,0,92.5,1.46,0.415,0.0985,0.2599
Complete Adaptive TLBO,20260868,34,28,93.884,23.471,0.0,0,0,92.5,1.44,0.41,0.0931,0.261
Complete Adaptive TLBO,20260868,34,29,93.884,23.471,0.0,0,0,92.5,1.42,0.405,0.0879,0.2584
Complete Adaptive TLBO,20260868,34,30,93.884,23.471,0.0,0,0,92.5,1.4,0.4,0.083,0.28
Complete Adaptive TLBO,20260868,34,31,93.884,23.471,0.0,0,0,92.5,1.38,0.395,0.0783,0.2773
Complete Adaptive TLBO,20260868,34,32,93.89,23.4718,0.0,0,0,92.5,1.36,0.39,0.0739,0.3046
Complete Adaptive TLBO,20260868,34,33,93.89,23.4725,0.0,0,0,92.5,1.34,0.385,0.0697,0.2425
Complete Adaptive TLBO,20260868,34,34,93.89,23.4725,0.0,0,0,92.5,1.32,0.38,0.0657,0.2394
Complete Adaptive TLBO,20260868,34,35,93.89,35.2088,0.0,0,0,92.5,1.3,0.375,0.062,0.1918
Complete Adaptive TLBO,20260868,34,36,93.89,58.619,0.0,0,0,92.5,1.28,0.37,0.0585,0.1945
Complete Adaptive TLBO,20260868,34,37,93.89,70.3552,0.0,0,0,92.5,1.26,0.365,0.0553,0.1387
Complete Adaptive TLBO,20260868,34,38,93.89,82.0915,0.0,0,0,92.5,1.24,0.36,0.0523,0.1676
Complete Adaptive TLBO,20260868,34,39,93.89,93.8277,93.392,0,0,92.5,1.22,0.355,0.0495,0.1203
Complete Adaptive TLBO,20260868,34,40,93.92,93.8937,93.89,0,0,92.5,1.2,0.35,0.047,0.1228
Complete Adaptive TLBO,20260868,34,41,93.92,93.905,93.89,0,0,92.5,1.18,0.345,0.0447,0.1324
Complete Adaptive TLBO,20260868,34,42,93.92,93.9125,93.89,0,0,92.5,1.16,0.34,0.0427,0.1302
Complete Adaptive TLBO,20260868,34,43,93.95,93.92,93.89,0,0,92.5,1.14,0.335,0.0409,0.1422
Complete Adaptive TLBO,20260868,34,44,93.95,93.9275,93.92,0,0,92.5,1.12,0.33,0.0393,0.1522
Complete Adaptive TLBO,20260868,34,45,93.95,93.935,93.92,0,0,92.5,1.1,0.325,0.038,0.1379
Complete Adaptive TLBO,20260868,34,46,93.95,93.9387,93.92,0,0,92.5,1.08,0.32,0.0369,0.1683
Complete Adaptive TLBO,20260868,34,47,93.95,93.9425,93.92,0,0,92.5,1.06,0.315,0.0361,0.1329
Complete Adaptive TLBO,20260868,34,48,93.95,93.9463,93.92,0,0,92.5,1.04,0.31,0.0355,0.1231
Complete Adaptive TLBO,20260868,34,49,93.95,93.95,93.95,0,0,92.5,1.02,0.305,0.0351,0.109
Complete Adaptive TLBO,20260868,34,50,93.95,93.95,93.95,0,0,92.5,1.0,0.3,0.035,0.1005
Complete Adaptive TLBO,20260869,35,1,93.4552,34.8364,0.0,0,0,92.5,1.98,0.545,0.3231,0.3182
Complete Adaptive TLBO,20260869,35,2,93.5644,23.3863,0.0,0,0,92.5,1.96,0.54,0.3115,0.3721
Complete Adaptive TLBO,20260869,35,3,93.5644,23.3911,0.0,0,0,92.5,1.94,0.535,0.3001,0.2944
Complete Adaptive TLBO,20260869,35,4,93.5644,23.3911,0.0,0,0,92.5,1.92,0.53,0.2889,0.2583
Complete Adaptive TLBO,20260869,35,5,93.7252,35.1165,0.0,0,0,92.5,1.9,0.525,0.278,0.3107
Complete Adaptive TLBO,20260869,35,6,93.7696,23.4368,0.0,0,0,92.5,1.88,0.52,0.2673,0.291
Complete Adaptive TLBO,20260869,35,7,93.792,23.4452,0.0,0,0,92.5,1.86,0.515,0.2569,0.302
Complete Adaptive TLBO,20260869,35,8,93.822,23.4518,0.0,0,0,92.5,1.84,0.51,0.2467,0.2955
Complete Adaptive TLBO,20260869,35,9,93.822,23.4555,0.0,0,0,92.5,1.82,0.505,0.2367,0.2404
Complete Adaptive TLBO,20260869,35,10,93.822,23.4555,0.0,0,0,92.5,1.8,0.5,0.227,0.2756
Complete Adaptive TLBO,20260869,35,11,93.822,23.4555,0.0,0,0,92.5,1.78,0.495,0.2175,0.2554
Complete Adaptive TLBO,20260869,35,12,93.8892,23.4639,0.0,0,0,92.5,1.76,0.49,0.2083,0.2788
Complete Adaptive TLBO,20260869,35,13,93.8892,23.4723,0.0,0,0,92.5,1.74,0.485,0.1993,0.263
Complete Adaptive TLBO,20260869,35,14,93.8892,23.4723,0.0,0,0,92.5,1.72,0.48,0.1905,0.2353
Complete Adaptive TLBO,20260869,35,15,93.8892,23.4723,0.0,0,0,92.5,1.7,0.475,0.182,0.2392
Complete Adaptive TLBO,20260869,35,16,93.8892,35.2084,0.0,0,0,92.5,1.68,0.47,0.1737,0.2424
Complete Adaptive TLBO,20260869,35,17,93.942,23.4789,0.0,0,0,92.5,1.66,0.465,0.1657,0.2867
Complete Adaptive TLBO,20260869,35,18,93.942,23.4855,0.0,0,0,92.5,1.64,0.46,0.1579,0.2532
Complete Adaptive TLBO,20260869,35,19,93.942,23.4855,0.0,0,0,92.5,1.62,0.455,0.1503,0.2351
Complete Adaptive TLBO,20260869,35,20,93.942,23.4855,0.0,0,0,92.5,1.6,0.45,0.143,0.24
Complete Adaptive TLBO,20260869,35,21,93.942,23.4855,0.0,0,0,92.5,1.58,0.445,0.1359,0.2607
Complete Adaptive TLBO,20260869,35,22,93.942,23.4855,0.0,0,0,92.5,1.56,0.44,0.1291,0.2602
Complete Adaptive TLBO,20260869,35,23,93.942,23.4855,0.0,0,0,92.5,1.54,0.435,0.1225,0.2588
Complete Adaptive TLBO,20260869,35,24,93.942,35.1118,0.0,0,0,92.5,1.52,0.43,0.1161,0.2409
Complete Adaptive TLBO,20260869,35,25,93.942,23.4855,0.0,0,0,92.5,1.5,0.425,0.11,0.2638
Complete Adaptive TLBO,20260869,35,26,93.942,23.4855,0.0,0,0,92.5,1.48,0.42,0.1041,0.2722
Complete Adaptive TLBO,20260869,35,27,93.942,23.4855,0.0,0,0,92.5,1.46,0.415,0.0985,0.2776
Complete Adaptive TLBO,20260869,35,28,93.942,23.4855,0.0,0,0,92.5,1.44,0.41,0.0931,0.2464
Complete Adaptive TLBO,20260869,35,29,93.942,23.4855,0.0,0,0,92.5,1.42,0.405,0.0879,0.2594
Complete Adaptive TLBO,20260869,35,30,93.942,23.4855,0.0,0,0,92.5,1.4,0.4,0.083,0.2391
Complete Adaptive TLBO,20260869,35,31,93.942,23.4855,0.0,0,0,92.5,1.38,0.395,0.0783,0.2559
Complete Adaptive TLBO,20260869,35,32,93.942,23.4855,0.0,0,0,92.5,1.36,0.39,0.0739,0.2844
Complete Adaptive TLBO,20260869,35,33,93.942,23.4855,0.0,0,0,92.5,1.34,0.385,0.0697,0.2483
Complete Adaptive TLBO,20260869,35,34,93.942,23.4855,0.0,0,0,92.5,1.32,0.38,0.0657,0.25
Complete Adaptive TLBO,20260869,35,35,93.942,23.4855,0.0,0,0,92.5,1.3,0.375,0.062,0.2181
Complete Adaptive TLBO,20260869,35,36,93.942,46.8421,0.0,0,0,92.5,1.28,0.37,0.0585,0.1934
Complete Adaptive TLBO,20260869,35,37,93.942,70.3163,0.0,0,0,92.5,1.26,0.365,0.0553,0.181
Complete Adaptive TLBO,20260869,35,38,93.942,82.059,0.0,0,0,92.5,1.24,0.36,0.0523,0.1789
Complete Adaptive TLBO,20260869,35,39,93.942,93.8438,93.3432,0,0,92.5,1.22,0.355,0.0495,0.16
Complete Adaptive TLBO,20260869,35,40,93.942,93.9186,93.7552,0,0,92.5,1.2,0.35,0.047,0.1222
Complete Adaptive TLBO,20260869,35,41,93.942,93.942,93.942,0,0,92.5,1.18,0.345,0.0447,0.1009
Complete Adaptive TLBO,20260869,35,42,93.942,93.942,93.942,0,0,92.5,1.16,0.34,0.0427,0.1041
Complete Adaptive TLBO,20260869,35,43,93.942,93.942,93.942,0,0,92.5,1.14,0.335,0.0409,0.1127
Complete Adaptive TLBO,20260869,35,44,93.942,93.942,93.942,0,0,92.5,1.12,0.33,0.0393,0.1015
Complete Adaptive TLBO,20260869,35,45,93.942,93.942,93.942,0,0,92.5,1.1,0.325,0.038,0.1119
Complete Adaptive TLBO,20260869,35,46,93.942,93.942,93.942,0,0,92.5,1.08,0.32,0.0369,0.1107
Complete Adaptive TLBO,20260869,35,47,93.942,93.942,93.942,0,0,92.5,1.06,0.315,0.0361,0.107
Complete Adaptive TLBO,20260869,35,48,93.942,93.942,93.942,0,0,92.5,1.04,0.31,0.0355,0.0959
Complete Adaptive TLBO,20260869,35,49,93.942,93.942,93.942,0,0,92.5,1.02,0.305,0.0351,0.1019
Complete Adaptive TLBO,20260869,35,50,93.942,93.942,93.942,0,0,92.5,1.0,0.3,0.035,0.0989
Complete Adaptive TLBO,20260870,36,1,93.2776,23.254,0.0,0,0,92.5,1.98,0.545,0.3231,0.2978
Complete Adaptive TLBO,20260870,36,2,93.5608,23.3631,0.0,0,0,92.5,1.96,0.54,0.3115,0.3492
Complete Adaptive TLBO,20260870,36,3,93.6004,23.3952,0.0,0,0,92.5,1.94,0.535,0.3001,0.2935
Complete Adaptive TLBO,20260870,36,4,93.6832,23.4104,0.0,0,0,92.5,1.92,0.53,0.2889,0.2671
Complete Adaptive TLBO,20260870,36,5,93.82,23.449,0.0,0,0,92.5,1.9,0.525,0.278,0.3215
Complete Adaptive TLBO,20260870,36,6,93.82,23.455,0.0,0,0,92.5,1.88,0.52,0.2673,0.2551
Complete Adaptive TLBO,20260870,36,7,93.82,23.455,0.0,0,0,92.5,1.86,0.515,0.2569,0.2748
Complete Adaptive TLBO,20260870,36,8,93.82,23.455,0.0,0,0,92.5,1.84,0.51,0.2467,0.2504
Complete Adaptive TLBO,20260870,36,9,93.82,23.455,0.0,0,0,92.5,1.82,0.505,0.2367,0.2683
Complete Adaptive TLBO,20260870,36,10,93.82,23.455,0.0,0,0,92.5,1.8,0.5,0.227,0.2862
Complete Adaptive TLBO,20260870,36,11,93.82,23.455,0.0,0,0,92.5,1.78,0.495,0.2175,0.2305
Complete Adaptive TLBO,20260870,36,12,93.82,23.455,0.0,0,0,92.5,1.76,0.49,0.2083,0.2612
Complete Adaptive TLBO,20260870,36,13,93.8692,23.4611,0.0,0,0,92.5,1.74,0.485,0.1993,0.3116
Complete Adaptive TLBO,20260870,36,14,93.95,35.2111,0.0,0,0,92.5,1.72,0.48,0.1905,0.2769
Complete Adaptive TLBO,20260870,36,15,93.95,23.4875,0.0,0,0,92.5,1.7,0.475,0.182,0.2733
Complete Adaptive TLBO,20260870,36,16,93.95,23.4875,0.0,0,0,92.5,1.68,0.47,0.1737,0.2724
Complete Adaptive TLBO,20260870,36,17,93.95,35.2313,0.0,0,0,92.5,1.66,0.465,0.1657,0.259
Complete Adaptive TLBO,20260870,36,18,93.95,23.4875,0.0,0,0,92.5,1.64,0.46,0.1579,0.235
Complete Adaptive TLBO,20260870,36,19,93.95,23.4875,0.0,0,0,92.5,1.62,0.455,0.1503,0.2593
Complete Adaptive TLBO,20260870,36,20,93.95,35.0919,0.0,0,0,92.5,1.6,0.45,0.143,0.2651
Complete Adaptive TLBO,20260870,36,21,93.95,23.4875,0.0,0,0,92.5,1.58,0.445,0.1359,0.2669
Complete Adaptive TLBO,20260870,36,22,93.95,46.7758,0.0,0,0,92.5,1.56,0.44,0.1291,0.2419
Complete Adaptive TLBO,20260870,36,23,93.95,23.4875,0.0,0,0,92.5,1.54,0.435,0.1225,0.2804
Complete Adaptive TLBO,20260870,36,24,93.95,23.4875,0.0,0,0,92.5,1.52,0.43,0.1161,0.2546
Complete Adaptive TLBO,20260870,36,25,93.95,23.4875,0.0,0,0,92.5,1.5,0.425,0.11,0.2747
Complete Adaptive TLBO,20260870,36,26,93.95,23.4875,0.0,0,0,92.5,1.48,0.42,0.1041,0.2511
Complete Adaptive TLBO,20260870,36,27,93.95,23.4875,0.0,0,0,92.5,1.46,0.415,0.0985,0.2511
Complete Adaptive TLBO,20260870,36,28,93.958,23.4885,0.0,0,0,92.5,1.44,0.41,0.0931,0.292
Complete Adaptive TLBO,20260870,36,29,93.958,23.4895,0.0,0,0,92.5,1.42,0.405,0.0879,0.2567
Complete Adaptive TLBO,20260870,36,30,93.958,23.4895,0.0,0,0,92.5,1.4,0.4,0.083,0.253
Complete Adaptive TLBO,20260870,36,31,93.958,23.4895,0.0,0,0,92.5,1.38,0.395,0.0783,0.2504
Complete Adaptive TLBO,20260870,36,32,93.958,23.4895,0.0,0,0,92.5,1.36,0.39,0.0739,0.2548
Complete Adaptive TLBO,20260870,36,33,93.958,23.4895,0.0,0,0,92.5,1.34,0.385,0.0697,0.2498
Complete Adaptive TLBO,20260870,36,34,93.958,23.4895,0.0,0,0,92.5,1.32,0.38,0.0657,0.2587
Complete Adaptive TLBO,20260870,36,35,93.958,35.165,0.0,0,0,92.5,1.3,0.375,0.062,0.21
Complete Adaptive TLBO,20260870,36,36,93.958,46.9098,0.0,0,0,92.5,1.28,0.37,0.0585,0.2049
Complete Adaptive TLBO,20260870,36,37,93.958,58.6545,0.0,0,0,92.5,1.26,0.365,0.0553,0.191
Complete Adaptive TLBO,20260870,36,38,93.958,82.0962,0.0,0,0,92.5,1.24,0.36,0.0523,0.176
Complete Adaptive TLBO,20260870,36,39,93.958,93.841,93.468,0,0,92.5,1.22,0.355,0.0495,0.1255
Complete Adaptive TLBO,20260870,36,40,93.958,93.9128,93.5968,0,0,92.5,1.2,0.35,0.047,0.1427
Complete Adaptive TLBO,20260870,36,41,93.958,93.958,93.958,0,0,92.5,1.18,0.345,0.0447,0.1076
Complete Adaptive TLBO,20260870,36,42,93.958,93.958,93.958,0,0,92.5,1.16,0.34,0.0427,0.1112
Complete Adaptive TLBO,20260870,36,43,93.958,93.958,93.958,0,0,92.5,1.14,0.335,0.0409,0.0837
Complete Adaptive TLBO,20260870,36,44,93.958,93.958,93.958,0,0,92.5,1.12,0.33,0.0393,0.0932
Complete Adaptive TLBO,20260870,36,45,93.958,93.958,93.958,0,0,92.5,1.1,0.325,0.038,0.1185
Complete Adaptive TLBO,20260870,36,46,93.958,93.958,93.958,0,0,92.5,1.08,0.32,0.0369,0.1242
Complete Adaptive TLBO,20260870,36,47,93.958,93.958,93.958,0,0,92.5,1.06,0.315,0.0361,0.1109
Complete Adaptive TLBO,20260870,36,48,93.958,93.958,93.958,0,0,92.5,1.04,0.31,0.0355,0.1006
Complete Adaptive TLBO,20260870,36,49,93.958,93.958,93.958,0,0,92.5,1.02,0.305,0.0351,0.1137
Complete Adaptive TLBO,20260870,36,50,93.958,93.958,93.958,0,0,92.5,1.0,0.3,0.035,0.0949
Complete Adaptive TLBO,20260871,37,1,93.174,34.8925,0.0,0,0,92.5,1.98,0.545,0.3231,0.3447
Complete Adaptive TLBO,20260871,37,2,93.2692,34.9137,0.0,0,0,92.5,1.96,0.54,0.3115,0.3103
Complete Adaptive TLBO,20260871,37,3,93.48,34.9937,0.0,0,0,92.5,1.94,0.535,0.3001,0.3009
Complete Adaptive TLBO,20260871,37,4,93.51,23.3738,0.0,0,0,92.5,1.92,0.53,0.2889,0.3023
Complete Adaptive TLBO,20260871,37,5,93.51,35.0663,0.0,0,0,92.5,1.9,0.525,0.278,0.2416
Complete Adaptive TLBO,20260871,37,6,93.6288,23.3924,0.0,0,0,92.5,1.88,0.52,0.2673,0.2837
Complete Adaptive TLBO,20260871,37,7,93.6288,35.096,0.0,0,0,92.5,1.86,0.515,0.2569,0.2557
Complete Adaptive TLBO,20260871,37,8,93.7956,46.8116,0.0,0,0,92.5,1.84,0.51,0.2467,0.2878
Complete Adaptive TLBO,20260871,37,9,93.7956,23.4489,0.0,0,0,92.5,1.82,0.505,0.2367,0.2876
Complete Adaptive TLBO,20260871,37,10,93.84,23.4545,0.0,0,0,92.5,1.8,0.5,0.227,0.2622
Complete Adaptive TLBO,20260871,37,11,93.888,35.1904,0.0,0,0,92.5,1.78,0.495,0.2175,0.2775
Complete Adaptive TLBO,20260871,37,12,93.9372,23.4781,0.0,0,0,92.5,1.76,0.49,0.2083,0.2897
Complete Adaptive TLBO,20260871,37,13,93.9372,23.4843,0.0,0,0,92.5,1.74,0.485,0.1993,0.2627
Complete Adaptive TLBO,20260871,37,14,93.9372,23.4843,0.0,0,0,92.5,1.72,0.48,0.1905,0.2553
Complete Adaptive TLBO,20260871,37,15,93.9372,23.4843,0.0,0,0,92.5,1.7,0.475,0.182,0.2678
Complete Adaptive TLBO,20260871,37,16,93.9372,23.4843,0.0,0,0,92.5,1.68,0.47,0.1737,0.2402
Complete Adaptive TLBO,20260871,37,17,93.9372,23.4843,0.0,0,0,92.5,1.66,0.465,0.1657,0.2568
Complete Adaptive TLBO,20260871,37,18,93.9372,23.4843,0.0,0,0,92.5,1.64,0.46,0.1579,0.2702
Complete Adaptive TLBO,20260871,37,19,93.9372,23.4843,0.0,0,0,92.5,1.62,0.455,0.1503,0.2667
Complete Adaptive TLBO,20260871,37,20,93.9372,23.4843,0.0,0,0,92.5,1.6,0.45,0.143,0.2517
Complete Adaptive TLBO,20260871,37,21,93.9372,35.1376,0.0,0,0,92.5,1.58,0.445,0.1359,0.2669
Complete Adaptive TLBO,20260871,37,22,93.9372,23.4843,0.0,0,0,92.5,1.56,0.44,0.1291,0.262
Complete Adaptive TLBO,20260871,37,23,93.9372,23.4843,0.0,0,0,92.5,1.54,0.435,0.1225,0.2712
Complete Adaptive TLBO,20260871,37,24,93.9372,23.4843,0.0,0,0,92.5,1.52,0.43,0.1161,0.2477
Complete Adaptive TLBO,20260871,37,25,93.9412,23.4848,0.0,0,0,92.5,1.5,0.425,0.11,0.2837
Complete Adaptive TLBO,20260871,37,26,93.9412,23.4853,0.0,0,0,92.5,1.48,0.42,0.1041,0.272
Complete Adaptive TLBO,20260871,37,27,93.9412,23.4853,0.0,0,0,92.5,1.46,0.415,0.0985,0.2702
Complete Adaptive TLBO,20260871,37,28,93.9412,23.4853,0.0,0,0,92.5,1.44,0.41,0.0931,0.2371
Complete Adaptive TLBO,20260871,37,29,93.9412,23.4853,0.0,0,0,92.5,1.42,0.405,0.0879,0.2353
Complete Adaptive TLBO,20260871,37,30,93.9412,23.4853,0.0,0,0,92.5,1.4,0.4,0.083,0.2451
Complete Adaptive TLBO,20260871,37,31,93.9412,23.4853,0.0,0,0,92.5,1.38,0.395,0.0783,0.2569
Complete Adaptive TLBO,20260871,37,32,93.9412,23.4853,0.0,0,0,92.5,1.36,0.39,0.0739,0.2533
Complete Adaptive TLBO,20260871,37,33,93.9412,23.4853,0.0,0,0,92.5,1.34,0.385,0.0697,0.2567
Complete Adaptive TLBO,20260871,37,34,93.994,23.4919,0.0,0,0,92.5,1.32,0.38,0.0657,0.2775
Complete Adaptive TLBO,20260871,37,35,93.994,35.2411,0.0,0,0,92.5,1.3,0.375,0.062,0.1985
Complete Adaptive TLBO,20260871,37,36,93.994,46.997,0.0,0,0,92.5,1.28,0.37,0.0585,0.1786
Complete Adaptive TLBO,20260871,37,37,93.994,58.7463,0.0,0,0,92.5,1.26,0.365,0.0553,0.182
Complete Adaptive TLBO,20260871,37,38,93.994,82.1847,0.0,0,0,92.5,1.24,0.36,0.0523,0.1567
Complete Adaptive TLBO,20260871,37,39,93.994,93.934,93.514,0,0,92.5,1.22,0.355,0.0495,0.1409
Complete Adaptive TLBO,20260871,37,40,93.994,93.994,93.994,0,0,92.5,1.2,0.35,0.047,0.1102
Complete Adaptive TLBO,20260871,37,41,93.994,93.994,93.994,0,0,92.5,1.18,0.345,0.0447,0.1242
Complete Adaptive TLBO,20260871,37,42,93.994,93.994,93.994,0,0,92.5,1.16,0.34,0.0427,0.1162
Complete Adaptive TLBO,20260871,37,43,93.994,93.994,93.994,0,0,92.5,1.14,0.335,0.0409,0.0863
Complete Adaptive TLBO,20260871,37,44,93.994,93.994,93.994,0,0,92.5,1.12,0.33,0.0393,0.096
Complete Adaptive TLBO,20260871,37,45,93.994,93.994,93.994,0,0,92.5,1.1,0.325,0.038,0.0871
Complete Adaptive TLBO,20260871,37,46,93.994,93.994,93.994,0,0,92.5,1.08,0.32,0.0369,0.1274
Complete Adaptive TLBO,20260871,37,47,93.994,93.994,93.994,0,0,92.5,1.06,0.315,0.0361,0.1171
Complete Adaptive TLBO,20260871,37,48,93.994,93.994,93.994,0,0,92.5,1.04,0.31,0.0355,0.1097
Complete Adaptive TLBO,20260871,37,49,93.994,93.994,93.994,0,0,92.5,1.02,0.305,0.0351,0.1385
Complete Adaptive TLBO,20260871,37,50,93.994,93.994,93.994,0,0,92.5,1.0,0.3,0.035,0.129
Complete Adaptive TLBO,20260872,38,1,93.4652,23.3113,0.0,0,0,92.5,1.98,0.545,0.3231,0.338
Complete Adaptive TLBO,20260872,38,2,93.536,23.3751,0.0,0,0,92.5,1.96,0.54,0.3115,0.2884
Complete Adaptive TLBO,20260872,38,3,93.6884,23.4031,0.0,0,0,92.5,1.94,0.535,0.3001,0.3194
Complete Adaptive TLBO,20260872,38,4,93.8156,35.0464,0.0,0,0,92.5,1.92,0.53,0.2889,0.3125
Complete Adaptive TLBO,20260872,38,5,93.89,35.0612,0.0,0,0,92.5,1.9,0.525,0.278,0.3146
Complete Adaptive TLBO,20260872,38,6,93.946,23.4795,0.0,0,0,92.5,1.88,0.52,0.2673,0.298
Complete Adaptive TLBO,20260872,38,7,93.9952,23.4926,0.0,0,0,92.5,1.86,0.515,0.2569,0.2872
Complete Adaptive TLBO,20260872,38,8,93.9952,23.4988,0.0,0,0,92.5,1.84,0.51,0.2467,0.2618
Complete Adaptive TLBO,20260872,38,9,93.9952,23.4988,0.0,0,0,92.5,1.82,0.505,0.2367,0.2712
Complete Adaptive TLBO,20260872,38,10,93.9952,35.096,0.0,0,0,92.5,1.8,0.5,0.227,0.2665
Complete Adaptive TLBO,20260872,38,11,93.9952,23.4988,0.0,0,0,92.5,1.78,0.495,0.2175,0.26
Complete Adaptive TLBO,20260872,38,12,93.9952,23.4988,0.0,0,0,92.5,1.76,0.49,0.2083,0.2833
Complete Adaptive TLBO,20260872,38,13,93.9952,23.4988,0.0,0,0,92.5,1.74,0.485,0.1993,0.2724
Complete Adaptive TLBO,20260872,38,14,93.9952,23.4988,0.0,0,0,92.5,1.72,0.48,0.1905,0.2426
Complete Adaptive TLBO,20260872,38,15,93.9952,23.4988,0.0,0,0,92.5,1.7,0.475,0.182,0.2747
Complete Adaptive TLBO,20260872,38,16,93.9952,23.4988,0.0,0,0,92.5,1.68,0.47,0.1737,0.2955
Complete Adaptive TLBO,20260872,38,17,93.9952,23.4988,0.0,0,0,92.5,1.66,0.465,0.1657,0.2598
Complete Adaptive TLBO,20260872,38,18,93.9952,23.4988,0.0,0,0,92.5,1.64,0.46,0.1579,0.2655
Complete Adaptive TLBO,20260872,38,19,93.9952,23.4988,0.0,0,0,92.5,1.62,0.455,0.1503,0.2456
Complete Adaptive TLBO,20260872,38,20,93.9952,23.4988,0.0,0,0,92.5,1.6,0.45,0.143,0.2439
Complete Adaptive TLBO,20260872,38,21,93.9952,23.4988,0.0,0,0,92.5,1.58,0.445,0.1359,0.2444
Complete Adaptive TLBO,20260872,38,22,93.9952,23.4988,0.0,0,0,92.5,1.56,0.44,0.1291,0.2396
Complete Adaptive TLBO,20260872,38,23,93.9952,23.4988,0.0,0,0,92.5,1.54,0.435,0.1225,0.2444
Complete Adaptive TLBO,20260872,38,24,93.9952,23.4988,0.0,0,0,92.5,1.52,0.43,0.1161,0.2516
Complete Adaptive TLBO,20260872,38,25,93.9952,23.4988,0.0,0,0,92.5,1.5,0.425,0.11,0.2677
Complete Adaptive TLBO,20260872,38,26,93.9952,23.4988,0.0,0,0,92.5,1.48,0.42,0.1041,0.2555
Complete Adaptive TLBO,20260872,38,27,93.9952,35.1023,0.0,0,0,92.5,1.46,0.415,0.0985,0.2725
Complete Adaptive TLBO,20260872,38,28,93.9952,23.4988,0.0,0,0,92.5,1.44,0.41,0.0931,0.2701
Complete Adaptive TLBO,20260872,38,29,93.9952,23.4988,0.0,0,0,92.5,1.42,0.405,0.0879,0.2634
Complete Adaptive TLBO,20260872,38,30,93.9952,23.4988,0.0,0,0,92.5,1.4,0.4,0.083,0.2394
Complete Adaptive TLBO,20260872,38,31,93.9952,23.4988,0.0,0,0,92.5,1.38,0.395,0.0783,0.2291
Complete Adaptive TLBO,20260872,38,32,94.0292,23.5031,0.0,0,0,92.5,1.36,0.39,0.0739,0.2684
Complete Adaptive TLBO,20260872,38,33,94.082,23.5139,0.0,0,0,92.5,1.34,0.385,0.0697,0.2733
Complete Adaptive TLBO,20260872,38,34,94.082,23.5205,0.0,0,0,92.5,1.32,0.38,0.0657,0.2374
Complete Adaptive TLBO,20260872,38,35,94.082,35.2807,0.0,0,0,92.5,1.3,0.375,0.062,0.1941
Complete Adaptive TLBO,20260872,38,36,94.082,58.7365,0.0,0,0,92.5,1.28,0.37,0.0585,0.1934
Complete Adaptive TLBO,20260872,38,37,94.082,70.4967,0.0,0,0,92.5,1.26,0.365,0.0553,0.1553
Complete Adaptive TLBO,20260872,38,38,94.082,82.257,0.0,0,0,92.5,1.24,0.36,0.0523,0.1536
Complete Adaptive TLBO,20260872,38,39,94.082,94.0459,93.7932,0,0,92.5,1.22,0.355,0.0495,0.1045
Complete Adaptive TLBO,20260872,38,40,94.082,94.082,94.082,0,0,92.5,1.2,0.35,0.047,0.1057
Complete Adaptive TLBO,20260872,38,41,94.082,94.082,94.082,0,0,92.5,1.18,0.345,0.0447,0.1038
Complete Adaptive TLBO,20260872,38,42,94.082,94.082,94.082,0,0,92.5,1.16,0.34,0.0427,0.0883
Complete Adaptive TLBO,20260872,38,43,94.082,94.082,94.082,0,0,92.5,1.14,0.335,0.0409,0.1076
Complete Adaptive TLBO,20260872,38,44,94.082,94.082,94.082,0,0,92.5,1.12,0.33,0.0393,0.1072
Complete Adaptive TLBO,20260872,38,45,94.082,94.082,94.082,0,0,92.5,1.1,0.325,0.038,0.0932
Complete Adaptive TLBO,20260872,38,46,94.104,94.0847,94.082,0,0,92.5,1.08,0.32,0.0369,0.1149
Complete Adaptive TLBO,20260872,38,47,94.104,94.093,94.082,0,0,92.5,1.06,0.315,0.0361,0.1254
Complete Adaptive TLBO,20260872,38,48,94.104,94.0985,94.082,0,0,92.5,1.04,0.31,0.0355,0.1477
Complete Adaptive TLBO,20260872,38,49,94.104,94.1012,94.082,0,0,92.5,1.02,0.305,0.0351,0.1315
Complete Adaptive TLBO,20260872,38,50,94.104,94.104,94.104,0,0,92.5,1.0,0.3,0.035,0.1201
Complete Adaptive TLBO,20260873,39,1,93.11,23.1625,0.0,0,0,92.5,1.98,0.545,0.3231,0.3361
Complete Adaptive TLBO,20260873,39,2,93.368,23.3098,0.0,0,0,92.5,1.96,0.54,0.3115,0.2922
Complete Adaptive TLBO,20260873,39,3,93.368,23.342,0.0,0,0,92.5,1.94,0.535,0.3001,0.2585
Complete Adaptive TLBO,20260873,39,4,93.5168,23.3606,0.0,0,0,92.5,1.92,0.53,0.2889,0.2821
Complete Adaptive TLBO,20260873,39,5,93.5168,23.3792,0.0,0,0,92.5,1.9,0.525,0.278,0.2679
Complete Adaptive TLBO,20260873,39,6,93.5168,23.3792,0.0,0,0,92.5,1.88,0.52,0.2673,0.2503
Complete Adaptive TLBO,20260873,39,7,93.5564,23.3841,0.0,0,0,92.5,1.86,0.515,0.2569,0.2734
Complete Adaptive TLBO,20260873,39,8,93.5564,46.7562,0.0,0,0,92.5,1.84,0.51,0.2467,0.257
Complete Adaptive TLBO,20260873,39,9,93.5972,23.3942,0.0,0,0,92.5,1.82,0.505,0.2367,0.2942
Complete Adaptive TLBO,20260873,39,10,93.6452,23.4053,0.0,0,0,92.5,1.8,0.5,0.227,0.272
Complete Adaptive TLBO,20260873,39,11,93.6772,23.4153,0.0,0,0,92.5,1.78,0.495,0.2175,0.2601
Complete Adaptive TLBO,20260873,39,12,93.7476,23.4281,0.0,0,0,92.5,1.76,0.49,0.2083,0.2822
Complete Adaptive TLBO,20260873,39,13,93.7476,23.4369,0.0,0,0,92.5,1.74,0.485,0.1993,0.2562
Complete Adaptive TLBO,20260873,39,14,93.7476,35.1553,0.0,0,0,92.5,1.72,0.48,0.1905,0.2466
Complete Adaptive TLBO,20260873,39,15,93.84,23.4485,0.0,0,0,92.5,1.7,0.475,0.182,0.2717
Complete Adaptive TLBO,20260873,39,16,93.8552,46.8443,0.0,0,0,92.5,1.68,0.47,0.1737,0.2711
Complete Adaptive TLBO,20260873,39,17,93.8552,23.4638,0.0,0,0,92.5,1.66,0.465,0.1657,0.2456
Complete Adaptive TLBO,20260873,39,18,93.8552,23.4638,0.0,0,0,92.5,1.64,0.46,0.1579,0.2405
Complete Adaptive TLBO,20260873,39,19,93.8552,35.1957,0.0,0,0,92.5,1.62,0.455,0.1503,0.2105
Complete Adaptive TLBO,20260873,39,20,93.8552,23.4638,0.0,0,0,92.5,1.6,0.45,0.143,0.2365
Complete Adaptive TLBO,20260873,39,21,93.8552,23.4638,0.0,0,0,92.5,1.58,0.445,0.1359,0.2471
Complete Adaptive TLBO,20260873,39,22,93.8552,23.4638,0.0,0,0,92.5,1.56,0.44,0.1291,0.2381
Complete Adaptive TLBO,20260873,39,23,93.8552,23.4638,0.0,0,0,92.5,1.54,0.435,0.1225,0.2303
Complete Adaptive TLBO,20260873,39,24,93.8552,23.4638,0.0,0,0,92.5,1.52,0.43,0.1161,0.2369
Complete Adaptive TLBO,20260873,39,25,93.8552,23.4638,0.0,0,0,92.5,1.5,0.425,0.11,0.2267
Complete Adaptive TLBO,20260873,39,26,93.8552,23.4638,0.0,0,0,92.5,1.48,0.42,0.1041,0.2328
Complete Adaptive TLBO,20260873,39,27,93.8852,23.4675,0.0,0,0,92.5,1.46,0.415,0.0985,0.2636
Complete Adaptive TLBO,20260873,39,28,93.8852,35.0648,0.0,0,0,92.5,1.44,0.41,0.0931,0.2593
Complete Adaptive TLBO,20260873,39,29,93.8852,23.4713,0.0,0,0,92.5,1.42,0.405,0.0879,0.2609
Complete Adaptive TLBO,20260873,39,30,93.8852,35.0659,0.0,0,0,92.5,1.4,0.4,0.083,0.2401
Complete Adaptive TLBO,20260873,39,31,93.8852,46.7023,0.0,0,0,92.5,1.38,0.395,0.0783,0.2623
Complete Adaptive TLBO,20260873,39,32,93.8852,23.4713,0.0,0,0,92.5,1.36,0.39,0.0739,0.2529
Complete Adaptive TLBO,20260873,39,33,93.8852,23.4713,0.0,0,0,92.5,1.34,0.385,0.0697,0.2471
Complete Adaptive TLBO,20260873,39,34,93.8852,35.1609,0.0,0,0,92.5,1.32,0.38,0.0657,0.2584
Complete Adaptive TLBO,20260873,39,35,93.8852,46.8401,0.0,0,0,92.5,1.3,0.375,0.062,0.1985
Complete Adaptive TLBO,20260873,39,36,93.8852,70.2102,0.0,0,0,92.5,1.28,0.37,0.0585,0.1898
Complete Adaptive TLBO,20260873,39,37,93.8852,81.9458,0.0,0,0,92.5,1.26,0.365,0.0553,0.1793
Complete Adaptive TLBO,20260873,39,38,93.8852,93.7107,93.0084,0,0,92.5,1.24,0.36,0.0523,0.1698
Complete Adaptive TLBO,20260873,39,39,93.8852,93.8225,93.4332,0,0,92.5,1.22,0.355,0.0495,0.1253
Complete Adaptive TLBO,20260873,39,40,93.8852,93.8852,93.8852,0,0,92.5,1.2,0.35,0.047,0.1138
Complete Adaptive TLBO,20260873,39,41,93.8852,93.8852,93.8852,0,0,92.5,1.18,0.345,0.0447,0.1046
Complete Adaptive TLBO,20260873,39,42,93.8852,93.8852,93.8852,0,0,92.5,1.16,0.34,0.0427,0.0932
Complete Adaptive TLBO,20260873,39,43,93.8852,93.8852,93.8852,0,0,92.5,1.14,0.335,0.0409,0.1072
Complete Adaptive TLBO,20260873,39,44,93.8852,93.8852,93.8852,0,0,92.5,1.12,0.33,0.0393,0.1067
Complete Adaptive TLBO,20260873,39,45,93.8852,93.8852,93.8852,0,0,92.5,1.1,0.325,0.038,0.1031
Complete Adaptive TLBO,20260873,39,46,93.8852,93.8852,93.8852,0,0,92.5,1.08,0.32,0.0369,0.1044
Complete Adaptive TLBO,20260873,39,47,93.8852,93.8852,93.8852,0,0,92.5,1.06,0.315,0.0361,0.0895
Complete Adaptive TLBO,20260873,39,48,93.8852,93.8852,93.8852,0,0,92.5,1.04,0.31,0.0355,0.104
Complete Adaptive TLBO,20260873,39,49,93.8852,93.8852,93.8852,0,0,92.5,1.02,0.305,0.0351,0.0964
Complete Adaptive TLBO,20260873,39,50,93.8852,93.8852,93.8852,0,0,92.5,1.0,0.3,0.035,0.0885
Complete Adaptive TLBO,20260874,40,1,93.262,34.8941,0.0,0,0,92.5,1.98,0.545,0.3231,0.3197
Complete Adaptive TLBO,20260874,40,2,93.262,34.9438,0.0,0,0,92.5,1.96,0.54,0.3115,0.236
Complete Adaptive TLBO,20260874,40,3,93.5288,23.3488,0.0,0,0,92.5,1.94,0.535,0.3001,0.263
Complete Adaptive TLBO,20260874,40,4,93.718,23.4059,0.0,0,0,92.5,1.92,0.53,0.2889,0.3149
Complete Adaptive TLBO,20260874,40,5,93.718,23.4295,0.0,0,0,92.5,1.9,0.525,0.278,0.2633
Complete Adaptive TLBO,20260874,40,6,93.718,23.4295,0.0,0,0,92.5,1.88,0.52,0.2673,0.2132
Complete Adaptive TLBO,20260874,40,7,93.718,35.1442,0.0,0,0,92.5,1.86,0.515,0.2569,0.221
Complete Adaptive TLBO,20260874,40,8,93.718,35.1442,0.0,0,0,92.5,1.84,0.51,0.2467,0.2248
Complete Adaptive TLBO,20260874,40,9,93.718,23.4295,0.0,0,0,92.5,1.82,0.505,0.2367,0.236
Complete Adaptive TLBO,20260874,40,10,93.718,23.4295,0.0,0,0,92.5,1.8,0.5,0.227,0.2162
Complete Adaptive TLBO,20260874,40,11,93.766,23.4415,0.0,0,0,92.5,1.78,0.495,0.2175,0.3019
Complete Adaptive TLBO,20260874,40,12,93.766,23.4415,0.0,0,0,92.5,1.76,0.49,0.2083,0.2527
Complete Adaptive TLBO,20260874,40,13,93.766,35.1623,0.0,0,0,92.5,1.74,0.485,0.1993,0.2361
Complete Adaptive TLBO,20260874,40,14,93.766,35.1623,0.0,0,0,92.5,1.72,0.48,0.1905,0.2056
Complete Adaptive TLBO,20260874,40,15,93.766,23.4415,0.0,0,0,92.5,1.7,0.475,0.182,0.2216
Complete Adaptive TLBO,20260874,40,16,93.766,23.4415,0.0,0,0,92.5,1.68,0.47,0.1737,0.2492
Complete Adaptive TLBO,20260874,40,17,93.8152,23.4477,0.0,0,0,92.5,1.66,0.465,0.1657,0.2703
Complete Adaptive TLBO,20260874,40,18,93.8152,23.4538,0.0,0,0,92.5,1.64,0.46,0.1579,0.2168
Complete Adaptive TLBO,20260874,40,19,93.8152,23.4538,0.0,0,0,92.5,1.62,0.455,0.1503,0.2208
Complete Adaptive TLBO,20260874,40,20,93.8152,23.4538,0.0,0,0,92.5,1.6,0.45,0.143,0.2148
Complete Adaptive TLBO,20260874,40,21,93.8152,23.4538,0.0,0,0,92.5,1.58,0.445,0.1359,0.2335
Complete Adaptive TLBO,20260874,40,22,93.8152,23.4538,0.0,0,0,92.5,1.56,0.44,0.1291,0.2457
Complete Adaptive TLBO,20260874,40,23,93.8152,23.4538,0.0,0,0,92.5,1.54,0.435,0.1225,0.2968
Complete Adaptive TLBO,20260874,40,24,93.8152,23.4538,0.0,0,0,92.5,1.52,0.43,0.1161,0.2432
Complete Adaptive TLBO,20260874,40,25,93.8152,23.4538,0.0,0,0,92.5,1.5,0.425,0.11,0.4752
Complete Adaptive TLBO,20260874,40,26,93.8152,23.4538,0.0,0,0,92.5,1.48,0.42,0.1041,0.8068
Complete Adaptive TLBO,20260874,40,27,93.8152,23.4538,0.0,0,0,92.5,1.46,0.415,0.0985,0.4661
Complete Adaptive TLBO,20260874,40,28,93.8152,23.4538,0.0,0,0,92.5,1.44,0.41,0.0931,0.2633
Complete Adaptive TLBO,20260874,40,29,93.8152,23.4538,0.0,0,0,92.5,1.42,0.405,0.0879,0.2903
Complete Adaptive TLBO,20260874,40,30,93.8152,23.4538,0.0,0,0,92.5,1.4,0.4,0.083,0.3021
Complete Adaptive TLBO,20260874,40,31,93.8152,23.4538,0.0,0,0,92.5,1.38,0.395,0.0783,0.3715
Complete Adaptive TLBO,20260874,40,32,93.8272,35.0863,0.0,0,0,92.5,1.36,0.39,0.0739,0.2923
Complete Adaptive TLBO,20260874,40,33,93.8272,35.1409,0.0,0,0,92.5,1.34,0.385,0.0697,0.2414
Complete Adaptive TLBO,20260874,40,34,93.884,35.148,0.0,0,0,92.5,1.32,0.38,0.0657,0.2365
Complete Adaptive TLBO,20260874,40,35,93.884,58.5104,0.0,0,0,92.5,1.3,0.375,0.062,0.1838
Complete Adaptive TLBO,20260874,40,36,93.884,70.2865,0.0,0,0,92.5,1.28,0.37,0.0585,0.185
Complete Adaptive TLBO,20260874,40,37,93.884,82.022,0.0,0,0,92.5,1.26,0.365,0.0553,0.1786
Complete Adaptive TLBO,20260874,40,38,93.914,93.7906,93.4724,0,0,92.5,1.24,0.36,0.0523,0.154
Complete Adaptive TLBO,20260874,40,39,93.9312,93.848,93.5188,0,0,92.5,1.22,0.355,0.0495,0.1773
Complete Adaptive TLBO,20260874,40,40,93.9312,93.8996,93.884,0,0,92.5,1.2,0.35,0.047,0.1666
Complete Adaptive TLBO,20260874,40,41,93.95,93.91,93.884,0,0,92.5,1.18,0.345,0.0447,0.1681
Complete Adaptive TLBO,20260874,40,42,93.95,93.9183,93.884,0,0,92.5,1.16,0.34,0.0427,0.1809
Complete Adaptive TLBO,20260874,40,43,93.95,93.9266,93.884,0,0,92.5,1.14,0.335,0.0409,0.1575
Complete Adaptive TLBO,20260874,40,44,93.95,93.9348,93.884,0,0,92.5,1.12,0.33,0.0393,0.1533
Complete Adaptive TLBO,20260874,40,45,93.95,93.943,93.9312,0,0,92.5,1.1,0.325,0.038,0.1355
Complete Adaptive TLBO,20260874,40,46,93.95,93.9477,93.932,0,0,92.5,1.08,0.32,0.0369,0.1453
Complete Adaptive TLBO,20260874,40,47,93.95,93.95,93.95,0,0,92.5,1.06,0.315,0.0361,0.1267
Complete Adaptive TLBO,20260874,40,48,93.95,93.95,93.95,0,0,92.5,1.04,0.31,0.0355,0.1143
Complete Adaptive TLBO,20260874,40,49,93.95,93.95,93.95,0,0,92.5,1.02,0.305,0.0351,0.1074
Complete Adaptive TLBO,20260874,40,50,93.95,93.95,93.95,0,0,92.5,1.0,0.3,0.035,0.1002
