Experiment,Seed,Run,Iteration,BestFitness,AverageFitness,WorstFitness,Conflicts,ConstraintViolationScore,FacultySatisfaction,TeachingFactor,LearningFactor,MutationRate,IterationTimeSeconds
Complete Adaptive TLBO,20260835,1,1,93.3592,23.3164,0.0,0,0,92.5,1.98,0.545,0.3231,0.3485
Complete Adaptive TLBO,20260835,1,2,93.746,23.4015,0.0,0,0,92.5,1.96,0.54,0.3115,0.3176
Complete Adaptive TLBO,20260835,1,3,93.8432,35.1319,0.0,0,0,92.5,1.94,0.535,0.3001,0.2724
Complete Adaptive TLBO,20260835,1,4,93.8432,23.4608,0.0,0,0,92.5,1.92,0.53,0.2889,0.2787
Complete Adaptive TLBO,20260835,1,5,93.8432,23.4608,0.0,0,0,92.5,1.9,0.525,0.278,0.2789
Complete Adaptive TLBO,20260835,1,6,93.896,35.1978,0.0,0,0,92.5,1.88,0.52,0.2673,0.2817
Complete Adaptive TLBO,20260835,1,7,93.896,46.9348,0.0,0,0,92.5,1.86,0.515,0.2569,0.2323
Complete Adaptive TLBO,20260835,1,8,93.896,35.211,0.0,0,0,92.5,1.84,0.51,0.2467,0.2295
Complete Adaptive TLBO,20260835,1,9,93.926,23.4778,0.0,0,0,92.5,1.82,0.505,0.2367,0.2392
Complete Adaptive TLBO,20260835,1,10,93.926,35.2185,0.0,0,0,92.5,1.8,0.5,0.227,0.2531
Complete Adaptive TLBO,20260835,1,11,93.926,35.2223,0.0,0,0,92.5,1.78,0.495,0.2175,0.217
Complete Adaptive TLBO,20260835,1,12,93.926,35.2223,0.0,0,0,92.5,1.76,0.49,0.2083,0.254
Complete Adaptive TLBO,20260835,1,13,93.926,23.4815,0.0,0,0,92.5,1.74,0.485,0.1993,0.2176
Complete Adaptive TLBO,20260835,1,14,93.926,23.4815,0.0,0,0,92.5,1.72,0.48,0.1905,0.2427
Complete Adaptive TLBO,20260835,1,15,93.926,23.4815,0.0,0,0,92.5,1.7,0.475,0.182,0.2679
Complete Adaptive TLBO,20260835,1,16,93.926,23.4815,0.0,0,0,92.5,1.68,0.47,0.1737,0.2516
Complete Adaptive TLBO,20260835,1,17,93.926,23.4815,0.0,0,0,92.5,1.66,0.465,0.1657,0.2681
Complete Adaptive TLBO,20260835,1,18,93.926,23.4815,0.0,0,0,92.5,1.64,0.46,0.1579,0.2638
Complete Adaptive TLBO,20260835,1,19,93.926,23.4815,0.0,0,0,92.5,1.62,0.455,0.1503,0.2446
Complete Adaptive TLBO,20260835,1,20,93.926,23.4815,0.0,0,0,92.5,1.6,0.45,0.143,0.2462
Complete Adaptive TLBO,20260835,1,21,93.926,23.4815,0.0,0,0,92.5,1.58,0.445,0.1359,0.2243
Complete Adaptive TLBO,20260835,1,22,93.926,23.4815,0.0,0,0,92.5,1.56,0.44,0.1291,0.2711
Complete Adaptive TLBO,20260835,1,23,93.926,23.4815,0.0,0,0,92.5,1.54,0.435,0.1225,0.2516
Complete Adaptive TLBO,20260835,1,24,93.926,35.0244,0.0,0,0,92.5,1.52,0.43,0.1161,0.2277
Complete Adaptive TLBO,20260835,1,25,93.926,23.4815,0.0,0,0,92.5,1.5,0.425,0.11,0.2729
Complete Adaptive TLBO,20260835,1,26,93.926,23.4815,0.0,0,0,92.5,1.48,0.42,0.1041,0.2525
Complete Adaptive TLBO,20260835,1,27,93.926,23.4815,0.0,0,0,92.5,1.46,0.415,0.0985,0.24
Complete Adaptive TLBO,20260835,1,28,93.926,23.4815,0.0,0,0,92.5,1.44,0.41,0.0931,0.2525
Complete Adaptive TLBO,20260835,1,29,93.926,23.4815,0.0,0,0,92.5,1.42,0.405,0.0879,0.2202
Complete Adaptive TLBO,20260835,1,30,93.926,23.4815,0.0,0,0,92.5,1.4,0.4,0.083,0.2615
Complete Adaptive TLBO,20260835,1,31,93.926,35.1495,0.0,0,0,92.5,1.38,0.395,0.0783,0.229
Complete Adaptive TLBO,20260835,1,32,93.926,35.1193,0.0,0,0,92.5,1.36,0.39,0.0739,0.2549
Complete Adaptive TLBO,20260835,1,33,93.926,46.6739,0.0,0,0,92.5,1.34,0.385,0.0697,0.2347
Complete Adaptive TLBO,20260835,1,34,93.926,46.8276,0.0,0,0,92.5,1.32,0.38,0.0657,0.2308
Complete Adaptive TLBO,20260835,1,35,93.926,46.8276,0.0,0,0,92.5,1.3,0.375,0.062,0.2097
Complete Adaptive TLBO,20260835,1,36,93.926,81.8808,0.0,0,0,92.5,1.28,0.37,0.0585,0.1779
Complete Adaptive TLBO,20260835,1,37,93.926,93.7079,93.408,0,0,92.5,1.26,0.365,0.0553,0.1638
Complete Adaptive TLBO,20260835,1,38,93.926,93.783,93.4924,0,0,92.5,1.24,0.36,0.0523,0.1439
Complete Adaptive TLBO,20260835,1,39,93.944,93.84,93.5264,0,0,92.5,1.22,0.355,0.0495,0.1845
Complete Adaptive TLBO,20260835,1,40,93.944,93.8922,93.6152,0,0,92.5,1.2,0.35,0.047,0.1779
Complete Adaptive TLBO,20260835,1,41,93.944,93.9333,93.926,0,0,92.5,1.18,0.345,0.0447,0.1778
Complete Adaptive TLBO,20260835,1,42,93.944,93.9355,93.926,0,0,92.5,1.16,0.34,0.0427,0.1813
Complete Adaptive TLBO,20260835,1,43,93.944,93.9378,93.926,0,0,92.5,1.14,0.335,0.0409,0.1187
Complete Adaptive TLBO,20260835,1,44,93.944,93.94,93.926,0,0,92.5,1.12,0.33,0.0393,0.1318
Complete Adaptive TLBO,20260835,1,45,93.944,93.9423,93.93,0,0,92.5,1.1,0.325,0.038,0.1411
Complete Adaptive TLBO,20260835,1,46,93.944,93.944,93.944,0,0,92.5,1.08,0.32,0.0369,0.0999
Complete Adaptive TLBO,20260835,1,47,93.944,93.944,93.944,0,0,92.5,1.06,0.315,0.0361,0.1067
Complete Adaptive TLBO,20260835,1,48,93.944,93.944,93.944,0,0,92.5,1.04,0.31,0.0355,0.1087
Complete Adaptive TLBO,20260835,1,49,93.944,93.944,93.944,0,0,92.5,1.02,0.305,0.0351,0.0996
Complete Adaptive TLBO,20260835,1,50,93.944,93.944,93.944,0,0,92.5,1.0,0.3,0.035,0.1161
Complete Adaptive TLBO,20260836,2,1,93.7512,46.6681,0.0,0,0,92.5,1.98,0.545,0.3231,0.3021
Complete Adaptive TLBO,20260836,2,2,93.7512,35.0466,0.0,0,0,92.5,1.96,0.54,0.3115,0.2627
Complete Adaptive TLBO,20260836,2,3,93.9672,23.4784,0.0,0,0,92.5,1.94,0.535,0.3001,0.3315
Complete Adaptive TLBO,20260836,2,4,93.9672,23.4918,0.0,0,0,92.5,1.92,0.53,0.2889,0.2403
Complete Adaptive TLBO,20260836,2,5,93.9672,23.4918,0.0,0,0,92.5,1.9,0.525,0.278,0.2681
Complete Adaptive TLBO,20260836,2,6,93.9672,23.4918,0.0,0,0,92.5,1.88,0.52,0.2673,0.2499
Complete Adaptive TLBO,20260836,2,7,93.9672,23.4918,0.0,0,0,92.5,1.86,0.515,0.2569,0.2736
Complete Adaptive TLBO,20260836,2,8,93.9672,23.4918,0.0,0,0,92.5,1.84,0.51,0.2467,0.2778
Complete Adaptive TLBO,20260836,2,9,93.9672,23.4918,0.0,0,0,92.5,1.82,0.505,0.2367,0.2899
Complete Adaptive TLBO,20260836,2,10,93.9672,23.4918,0.0,0,0,92.5,1.8,0.5,0.227,0.2725
Complete Adaptive TLBO,20260836,2,11,94.02,23.4984,0.0,0,0,92.5,1.78,0.495,0.2175,0.3269
Complete Adaptive TLBO,20260836,2,12,94.02,23.505,0.0,0,0,92.5,1.76,0.49,0.2083,0.2891
Complete Adaptive TLBO,20260836,2,13,94.02,35.1282,0.0,0,0,92.5,1.74,0.485,0.1993,0.264
Complete Adaptive TLBO,20260836,2,14,94.02,23.505,0.0,0,0,92.5,1.72,0.48,0.1905,0.2541
Complete Adaptive TLBO,20260836,2,15,94.02,23.505,0.0,0,0,92.5,1.7,0.475,0.182,0.2569
Complete Adaptive TLBO,20260836,2,16,94.02,23.505,0.0,0,0,92.5,1.68,0.47,0.1737,0.2761
Complete Adaptive TLBO,20260836,2,17,94.02,23.505,0.0,0,0,92.5,1.66,0.465,0.1657,0.2723
Complete Adaptive TLBO,20260836,2,18,94.02,23.505,0.0,0,0,92.5,1.64,0.46,0.1579,0.2701
Complete Adaptive TLBO,20260836,2,19,94.02,23.505,0.0,0,0,92.5,1.62,0.455,0.1503,0.2483
Complete Adaptive TLBO,20260836,2,20,94.02,23.505,0.0,0,0,92.5,1.6,0.45,0.143,0.303
Complete Adaptive TLBO,20260836,2,21,94.02,23.505,0.0,0,0,92.5,1.58,0.445,0.1359,0.2669
Complete Adaptive TLBO,20260836,2,22,94.028,23.506,0.0,0,0,92.5,1.56,0.44,0.1291,0.2843
Complete Adaptive TLBO,20260836,2,23,94.028,23.507,0.0,0,0,92.5,1.54,0.435,0.1225,0.2481
Complete Adaptive TLBO,20260836,2,24,94.056,23.5105,0.0,0,0,92.5,1.52,0.43,0.1161,0.2907
Complete Adaptive TLBO,20260836,2,25,94.056,23.514,0.0,0,0,92.5,1.5,0.425,0.11,0.2681
Complete Adaptive TLBO,20260836,2,26,94.056,23.514,0.0,0,0,92.5,1.48,0.42,0.1041,0.2552
Complete Adaptive TLBO,20260836,2,27,94.056,23.514,0.0,0,0,92.5,1.46,0.415,0.0985,0.215
Complete Adaptive TLBO,20260836,2,28,94.056,23.514,0.0,0,0,92.5,1.44,0.41,0.0931,0.2651
Complete Adaptive TLBO,20260836,2,29,94.086,35.1448,0.0,0,0,92.5,1.42,0.405,0.0879,0.2906
Complete Adaptive TLBO,20260836,2,30,94.086,23.5215,0.0,0,0,92.5,1.4,0.4,0.083,0.2614
Complete Adaptive TLBO,20260836,2,31,94.086,35.2059,0.0,0,0,92.5,1.38,0.395,0.0783,0.2537
Complete Adaptive TLBO,20260836,2,32,94.086,46.8303,0.0,0,0,92.5,1.36,0.39,0.0739,0.23
Complete Adaptive TLBO,20260836,2,33,94.086,35.0794,0.0,0,0,92.5,1.34,0.385,0.0697,0.2332
Complete Adaptive TLBO,20260836,2,34,94.11,35.08,0.0,0,0,92.5,1.32,0.38,0.0657,0.2932
Complete Adaptive TLBO,20260836,2,35,94.11,58.434,0.0,0,0,92.5,1.3,0.375,0.062,0.2053
Complete Adaptive TLBO,20260836,2,36,94.11,81.977,0.0,0,0,92.5,1.28,0.37,0.0585,0.2041
Complete Adaptive TLBO,20260836,2,37,94.11,93.753,92.7218,0,0,92.5,1.26,0.365,0.0553,0.1877
Complete Adaptive TLBO,20260836,2,38,94.11,93.9523,93.4024,0,0,92.5,1.24,0.36,0.0523,0.1634
Complete Adaptive TLBO,20260836,2,39,94.11,94.0408,93.556,0,0,92.5,1.22,0.355,0.0495,0.1417
Complete Adaptive TLBO,20260836,2,40,94.11,94.11,94.11,0,0,92.5,1.2,0.35,0.047,0.1137
Complete Adaptive TLBO,20260836,2,41,94.11,94.11,94.11,0,0,92.5,1.18,0.345,0.0447,0.1159
Complete Adaptive TLBO,20260836,2,42,94.11,94.11,94.11,0,0,92.5,1.16,0.34,0.0427,0.1179
Complete Adaptive TLBO,20260836,2,43,94.11,94.11,94.11,0,0,92.5,1.14,0.335,0.0409,0.0986
Complete Adaptive TLBO,20260836,2,44,94.11,94.11,94.11,0,0,92.5,1.12,0.33,0.0393,0.1023
Complete Adaptive TLBO,20260836,2,45,94.11,94.11,94.11,0,0,92.5,1.1,0.325,0.038,0.1023
Complete Adaptive TLBO,20260836,2,46,94.11,94.11,94.11,0,0,92.5,1.08,0.32,0.0369,0.1037
Complete Adaptive TLBO,20260836,2,47,94.11,94.11,94.11,0,0,92.5,1.06,0.315,0.0361,0.1007
Complete Adaptive TLBO,20260836,2,48,94.11,94.11,94.11,0,0,92.5,1.04,0.31,0.0355,0.1042
Complete Adaptive TLBO,20260836,2,49,94.11,94.11,94.11,0,0,92.5,1.02,0.305,0.0351,0.1152
Complete Adaptive TLBO,20260836,2,50,94.11,94.11,94.11,0,0,92.5,1.0,0.3,0.035,0.0993
Complete Adaptive TLBO,20260837,3,1,93.0792,23.2396,0.0,0,0,92.5,1.98,0.545,0.3231,0.2871
Complete Adaptive TLBO,20260837,3,2,93.2356,23.2893,0.0,0,0,92.5,1.96,0.54,0.3115,0.3199
Complete Adaptive TLBO,20260837,3,3,93.2822,23.3147,0.0,0,0,91.25,1.94,0.535,0.3001,0.331
Complete Adaptive TLBO,20260837,3,4,93.378,23.3325,0.0,0,0,92.5,1.92,0.53,0.2889,0.2912
Complete Adaptive TLBO,20260837,3,5,93.5632,35.0279,0.0,0,0,92.5,1.9,0.525,0.278,0.2956
Complete Adaptive TLBO,20260837,3,6,93.694,23.4072,0.0,0,0,92.5,1.88,0.52,0.2673,0.2895
Complete Adaptive TLBO,20260837,3,7,93.742,23.4295,0.0,0,0,92.5,1.86,0.515,0.2569,0.299
Complete Adaptive TLBO,20260837,3,8,93.742,23.4355,0.0,0,0,92.5,1.84,0.51,0.2467,0.258
Complete Adaptive TLBO,20260837,3,9,93.742,23.4355,0.0,0,0,92.5,1.82,0.505,0.2367,0.2464
Complete Adaptive TLBO,20260837,3,10,93.742,23.4355,0.0,0,0,92.5,1.8,0.5,0.227,0.2711
Complete Adaptive TLBO,20260837,3,11,93.8092,23.4439,0.0,0,0,92.5,1.78,0.495,0.2175,0.2638
Complete Adaptive TLBO,20260837,3,12,93.862,23.4589,0.0,0,0,92.5,1.76,0.49,0.2083,0.2971
Complete Adaptive TLBO,20260837,3,13,93.862,34.9544,0.0,0,0,92.5,1.74,0.485,0.1993,0.2536
Complete Adaptive TLBO,20260837,3,14,93.862,23.4655,0.0,0,0,92.5,1.72,0.48,0.1905,0.242
Complete Adaptive TLBO,20260837,3,15,93.862,23.4655,0.0,0,0,92.5,1.7,0.475,0.182,0.2552
Complete Adaptive TLBO,20260837,3,16,93.862,23.4655,0.0,0,0,92.5,1.68,0.47,0.1737,0.2431
Complete Adaptive TLBO,20260837,3,17,93.862,23.4655,0.0,0,0,92.5,1.66,0.465,0.1657,0.2462
Complete Adaptive TLBO,20260837,3,18,93.862,23.4655,0.0,0,0,92.5,1.64,0.46,0.1579,0.2503
Complete Adaptive TLBO,20260837,3,19,93.862,35.1217,0.0,0,0,92.5,1.62,0.455,0.1503,0.2504
Complete Adaptive TLBO,20260837,3,20,93.862,23.4655,0.0,0,0,92.5,1.6,0.45,0.143,0.2572
Complete Adaptive TLBO,20260837,3,21,93.862,23.4655,0.0,0,0,92.5,1.58,0.445,0.1359,0.2496
Complete Adaptive TLBO,20260837,3,22,93.862,23.4655,0.0,0,0,92.5,1.56,0.44,0.1291,0.2534
Complete Adaptive TLBO,20260837,3,23,93.878,23.4675,0.0,0,0,92.5,1.54,0.435,0.1225,0.2733
Complete Adaptive TLBO,20260837,3,24,93.878,23.4695,0.0,0,0,92.5,1.52,0.43,0.1161,0.2746
Complete Adaptive TLBO,20260837,3,25,93.878,23.4695,0.0,0,0,92.5,1.5,0.425,0.11,0.247
Complete Adaptive TLBO,20260837,3,26,93.878,23.4695,0.0,0,0,92.5,1.48,0.42,0.1041,0.2433
Complete Adaptive TLBO,20260837,3,27,93.878,35.1065,0.0,0,0,92.5,1.46,0.415,0.0985,0.2458
Complete Adaptive TLBO,20260837,3,28,93.878,35.1563,0.0,0,0,92.5,1.44,0.41,0.0931,0.2248
Complete Adaptive TLBO,20260837,3,29,93.878,23.4695,0.0,0,0,92.5,1.42,0.405,0.0879,0.245
Complete Adaptive TLBO,20260837,3,30,93.878,23.4695,0.0,0,0,92.5,1.4,0.4,0.083,0.2606
Complete Adaptive TLBO,20260837,3,31,93.878,23.4695,0.0,0,0,92.5,1.38,0.395,0.0783,0.2534
Complete Adaptive TLBO,20260837,3,32,93.878,23.4695,0.0,0,0,92.5,1.36,0.39,0.0739,0.2393
Complete Adaptive TLBO,20260837,3,33,93.878,23.4695,0.0,0,0,92.5,1.34,0.385,0.0697,0.2518
Complete Adaptive TLBO,20260837,3,34,93.878,23.4695,0.0,0,0,92.5,1.32,0.38,0.0657,0.2589
Complete Adaptive TLBO,20260837,3,35,93.878,23.4695,0.0,0,0,92.5,1.3,0.375,0.062,0.2213
Complete Adaptive TLBO,20260837,3,36,93.878,35.2043,0.0,0,0,92.5,1.28,0.37,0.0585,0.225
Complete Adaptive TLBO,20260837,3,37,93.878,70.2147,0.0,0,0,92.5,1.26,0.365,0.0553,0.1947
Complete Adaptive TLBO,20260837,3,38,93.878,93.7737,93.4888,0,0,92.5,1.24,0.36,0.0523,0.1623
Complete Adaptive TLBO,20260837,3,39,93.878,93.8224,93.5828,0,0,92.5,1.22,0.355,0.0495,0.1691
Complete Adaptive TLBO,20260837,3,40,93.878,93.8593,93.728,0,0,92.5,1.2,0.35,0.047,0.1333
Complete Adaptive TLBO,20260837,3,41,93.878,93.878,93.878,0,0,92.5,1.18,0.345,0.0447,0.0999
Complete Adaptive TLBO,20260837,3,42,93.878,93.878,93.878,0,0,92.5,1.16,0.34,0.0427,0.0986
Complete Adaptive TLBO,20260837,3,43,93.878,93.878,93.878,0,0,92.5,1.14,0.335,0.0409,0.118
Complete Adaptive TLBO,20260837,3,44,93.878,93.878,93.878,0,0,92.5,1.12,0.33,0.0393,0.0904
Complete Adaptive TLBO,20260837,3,45,93.878,93.878,93.878,0,0,92.5,1.1,0.325,0.038,0.1246
Complete Adaptive TLBO,20260837,3,46,93.878,93.878,93.878,0,0,92.5,1.08,0.32,0.0369,0.0905
Complete Adaptive TLBO,20260837,3,47,93.878,93.878,93.878,0,0,92.5,1.06,0.315,0.0361,0.1088
Complete Adaptive TLBO,20260837,3,48,93.878,93.878,93.878,0,0,92.5,1.04,0.31,0.0355,0.0904
Complete Adaptive TLBO,20260837,3,49,93.878,93.878,93.878,0,0,92.5,1.02,0.305,0.0351,0.1075
Complete Adaptive TLBO,20260837,3,50,93.878,93.878,93.878,0,0,92.5,1.0,0.3,0.035,0.1159
Complete Adaptive TLBO,20260838,4,1,93.36,34.8948,0.0,0,0,92.5,1.98,0.545,0.3231,0.2962
Complete Adaptive TLBO,20260838,4,2,93.36,46.5648,0.0,0,0,92.5,1.96,0.54,0.3115,0.2559
Complete Adaptive TLBO,20260838,4,3,93.516,23.373,0.0,0,0,92.5,1.94,0.535,0.3001,0.3319
Complete Adaptive TLBO,20260838,4,4,93.6512,23.3959,0.0,0,0,92.5,1.92,0.53,0.2889,0.2963
Complete Adaptive TLBO,20260838,4,5,93.7376,34.9365,0.0,0,0,92.5,1.9,0.525,0.278,0.3188
Complete Adaptive TLBO,20260838,4,6,93.7376,34.9446,0.0,0,0,92.5,1.88,0.52,0.2673,0.2658
Complete Adaptive TLBO,20260838,4,7,93.7376,35.1516,0.0,0,0,92.5,1.86,0.515,0.2569,0.26
Complete Adaptive TLBO,20260838,4,8,93.7376,23.4344,0.0,0,0,92.5,1.84,0.51,0.2467,0.2405
Complete Adaptive TLBO,20260838,4,9,93.83,46.8454,0.0,0,0,92.5,1.82,0.505,0.2367,0.2804
Complete Adaptive TLBO,20260838,4,10,93.83,35.1747,0.0,0,0,92.5,1.8,0.5,0.227,0.2419
Complete Adaptive TLBO,20260838,4,11,93.83,35.1747,0.0,0,0,92.5,1.78,0.495,0.2175,0.261
Complete Adaptive TLBO,20260838,4,12,93.83,23.4575,0.0,0,0,92.5,1.76,0.49,0.2083,0.2479
Complete Adaptive TLBO,20260838,4,13,93.83,23.4575,0.0,0,0,92.5,1.74,0.485,0.1993,0.2624
Complete Adaptive TLBO,20260838,4,14,93.83,23.4575,0.0,0,0,92.5,1.72,0.48,0.1905,0.2591
Complete Adaptive TLBO,20260838,4,15,93.8792,23.4637,0.0,0,0,92.5,1.7,0.475,0.182,0.2938
Complete Adaptive TLBO,20260838,4,16,93.8792,23.4698,0.0,0,0,92.5,1.68,0.47,0.1737,0.272
Complete Adaptive TLBO,20260838,4,17,93.8792,23.4698,0.0,0,0,92.5,1.66,0.465,0.1657,0.2698
Complete Adaptive TLBO,20260838,4,18,93.8792,23.4698,0.0,0,0,92.5,1.64,0.46,0.1579,0.2522
Complete Adaptive TLBO,20260838,4,19,93.8792,35.068,0.0,0,0,92.5,1.62,0.455,0.1503,0.2693
Complete Adaptive TLBO,20260838,4,20,93.8792,23.4698,0.0,0,0,92.5,1.6,0.45,0.143,0.2372
Complete Adaptive TLBO,20260838,4,21,93.8792,23.4698,0.0,0,0,92.5,1.58,0.445,0.1359,0.2505
Complete Adaptive TLBO,20260838,4,22,93.8792,23.4698,0.0,0,0,92.5,1.56,0.44,0.1291,0.2485
Complete Adaptive TLBO,20260838,4,23,93.8792,23.4698,0.0,0,0,92.5,1.54,0.435,0.1225,0.2723
Complete Adaptive TLBO,20260838,4,24,93.8792,35.0075,0.0,0,0,92.5,1.52,0.43,0.1161,0.2639
Complete Adaptive TLBO,20260838,4,25,93.8792,35.0346,0.0,0,0,92.5,1.5,0.425,0.11,0.2563
Complete Adaptive TLBO,20260838,4,26,93.8792,23.4698,0.0,0,0,92.5,1.48,0.42,0.1041,0.2737
Complete Adaptive TLBO,20260838,4,27,93.8832,23.4703,0.0,0,0,92.5,1.46,0.415,0.0985,0.288
Complete Adaptive TLBO,20260838,4,28,93.8832,23.4708,0.0,0,0,92.5,1.44,0.41,0.0931,0.262
Complete Adaptive TLBO,20260838,4,29,93.8832,23.4708,0.0,0,0,92.5,1.42,0.405,0.0879,0.2484
Complete Adaptive TLBO,20260838,4,30,93.8832,23.4708,0.0,0,0,92.5,1.4,0.4,0.083,0.2522
Complete Adaptive TLBO,20260838,4,31,93.8832,35.2062,0.0,0,0,92.5,1.38,0.395,0.0783,0.2432
Complete Adaptive TLBO,20260838,4,32,93.8832,35.0905,0.0,0,0,92.5,1.36,0.39,0.0739,0.2288
Complete Adaptive TLBO,20260838,4,33,93.8832,23.4708,0.0,0,0,92.5,1.34,0.385,0.0697,0.2608
Complete Adaptive TLBO,20260838,4,34,93.8832,23.4708,0.0,0,0,92.5,1.32,0.38,0.0657,0.2384
Complete Adaptive TLBO,20260838,4,35,93.8832,46.7094,0.0,0,0,92.5,1.3,0.375,0.062,0.2124
Complete Adaptive TLBO,20260838,4,36,93.8832,58.4448,0.0,0,0,92.5,1.28,0.37,0.0585,0.2072
Complete Adaptive TLBO,20260838,4,37,93.8832,70.1802,0.0,0,0,92.5,1.26,0.365,0.0553,0.178
Complete Adaptive TLBO,20260838,4,38,93.8832,81.9951,0.0,0,0,92.5,1.24,0.36,0.0523,0.1644
Complete Adaptive TLBO,20260838,4,39,93.8832,93.7468,92.99,0,0,92.5,1.22,0.355,0.0495,0.1332
Complete Adaptive TLBO,20260838,4,40,93.8832,93.8585,93.6852,0,0,92.5,1.2,0.35,0.047,0.1395
Complete Adaptive TLBO,20260838,4,41,93.936,93.8898,93.8832,0,0,92.5,1.18,0.345,0.0447,0.1184
Complete Adaptive TLBO,20260838,4,42,93.936,93.8964,93.8832,0,0,92.5,1.16,0.34,0.0427,0.149
Complete Adaptive TLBO,20260838,4,43,93.936,93.903,93.8832,0,0,92.5,1.14,0.335,0.0409,0.1451
Complete Adaptive TLBO,20260838,4,44,93.936,93.9162,93.8832,0,0,92.5,1.12,0.33,0.0393,0.1444
Complete Adaptive TLBO,20260838,4,45,93.936,93.936,93.936,0,0,92.5,1.1,0.325,0.038,0.1097
Complete Adaptive TLBO,20260838,4,46,93.936,93.936,93.936,0,0,92.5,1.08,0.32,0.0369,0.1168
Complete Adaptive TLBO,20260838,4,47,93.936,93.936,93.936,0,0,92.5,1.06,0.315,0.0361,0.1025
Complete Adaptive TLBO,20260838,4,48,93.936,93.936,93.936,0,0,92.5,1.04,0.31,0.0355,0.0884
Complete Adaptive TLBO,20260838,4,49,93.936,93.936,93.936,0,0,92.5,1.02,0.305,0.0351,0.104
Complete Adaptive TLBO,20260838,4,50,93.936,93.936,93.936,0,0,92.5,1.0,0.3,0.035,0.1033
Complete Adaptive TLBO,20260839,5,1,93.1072,11.6384,0.0,0,0,92.5,1.98,0.545,0.3231,0.3342
Complete Adaptive TLBO,20260839,5,2,93.1072,23.2768,0.0,0,0,92.5,1.96,0.54,0.3115,0.2796
Complete Adaptive TLBO,20260839,5,3,93.1072,23.2768,0.0,0,0,92.5,1.94,0.535,0.3001,0.2783
Complete Adaptive TLBO,20260839,5,4,93.1072,23.2768,0.0,0,0,92.5,1.92,0.53,0.2889,0.2552
Complete Adaptive TLBO,20260839,5,5,93.2092,34.928,0.0,0,0,92.5,1.9,0.525,0.278,0.2733
Complete Adaptive TLBO,20260839,5,6,93.3076,23.319,0.0,0,0,92.5,1.88,0.52,0.2673,0.3024
Complete Adaptive TLBO,20260839,5,7,93.3076,23.3269,0.0,0,0,92.5,1.86,0.515,0.2569,0.2835
Complete Adaptive TLBO,20260839,5,8,93.38,34.9994,0.0,0,0,92.5,1.84,0.51,0.2467,0.2754
Complete Adaptive TLBO,20260839,5,9,93.5724,35.0476,0.0,0,0,92.5,1.82,0.505,0.2367,0.2852
Complete Adaptive TLBO,20260839,5,10,93.6552,23.4138,0.0,0,0,92.5,1.8,0.5,0.227,0.3222
Complete Adaptive TLBO,20260839,5,11,93.6552,23.4138,0.0,0,0,92.5,1.78,0.495,0.2175,0.2701
Complete Adaptive TLBO,20260839,5,12,93.6552,23.4138,0.0,0,0,92.5,1.76,0.49,0.2083,0.2654
Complete Adaptive TLBO,20260839,5,13,93.6552,23.4138,0.0,0,0,92.5,1.74,0.485,0.1993,0.2605
Complete Adaptive TLBO,20260839,5,14,93.6996,23.4194,0.0,0,0,92.5,1.72,0.48,0.1905,0.284
Complete Adaptive TLBO,20260839,5,15,93.6996,23.4249,0.0,0,0,92.5,1.7,0.475,0.182,0.2454
Complete Adaptive TLBO,20260839,5,16,93.8192,23.4398,0.0,0,0,92.5,1.68,0.47,0.1737,0.2598
Complete Adaptive TLBO,20260839,5,17,93.8192,23.4548,0.0,0,0,92.5,1.66,0.465,0.1657,0.2804
Complete Adaptive TLBO,20260839,5,18,93.8192,23.4548,0.0,0,0,92.5,1.64,0.46,0.1579,0.2504
Complete Adaptive TLBO,20260839,5,19,93.8192,35.1822,0.0,0,0,92.5,1.62,0.455,0.1503,0.2318
Complete Adaptive TLBO,20260839,5,20,93.906,35.193,0.0,0,0,92.5,1.6,0.45,0.143,0.2739
Complete Adaptive TLBO,20260839,5,21,93.906,46.875,0.0,0,0,92.5,1.58,0.445,0.1359,0.2362
Complete Adaptive TLBO,20260839,5,22,93.906,23.4765,0.0,0,0,92.5,1.56,0.44,0.1291,0.2375
Complete Adaptive TLBO,20260839,5,23,93.906,23.4765,0.0,0,0,92.5,1.54,0.435,0.1225,0.2386
Complete Adaptive TLBO,20260839,5,24,93.906,23.4765,0.0,0,0,92.5,1.52,0.43,0.1161,0.2701
Complete Adaptive TLBO,20260839,5,25,93.906,34.9935,0.0,0,0,92.5,1.5,0.425,0.11,0.2471
Complete Adaptive TLBO,20260839,5,26,93.906,23.4765,0.0,0,0,92.5,1.48,0.42,0.1041,0.27
Complete Adaptive TLBO,20260839,5,27,93.906,23.4765,0.0,0,0,92.5,1.46,0.415,0.0985,0.2651
Complete Adaptive TLBO,20260839,5,28,93.906,23.4765,0.0,0,0,92.5,1.44,0.41,0.0931,0.2726
Complete Adaptive TLBO,20260839,5,29,93.906,23.4765,0.0,0,0,92.5,1.42,0.405,0.0879,0.2863
Complete Adaptive TLBO,20260839,5,30,93.906,23.4765,0.0,0,0,92.5,1.4,0.4,0.083,0.3009
Complete Adaptive TLBO,20260839,5,31,93.906,23.4765,0.0,0,0,92.5,1.38,0.395,0.0783,0.2786
Complete Adaptive TLBO,20260839,5,32,93.906,35.0963,0.0,0,0,92.5,1.36,0.39,0.0739,0.2671
Complete Adaptive TLBO,20260839,5,33,93.906,46.6708,0.0,0,0,92.5,1.34,0.385,0.0697,0.3013
Complete Adaptive TLBO,20260839,5,34,93.906,35.0939,0.0,0,0,92.5,1.32,0.38,0.0657,0.2709
Complete Adaptive TLBO,20260839,5,35,93.906,46.7253,0.0,0,0,92.5,1.3,0.375,0.062,0.2539
Complete Adaptive TLBO,20260839,5,36,93.906,70.126,0.0,0,0,92.5,1.28,0.37,0.0585,0.2063
Complete Adaptive TLBO,20260839,5,37,93.906,81.9317,0.0,0,0,92.5,1.26,0.365,0.0553,0.2072
Complete Adaptive TLBO,20260839,5,38,93.906,93.7013,93.0512,0,0,92.5,1.24,0.36,0.0523,0.1766
Complete Adaptive TLBO,20260839,5,39,93.906,93.8082,93.4788,0,0,92.5,1.22,0.355,0.0495,0.1736
Complete Adaptive TLBO,20260839,5,40,93.906,93.8616,93.5504,0,0,92.5,1.2,0.35,0.047,0.1583
Complete Adaptive TLBO,20260839,5,41,93.906,93.906,93.906,0,0,92.5,1.18,0.345,0.0447,0.1271
Complete Adaptive TLBO,20260839,5,42,93.906,93.906,93.906,0,0,92.5,1.16,0.34,0.0427,0.1395
Complete Adaptive TLBO,20260839,5,43,93.906,93.906,93.906,0,0,92.5,1.14,0.335,0.0409,0.1281
Complete Adaptive TLBO,20260839,5,44,93.906,93.906,93.906,0,0,92.5,1.12,0.33,0.0393,0.1321
Complete Adaptive TLBO,20260839,5,45,93.906,93.906,93.906,0,0,92.5,1.1,0.325,0.038,0.1521
Complete Adaptive TLBO,20260839,5,46,93.906,93.906,93.906,0,0,92.5,1.08,0.32,0.0369,0.1279
Complete Adaptive TLBO,20260839,5,47,93.906,93.906,93.906,0,0,92.5,1.06,0.315,0.0361,0.1487
Complete Adaptive TLBO,20260839,5,48,93.906,93.906,93.906,0,0,92.5,1.04,0.31,0.0355,0.146
Complete Adaptive TLBO,20260839,5,49,93.906,93.906,93.906,0,0,92.5,1.02,0.305,0.0351,0.143
Complete Adaptive TLBO,20260839,5,50,93.906,93.906,93.906,0,0,92.5,1.0,0.3,0.035,0.1552
Complete Adaptive TLBO,20260840,6,1,92.6772,34.6755,0.0,0,0,92.5,1.98,0.545,0.3231,0.3656
Complete Adaptive TLBO,20260840,6,2,93.0644,23.2177,0.0,0,0,92.5,1.96,0.54,0.3115,0.3556
Complete Adaptive TLBO,20260840,6,3,93.0644,23.2661,0.0,0,0,92.5,1.94,0.535,0.3001,0.3309
Complete Adaptive TLBO,20260840,6,4,93.3204,23.3275,0.0,0,0,92.5,1.92,0.53,0.2889,0.3385
Complete Adaptive TLBO,20260840,6,5,93.47,35.0113,0.0,0,0,92.5,1.9,0.525,0.278,0.2515
Complete Adaptive TLBO,20260840,6,6,93.5564,46.7073,0.0,0,0,92.5,1.88,0.52,0.2673,0.2944
Complete Adaptive TLBO,20260840,6,7,93.6932,58.4017,0.0,0,0,92.5,1.86,0.515,0.2569,0.2875
Complete Adaptive TLBO,20260840,6,8,93.7172,35.138,0.0,0,0,92.5,1.84,0.51,0.2467,0.2519
Complete Adaptive TLBO,20260840,6,9,93.7172,23.4293,0.0,0,0,92.5,1.82,0.505,0.2367,0.255
Complete Adaptive TLBO,20260840,6,10,93.7172,23.4293,0.0,0,0,92.5,1.8,0.5,0.227,0.2376
Complete Adaptive TLBO,20260840,6,11,93.7172,35.144,0.0,0,0,92.5,1.78,0.495,0.2175,0.2667
Complete Adaptive TLBO,20260840,6,12,93.9032,23.4526,0.0,0,0,92.5,1.76,0.49,0.2083,0.2583
Complete Adaptive TLBO,20260840,6,13,93.9032,23.4758,0.0,0,0,92.5,1.74,0.485,0.1993,0.2816
Complete Adaptive TLBO,20260840,6,14,93.9032,23.4758,0.0,0,0,92.5,1.72,0.48,0.1905,0.2616
Complete Adaptive TLBO,20260840,6,15,93.9032,23.4758,0.0,0,0,92.5,1.7,0.475,0.182,0.2687
Complete Adaptive TLBO,20260840,6,16,93.9032,35.2137,0.0,0,0,92.5,1.68,0.47,0.1737,0.2369
Complete Adaptive TLBO,20260840,6,17,93.9032,23.4758,0.0,0,0,92.5,1.66,0.465,0.1657,0.2742
Complete Adaptive TLBO,20260840,6,18,93.9032,23.4758,0.0,0,0,92.5,1.64,0.46,0.1579,0.2781
Complete Adaptive TLBO,20260840,6,19,93.9032,23.4758,0.0,0,0,92.5,1.62,0.455,0.1503,0.247
Complete Adaptive TLBO,20260840,6,20,93.9032,23.4758,0.0,0,0,92.5,1.6,0.45,0.143,0.2629
Complete Adaptive TLBO,20260840,6,21,93.9032,23.4758,0.0,0,0,92.5,1.58,0.445,0.1359,0.2505
Complete Adaptive TLBO,20260840,6,22,93.9032,23.4758,0.0,0,0,92.5,1.56,0.44,0.1291,0.2686
Complete Adaptive TLBO,20260840,6,23,93.9032,23.4758,0.0,0,0,92.5,1.54,0.435,0.1225,0.2904
Complete Adaptive TLBO,20260840,6,24,93.9032,35.1378,0.0,0,0,92.5,1.52,0.43,0.1161,0.2484
Complete Adaptive TLBO,20260840,6,25,93.9032,23.4758,0.0,0,0,92.5,1.5,0.425,0.11,0.289
Complete Adaptive TLBO,20260840,6,26,93.9032,23.4758,0.0,0,0,92.5,1.48,0.42,0.1041,0.2723
Complete Adaptive TLBO,20260840,6,27,93.9032,23.4758,0.0,0,0,92.5,1.46,0.415,0.0985,0.235
Complete Adaptive TLBO,20260840,6,28,93.9032,23.4758,0.0,0,0,92.5,1.44,0.41,0.0931,0.2432
Complete Adaptive TLBO,20260840,6,29,93.9032,23.4758,0.0,0,0,92.5,1.42,0.405,0.0879,0.2507
Complete Adaptive TLBO,20260840,6,30,93.9032,23.4758,0.0,0,0,92.5,1.4,0.4,0.083,0.2526
Complete Adaptive TLBO,20260840,6,31,93.9032,23.4758,0.0,0,0,92.5,1.38,0.395,0.0783,0.2749
Complete Adaptive TLBO,20260840,6,32,93.9032,23.4758,0.0,0,0,92.5,1.36,0.39,0.0739,0.2394
Complete Adaptive TLBO,20260840,6,33,93.9032,23.4758,0.0,0,0,92.5,1.34,0.385,0.0697,0.263
Complete Adaptive TLBO,20260840,6,34,93.9032,23.4758,0.0,0,0,92.5,1.32,0.38,0.0657,0.245
Complete Adaptive TLBO,20260840,6,35,93.9032,23.4758,0.0,0,0,92.5,1.3,0.375,0.062,0.2097
Complete Adaptive TLBO,20260840,6,36,93.9032,46.814,0.0,0,0,92.5,1.28,0.37,0.0585,0.1944
Complete Adaptive TLBO,20260840,6,37,93.9032,81.8879,0.0,0,0,92.5,1.26,0.365,0.0553,0.1829
Complete Adaptive TLBO,20260840,6,38,93.9032,93.7179,93.185,0,0,92.5,1.24,0.36,0.0523,0.1636
Complete Adaptive TLBO,20260840,6,39,93.9032,93.8077,93.5064,0,0,92.5,1.22,0.355,0.0495,0.1366
Complete Adaptive TLBO,20260840,6,40,93.9032,93.891,93.806,0,0,92.5,1.2,0.35,0.047,0.1215
Complete Adaptive TLBO,20260840,6,41,93.9032,93.9032,93.9032,0,0,92.5,1.18,0.345,0.0447,0.1271
Complete Adaptive TLBO,20260840,6,42,93.9032,93.9032,93.9032,0,0,92.5,1.16,0.34,0.0427,0.1263
Complete Adaptive TLBO,20260840,6,43,93.9332,93.9069,93.9032,0,0,92.5,1.14,0.335,0.0409,0.1255
Complete Adaptive TLBO,20260840,6,44,93.9332,93.9145,93.9032,0,0,92.5,1.12,0.33,0.0393,0.1691
Complete Adaptive TLBO,20260840,6,45,93.9332,93.9182,93.9032,0,0,92.5,1.1,0.325,0.038,0.1663
Complete Adaptive TLBO,20260840,6,46,93.9332,93.9219,93.9032,0,0,92.5,1.08,0.32,0.0369,0.1806
Complete Adaptive TLBO,20260840,6,47,93.936,93.9261,93.9032,0,0,92.5,1.06,0.315,0.0361,0.1483
Complete Adaptive TLBO,20260840,6,48,94.016,93.9467,93.9032,0,0,92.5,1.04,0.31,0.0355,0.1964
Complete Adaptive TLBO,20260840,6,49,94.016,93.9608,93.9332,0,0,92.5,1.02,0.305,0.0351,0.1659
Complete Adaptive TLBO,20260840,6,50,94.016,93.9711,93.9332,0,0,92.5,1.0,0.3,0.035,0.1831
Complete Adaptive TLBO,20260841,7,1,93.24,23.2687,0.0,0,0,92.5,1.98,0.545,0.3231,0.3377
Complete Adaptive TLBO,20260841,7,2,93.4036,23.3304,0.0,0,0,92.5,1.96,0.54,0.3115,0.3201
Complete Adaptive TLBO,20260841,7,3,93.544,23.3684,0.0,0,0,92.5,1.94,0.535,0.3001,0.3422
Complete Adaptive TLBO,20260841,7,4,93.7616,23.4132,0.0,0,0,92.5,1.92,0.53,0.2889,0.3195
Complete Adaptive TLBO,20260841,7,5,93.82,34.9747,0.0,0,0,92.5,1.9,0.525,0.278,0.3002
Complete Adaptive TLBO,20260841,7,6,93.82,23.455,0.0,0,0,92.5,1.88,0.52,0.2673,0.2879
Complete Adaptive TLBO,20260841,7,7,93.82,35.1825,0.0,0,0,92.5,1.86,0.515,0.2569,0.2328
Complete Adaptive TLBO,20260841,7,8,93.82,46.91,0.0,0,0,92.5,1.84,0.51,0.2467,0.2471
Complete Adaptive TLBO,20260841,7,9,93.82,35.1825,0.0,0,0,92.5,1.82,0.505,0.2367,0.1926
Complete Adaptive TLBO,20260841,7,10,93.82,23.455,0.0,0,0,92.5,1.8,0.5,0.227,0.2545
Complete Adaptive TLBO,20260841,7,11,93.82,23.455,0.0,0,0,92.5,1.78,0.495,0.2175,0.282
Complete Adaptive TLBO,20260841,7,12,93.82,23.455,0.0,0,0,92.5,1.76,0.49,0.2083,0.3061
Complete Adaptive TLBO,20260841,7,13,93.82,23.455,0.0,0,0,92.5,1.74,0.485,0.1993,0.2811
Complete Adaptive TLBO,20260841,7,14,93.82,23.455,0.0,0,0,92.5,1.72,0.48,0.1905,0.2755
Complete Adaptive TLBO,20260841,7,15,93.82,23.455,0.0,0,0,92.5,1.7,0.475,0.182,0.2599
Complete Adaptive TLBO,20260841,7,16,93.82,23.455,0.0,0,0,92.5,1.68,0.47,0.1737,0.2669
Complete Adaptive TLBO,20260841,7,17,93.82,23.455,0.0,0,0,92.5,1.66,0.465,0.1657,0.2366
Complete Adaptive TLBO,20260841,7,18,93.868,23.461,0.0,0,0,92.5,1.64,0.46,0.1579,0.2797
Complete Adaptive TLBO,20260841,7,19,93.868,23.467,0.0,0,0,92.5,1.62,0.455,0.1503,0.2519
Complete Adaptive TLBO,20260841,7,20,93.868,35.2005,0.0,0,0,92.5,1.6,0.45,0.143,0.2127
Complete Adaptive TLBO,20260841,7,21,93.868,35.2005,0.0,0,0,92.5,1.58,0.445,0.1359,0.22
Complete Adaptive TLBO,20260841,7,22,93.9172,23.4731,0.0,0,0,92.5,1.56,0.44,0.1291,0.2441
Complete Adaptive TLBO,20260841,7,23,93.9172,35.2189,0.0,0,0,92.5,1.54,0.435,0.1225,0.2376
Complete Adaptive TLBO,20260841,7,24,93.9172,35.1351,0.0,0,0,92.5,1.52,0.43,0.1161,0.2264
Complete Adaptive TLBO,20260841,7,25,93.97,46.8474,0.0,0,0,92.5,1.5,0.425,0.11,0.2668
Complete Adaptive TLBO,20260841,7,26,93.97,35.0222,0.0,0,0,92.5,1.48,0.42,0.1041,0.2522
Complete Adaptive TLBO,20260841,7,27,93.97,23.4925,0.0,0,0,92.5,1.46,0.415,0.0985,0.3924
Complete Adaptive TLBO,20260841,7,28,93.97,23.4925,0.0,0,0,92.5,1.44,0.41,0.0931,0.6144
Complete Adaptive TLBO,20260841,7,29,93.97,35.2387,0.0,0,0,92.5,1.42,0.405,0.0879,0.2807
Complete Adaptive TLBO,20260841,7,30,93.97,23.4925,0.0,0,0,92.5,1.4,0.4,0.083,0.2908
Complete Adaptive TLBO,20260841,7,31,93.97,23.4925,0.0,0,0,92.5,1.38,0.395,0.0783,0.2654
Complete Adaptive TLBO,20260841,7,32,93.97,23.4925,0.0,0,0,92.5,1.36,0.39,0.0739,0.3562
Complete Adaptive TLBO,20260841,7,33,93.97,23.4925,0.0,0,0,92.5,1.34,0.385,0.0697,0.2751
Complete Adaptive TLBO,20260841,7,34,93.97,23.4925,0.0,0,0,92.5,1.32,0.38,0.0657,0.2949
Complete Adaptive TLBO,20260841,7,35,93.984,23.4943,0.0,0,0,92.5,1.3,0.375,0.062,0.2853
Complete Adaptive TLBO,20260841,7,36,93.984,46.8169,0.0,0,0,92.5,1.28,0.37,0.0585,0.2084
Complete Adaptive TLBO,20260841,7,37,93.984,58.6401,0.0,0,0,92.5,1.26,0.365,0.0553,0.1954
Complete Adaptive TLBO,20260841,7,38,93.984,70.4034,0.0,0,0,92.5,1.24,0.36,0.0523,0.1533
Complete Adaptive TLBO,20260841,7,39,93.984,93.8465,93.354,0,0,92.5,1.22,0.355,0.0495,0.1753
Complete Adaptive TLBO,20260841,7,40,93.984,93.9275,93.546,0,0,92.5,1.2,0.35,0.047,0.1386
Complete Adaptive TLBO,20260841,7,41,93.984,93.9822,93.97,0,0,92.5,1.18,0.345,0.0447,0.1182
Complete Adaptive TLBO,20260841,7,42,93.984,93.984,93.984,0,0,92.5,1.16,0.34,0.0427,0.0938
Complete Adaptive TLBO,20260841,7,43,93.984,93.984,93.984,0,0,92.5,1.14,0.335,0.0409,0.0972
Complete Adaptive TLBO,20260841,7,44,93.984,93.984,93.984,0,0,92.5,1.12,0.33,0.0393,0.1133
Complete Adaptive TLBO,20260841,7,45,93.984,93.984,93.984,0,0,92.5,1.1,0.325,0.038,0.099
Complete Adaptive TLBO,20260841,7,46,93.988,93.985,93.984,0,0,92.5,1.08,0.32,0.0369,0.148
Complete Adaptive TLBO,20260841,7,47,93.988,93.986,93.984,0,0,92.5,1.06,0.315,0.0361,0.1394
Complete Adaptive TLBO,20260841,7,48,93.988,93.9865,93.984,0,0,92.5,1.04,0.31,0.0355,0.1743
Complete Adaptive TLBO,20260841,7,49,93.988,93.987,93.984,0,0,92.5,1.02,0.305,0.0351,0.1559
Complete Adaptive TLBO,20260841,7,50,94.01,93.9903,93.984,0,0,92.5,1.0,0.3,0.035,0.1748
Complete Adaptive TLBO,20260842,8,1,93.7072,23.4215,0.0,0,0,92.5,1.98,0.545,0.3231,0.3405
Complete Adaptive TLBO,20260842,8,2,93.844,23.4444,0.0,0,0,92.5,1.96,0.54,0.3115,0.3408
Complete Adaptive TLBO,20260842,8,3,93.844,23.461,0.0,0,0,92.5,1.94,0.535,0.3001,0.2739
Complete Adaptive TLBO,20260842,8,4,93.844,23.461,0.0,0,0,92.5,1.92,0.53,0.2889,0.237
Complete Adaptive TLBO,20260842,8,5,93.844,23.461,0.0,0,0,92.5,1.9,0.525,0.278,0.2404
Complete Adaptive TLBO,20260842,8,6,93.844,23.461,0.0,0,0,92.5,1.88,0.52,0.2673,0.2577
Complete Adaptive TLBO,20260842,8,7,93.8932,46.7328,0.0,0,0,92.5,1.86,0.515,0.2569,0.272
Complete Adaptive TLBO,20260842,8,8,93.8932,23.4733,0.0,0,0,92.5,1.84,0.51,0.2467,0.2496
Complete Adaptive TLBO,20260842,8,9,93.8932,23.4733,0.0,0,0,92.5,1.82,0.505,0.2367,0.2547
Complete Adaptive TLBO,20260842,8,10,93.9232,46.9072,0.0,0,0,92.5,1.8,0.5,0.227,0.2721
Complete Adaptive TLBO,20260842,8,11,93.9232,58.6476,0.0,0,0,92.5,1.78,0.495,0.2175,0.2497
Complete Adaptive TLBO,20260842,8,12,93.9232,35.2212,0.0,0,0,92.5,1.76,0.49,0.2083,0.2431
Complete Adaptive TLBO,20260842,8,13,93.9532,35.2249,0.0,0,0,92.5,1.74,0.485,0.1993,0.2478
Complete Adaptive TLBO,20260842,8,14,93.9532,23.4883,0.0,0,0,92.5,1.72,0.48,0.1905,0.233
Complete Adaptive TLBO,20260842,8,15,93.9532,23.4883,0.0,0,0,92.5,1.7,0.475,0.182,0.2475
Complete Adaptive TLBO,20260842,8,16,93.9532,23.4883,0.0,0,0,92.5,1.68,0.47,0.1737,0.2519
Complete Adaptive TLBO,20260842,8,17,93.9532,35.2325,0.0,0,0,92.5,1.66,0.465,0.1657,0.2177
Complete Adaptive TLBO,20260842,8,18,94.006,35.127,0.0,0,0,92.5,1.64,0.46,0.1579,0.2477
Complete Adaptive TLBO,20260842,8,19,94.006,23.5015,0.0,0,0,92.5,1.62,0.455,0.1503,0.2594
Complete Adaptive TLBO,20260842,8,20,94.006,23.5015,0.0,0,0,92.5,1.6,0.45,0.143,0.2463
Complete Adaptive TLBO,20260842,8,21,94.006,23.5015,0.0,0,0,92.5,1.58,0.445,0.1359,0.2281
Complete Adaptive TLBO,20260842,8,22,94.006,23.5015,0.0,0,0,92.5,1.56,0.44,0.1291,0.2569
Complete Adaptive TLBO,20260842,8,23,94.006,23.5015,0.0,0,0,92.5,1.54,0.435,0.1225,0.2733
Complete Adaptive TLBO,20260842,8,24,94.006,23.5015,0.0,0,0,92.5,1.52,0.43,0.1161,0.2482
Complete Adaptive TLBO,20260842,8,25,94.006,23.5015,0.0,0,0,92.5,1.5,0.425,0.11,0.2568
Complete Adaptive TLBO,20260842,8,26,94.006,46.78,0.0,0,0,92.5,1.48,0.42,0.1041,0.2472
Complete Adaptive TLBO,20260842,8,27,94.006,35.185,0.0,0,0,92.5,1.46,0.415,0.0985,0.2347
Complete Adaptive TLBO,20260842,8,28,94.006,23.5015,0.0,0,0,92.5,1.44,0.41,0.0931,0.236
Complete Adaptive TLBO,20260842,8,29,94.006,35.0938,0.0,0,0,92.5,1.42,0.405,0.0879,0.2331
Complete Adaptive TLBO,20260842,8,30,94.006,35.0063,0.0,0,0,92.5,1.4,0.4,0.083,0.247
Complete Adaptive TLBO,20260842,8,31,94.006,35.1623,0.0,0,0,92.5,1.38,0.395,0.0783,0.2351
Complete Adaptive TLBO,20260842,8,32,94.006,35.1317,0.0,0,0,92.5,1.36,0.39,0.0739,0.2514
Complete Adaptive TLBO,20260842,8,33,94.006,23.5015,0.0,0,0,92.5,1.34,0.385,0.0697,0.272
Complete Adaptive TLBO,20260842,8,34,94.006,23.5015,0.0,0,0,92.5,1.32,0.38,0.0657,0.307
Complete Adaptive TLBO,20260842,8,35,94.006,46.7313,0.0,0,0,92.5,1.3,0.375,0.062,0.2599
Complete Adaptive TLBO,20260842,8,36,94.006,70.2061,0.0,0,0,92.5,1.28,0.37,0.0585,0.1957
Complete Adaptive TLBO,20260842,8,37,94.006,82.0373,0.0,0,0,92.5,1.26,0.365,0.0553,0.1876
Complete Adaptive TLBO,20260842,8,38,94.006,93.8528,93.3858,0,0,92.5,1.24,0.36,0.0523,0.1687
Complete Adaptive TLBO,20260842,8,39,94.006,93.9303,93.6144,0,0,92.5,1.22,0.355,0.0495,0.1582
Complete Adaptive TLBO,20260842,8,40,94.006,93.9793,93.792,0,0,92.5,1.2,0.35,0.047,0.1376
Complete Adaptive TLBO,20260842,8,41,94.006,94.006,94.006,0,0,92.5,1.18,0.345,0.0447,0.0952
Complete Adaptive TLBO,20260842,8,42,94.006,94.006,94.006,0,0,92.5,1.16,0.34,0.0427,0.096
Complete Adaptive TLBO,20260842,8,43,94.006,94.006,94.006,0,0,92.5,1.14,0.335,0.0409,0.0918
Complete Adaptive TLBO,20260842,8,44,94.006,94.006,94.006,0,0,92.5,1.12,0.33,0.0393,0.102
Complete Adaptive TLBO,20260842,8,45,94.006,94.006,94.006,0,0,92.5,1.1,0.325,0.038,0.104
Complete Adaptive TLBO,20260842,8,46,94.006,94.006,94.006,0,0,92.5,1.08,0.32,0.0369,0.0961
Complete Adaptive TLBO,20260842,8,47,94.006,94.006,94.006,0,0,92.5,1.06,0.315,0.0361,0.0999
Complete Adaptive TLBO,20260842,8,48,94.006,94.006,94.006,0,0,92.5,1.04,0.31,0.0355,0.1027
Complete Adaptive TLBO,20260842,8,49,94.006,94.006,94.006,0,0,92.5,1.02,0.305,0.0351,0.0955
Complete Adaptive TLBO,20260842,8,50,94.006,94.006,94.006,0,0,92.5,1.0,0.3,0.035,0.1147
Complete Adaptive TLBO,20260843,9,1,93.3592,23.3254,0.0,0,0,92.5,1.98,0.545,0.3231,0.2883
Complete Adaptive TLBO,20260843,9,2,93.3592,23.3398,0.0,0,0,92.5,1.96,0.54,0.3115,0.2884
Complete Adaptive TLBO,20260843,9,3,93.6652,23.3894,0.0,0,0,92.5,1.94,0.535,0.3001,0.3012
Complete Adaptive TLBO,20260843,9,4,93.736,35.1064,0.0,0,0,92.5,1.92,0.53,0.2889,0.2953
Complete Adaptive TLBO,20260843,9,5,93.736,35.1422,0.0,0,0,92.5,1.9,0.525,0.278,0.2479
Complete Adaptive TLBO,20260843,9,6,93.8332,35.1543,0.0,0,0,92.5,1.88,0.52,0.2673,0.246
Complete Adaptive TLBO,20260843,9,7,93.8332,23.4583,0.0,0,0,92.5,1.86,0.515,0.2569,0.2678
Complete Adaptive TLBO,20260843,9,8,93.8332,23.4583,0.0,0,0,92.5,1.84,0.51,0.2467,0.2591
Complete Adaptive TLBO,20260843,9,9,93.8332,23.4583,0.0,0,0,92.5,1.82,0.505,0.2367,0.2367
Complete Adaptive TLBO,20260843,9,10,93.8332,23.4583,0.0,0,0,92.5,1.8,0.5,0.227,0.2495
Complete Adaptive TLBO,20260843,9,11,93.8332,23.4583,0.0,0,0,92.5,1.78,0.495,0.2175,0.2634
Complete Adaptive TLBO,20260843,9,12,93.8332,23.4583,0.0,0,0,92.5,1.76,0.49,0.2083,0.2802
Complete Adaptive TLBO,20260843,9,13,93.8332,23.4583,0.0,0,0,92.5,1.74,0.485,0.1993,0.2462
Complete Adaptive TLBO,20260843,9,14,93.8332,23.4583,0.0,0,0,92.5,1.72,0.48,0.1905,0.2455
Complete Adaptive TLBO,20260843,9,15,93.8332,23.4583,0.0,0,0,92.5,1.7,0.475,0.182,0.2445
Complete Adaptive TLBO,20260843,9,16,93.8332,23.4583,0.0,0,0,92.5,1.68,0.47,0.1737,0.2536
Complete Adaptive TLBO,20260843,9,17,93.8372,23.4588,0.0,0,0,92.5,1.66,0.465,0.1657,0.258
Complete Adaptive TLBO,20260843,9,18,93.8372,23.4593,0.0,0,0,92.5,1.64,0.46,0.1579,0.2511
Complete Adaptive TLBO,20260843,9,19,93.8372,35.0121,0.0,0,0,92.5,1.62,0.455,0.1503,0.2255
Complete Adaptive TLBO,20260843,9,20,93.8372,35.0952,0.0,0,0,92.5,1.6,0.45,0.143,0.2496
Complete Adaptive TLBO,20260843,9,21,93.8532,23.4613,0.0,0,0,92.5,1.58,0.445,0.1359,0.2803
Complete Adaptive TLBO,20260843,9,22,93.8532,35.0211,0.0,0,0,92.5,1.56,0.44,0.1291,0.2539
Complete Adaptive TLBO,20260843,9,23,93.8532,35.1949,0.0,0,0,92.5,1.54,0.435,0.1225,0.2054
Complete Adaptive TLBO,20260843,9,24,93.8532,35.1281,0.0,0,0,92.5,1.52,0.43,0.1161,0.2233
Complete Adaptive TLBO,20260843,9,25,93.8532,23.4633,0.0,0,0,92.5,1.5,0.425,0.11,0.2562
Complete Adaptive TLBO,20260843,9,26,93.8532,23.4633,0.0,0,0,92.5,1.48,0.42,0.1041,0.2288
Complete Adaptive TLBO,20260843,9,27,93.8532,23.4633,0.0,0,0,92.5,1.46,0.415,0.0985,0.2493
Complete Adaptive TLBO,20260843,9,28,93.8532,23.4633,0.0,0,0,92.5,1.44,0.41,0.0931,0.2283
Complete Adaptive TLBO,20260843,9,29,93.8532,23.4633,0.0,0,0,92.5,1.42,0.405,0.0879,0.2928
Complete Adaptive TLBO,20260843,9,30,93.8532,23.4633,0.0,0,0,92.5,1.4,0.4,0.083,0.2785
Complete Adaptive TLBO,20260843,9,31,93.8532,35.0366,0.0,0,0,92.5,1.38,0.395,0.0783,0.2132
Complete Adaptive TLBO,20260843,9,32,93.906,35.0432,0.0,0,0,92.5,1.36,0.39,0.0739,0.2662
Complete Adaptive TLBO,20260843,9,33,93.906,35.2082,0.0,0,0,92.5,1.34,0.385,0.0697,0.247
Complete Adaptive TLBO,20260843,9,34,93.922,35.2168,0.0,0,0,92.5,1.32,0.38,0.0657,0.2624
Complete Adaptive TLBO,20260843,9,35,93.922,46.957,0.0,0,0,92.5,1.3,0.375,0.062,0.2074
Complete Adaptive TLBO,20260843,9,36,93.922,70.3684,0.0,0,0,92.5,1.28,0.37,0.0585,0.1801
Complete Adaptive TLBO,20260843,9,37,93.922,82.1087,0.0,0,0,92.5,1.26,0.365,0.0553,0.1689
Complete Adaptive TLBO,20260843,9,38,93.922,93.849,93.3536,0,0,92.5,1.24,0.36,0.0523,0.1416
Complete Adaptive TLBO,20260843,9,39,93.922,93.92,93.906,0,0,92.5,1.22,0.355,0.0495,0.1396
Complete Adaptive TLBO,20260843,9,40,93.922,93.922,93.922,0,0,92.5,1.2,0.35,0.047,0.126
Complete Adaptive TLBO,20260843,9,41,93.922,93.922,93.922,0,0,92.5,1.18,0.345,0.0447,0.0976
Complete Adaptive TLBO,20260843,9,42,93.922,93.922,93.922,0,0,92.5,1.16,0.34,0.0427,0.1301
Complete Adaptive TLBO,20260843,9,43,93.922,93.922,93.922,0,0,92.5,1.14,0.335,0.0409,0.1161
Complete Adaptive TLBO,20260843,9,44,93.922,93.922,93.922,0,0,92.5,1.12,0.33,0.0393,0.1124
Complete Adaptive TLBO,20260843,9,45,93.922,93.922,93.922,0,0,92.5,1.1,0.325,0.038,0.1277
Complete Adaptive TLBO,20260843,9,46,93.922,93.922,93.922,0,0,92.5,1.08,0.32,0.0369,0.1434
Complete Adaptive TLBO,20260843,9,47,93.922,93.922,93.922,0,0,92.5,1.06,0.315,0.0361,0.1331
Complete Adaptive TLBO,20260843,9,48,93.922,93.922,93.922,0,0,92.5,1.04,0.31,0.0355,0.1372
Complete Adaptive TLBO,20260843,9,49,93.922,93.922,93.922,0,0,92.5,1.02,0.305,0.0351,0.1344
Complete Adaptive TLBO,20260843,9,50,93.922,93.922,93.922,0,0,92.5,1.0,0.3,0.035,0.1397
Complete Adaptive TLBO,20260844,10,1,93.2776,23.2732,0.0,0,0,92.5,1.98,0.545,0.3231,0.3514
Complete Adaptive TLBO,20260844,10,2,93.2776,34.9329,0.0,0,0,92.5,1.96,0.54,0.3115,0.2696
Complete Adaptive TLBO,20260844,10,3,93.51,23.3484,0.0,0,0,92.5,1.94,0.535,0.3001,0.2981
Complete Adaptive TLBO,20260844,10,4,93.51,23.3775,0.0,0,0,92.5,1.92,0.53,0.2889,0.2552
Complete Adaptive TLBO,20260844,10,5,93.6372,35.0875,0.0,0,0,92.5,1.9,0.525,0.278,0.2768
Complete Adaptive TLBO,20260844,10,6,93.6372,35.0981,0.0,0,0,92.5,1.88,0.52,0.2673,0.2498
Complete Adaptive TLBO,20260844,10,7,93.6372,46.6959,0.0,0,0,92.5,1.86,0.515,0.2569,0.2137
Complete Adaptive TLBO,20260844,10,8,93.7236,23.4201,0.0,0,0,92.5,1.84,0.51,0.2467,0.2639
Complete Adaptive TLBO,20260844,10,9,93.7236,35.1356,0.0,0,0,92.5,1.82,0.505,0.2367,0.2366
Complete Adaptive TLBO,20260844,10,10,93.768,35.1519,0.0,0,0,92.5,1.8,0.5,0.227,0.2547
Complete Adaptive TLBO,20260844,10,11,93.768,46.8729,0.0,0,0,92.5,1.78,0.495,0.2175,0.2421
Complete Adaptive TLBO,20260844,10,12,93.768,23.442,0.0,0,0,92.5,1.76,0.49,0.2083,0.2539
Complete Adaptive TLBO,20260844,10,13,93.816,23.448,0.0,0,0,92.5,1.74,0.485,0.1993,0.2635
Complete Adaptive TLBO,20260844,10,14,93.8292,23.4556,0.0,0,0,92.5,1.72,0.48,0.1905,0.2828
Complete Adaptive TLBO,20260844,10,15,93.8292,23.4573,0.0,0,0,92.5,1.7,0.475,0.182,0.2394
Complete Adaptive TLBO,20260844,10,16,93.8292,23.4573,0.0,0,0,92.5,1.68,0.47,0.1737,0.2437
Complete Adaptive TLBO,20260844,10,17,93.8292,23.4573,0.0,0,0,92.5,1.66,0.465,0.1657,0.2321
Complete Adaptive TLBO,20260844,10,18,93.8292,23.4573,0.0,0,0,92.5,1.64,0.46,0.1579,0.2377
Complete Adaptive TLBO,20260844,10,19,93.8292,23.4573,0.0,0,0,92.5,1.62,0.455,0.1503,0.2394
Complete Adaptive TLBO,20260844,10,20,93.8292,23.4573,0.0,0,0,92.5,1.6,0.45,0.143,0.2758
Complete Adaptive TLBO,20260844,10,21,93.8292,23.4573,0.0,0,0,92.5,1.58,0.445,0.1359,0.231
Complete Adaptive TLBO,20260844,10,22,93.8292,23.4573,0.0,0,0,92.5,1.56,0.44,0.1291,0.2243
Complete Adaptive TLBO,20260844,10,23,93.8292,23.4573,0.0,0,0,92.5,1.54,0.435,0.1225,0.2529
Complete Adaptive TLBO,20260844,10,24,93.8292,23.4573,0.0,0,0,92.5,1.52,0.43,0.1161,0.2387
Complete Adaptive TLBO,20260844,10,25,93.8292,23.4573,0.0,0,0,92.5,1.5,0.425,0.11,0.2411
Complete Adaptive TLBO,20260844,10,26,93.8292,23.4573,0.0,0,0,92.5,1.48,0.42,0.1041,0.2586
Complete Adaptive TLBO,20260844,10,27,93.8292,35.0823,0.0,0,0,92.5,1.46,0.415,0.0985,0.2312
Complete Adaptive TLBO,20260844,10,28,93.8292,35.0718,0.0,0,0,92.5,1.44,0.41,0.0931,0.2441
Complete Adaptive TLBO,20260844,10,29,93.8292,35.0122,0.0,0,0,92.5,1.42,0.405,0.0879,0.2297
Complete Adaptive TLBO,20260844,10,30,93.8732,23.4628,0.0,0,0,92.5,1.4,0.4,0.083,0.2686
Complete Adaptive TLBO,20260844,10,31,93.8732,35.1452,0.0,0,0,92.5,1.38,0.395,0.0783,0.2226
Complete Adaptive TLBO,20260844,10,32,93.8732,35.0483,0.0,0,0,92.5,1.36,0.39,0.0739,0.2529
Complete Adaptive TLBO,20260844,10,33,93.8732,35.2024,0.0,0,0,92.5,1.34,0.385,0.0697,0.2218
Complete Adaptive TLBO,20260844,10,34,93.8732,46.9366,0.0,0,0,92.5,1.32,0.38,0.0657,0.2181
Complete Adaptive TLBO,20260844,10,35,93.9032,58.5231,0.0,0,0,92.5,1.3,0.375,0.062,0.1796
Complete Adaptive TLBO,20260844,10,36,93.9032,81.8722,0.0,0,0,92.5,1.28,0.37,0.0585,0.1839
Complete Adaptive TLBO,20260844,10,37,93.9032,93.69,93.0548,0,0,92.5,1.26,0.365,0.0553,0.1637
Complete Adaptive TLBO,20260844,10,38,93.9032,93.796,93.136,0,0,92.5,1.24,0.36,0.0523,0.1621
Complete Adaptive TLBO,20260844,10,39,93.9032,93.8919,93.8732,0,0,92.5,1.22,0.355,0.0495,0.1532
Complete Adaptive TLBO,20260844,10,40,93.9032,93.8957,93.8732,0,0,92.5,1.2,0.35,0.047,0.1253
Complete Adaptive TLBO,20260844,10,41,93.9032,93.8995,93.8732,0,0,92.5,1.18,0.345,0.0447,0.1356
Complete Adaptive TLBO,20260844,10,42,93.9032,93.9032,93.9032,0,0,92.5,1.16,0.34,0.0427,0.1279
Complete Adaptive TLBO,20260844,10,43,93.9032,93.9032,93.9032,0,0,92.5,1.14,0.335,0.0409,0.1006
Complete Adaptive TLBO,20260844,10,44,93.956,93.9103,93.9032,0,0,92.5,1.12,0.33,0.0393,0.1234
Complete Adaptive TLBO,20260844,10,45,93.956,93.9235,93.9032,0,0,92.5,1.1,0.325,0.038,0.1231
Complete Adaptive TLBO,20260844,10,46,93.956,93.9367,93.9032,0,0,92.5,1.08,0.32,0.0369,0.1337
Complete Adaptive TLBO,20260844,10,47,93.956,93.9433,93.9032,0,0,92.5,1.06,0.315,0.0361,0.1274
Complete Adaptive TLBO,20260844,10,48,93.956,93.9499,93.9072,0,0,92.5,1.04,0.31,0.0355,0.1172
Complete Adaptive TLBO,20260844,10,49,93.956,93.956,93.956,0,0,92.5,1.02,0.305,0.0351,0.0845
Complete Adaptive TLBO,20260844,10,50,93.956,93.956,93.956,0,0,92.5,1.0,0.3,0.035,0.1071
Complete Adaptive TLBO,20260845,11,1,93.6344,23.3508,0.0,0,0,92.5,1.98,0.545,0.3231,0.3209
Complete Adaptive TLBO,20260845,11,2,93.88,23.4393,0.0,0,0,92.5,1.96,0.54,0.3115,0.2885
Complete Adaptive TLBO,20260845,11,3,93.88,23.47,0.0,0,0,92.5,1.94,0.535,0.3001,0.2687
Complete Adaptive TLBO,20260845,11,4,93.9852,23.4832,0.0,0,0,92.5,1.92,0.53,0.2889,0.2584
Complete Adaptive TLBO,20260845,11,5,94.038,23.5029,0.0,0,0,92.5,1.9,0.525,0.278,0.3049
Complete Adaptive TLBO,20260845,11,6,94.038,23.5095,0.0,0,0,92.5,1.88,0.52,0.2673,0.2989
Complete Adaptive TLBO,20260845,11,7,94.038,23.5095,0.0,0,0,92.5,1.86,0.515,0.2569,0.2471
Complete Adaptive TLBO,20260845,11,8,94.038,23.5095,0.0,0,0,92.5,1.84,0.51,0.2467,0.2398
Complete Adaptive TLBO,20260845,11,9,94.038,35.2642,0.0,0,0,92.5,1.82,0.505,0.2367,0.2151
Complete Adaptive TLBO,20260845,11,10,94.038,23.5095,0.0,0,0,92.5,1.8,0.5,0.227,0.242
Complete Adaptive TLBO,20260845,11,11,94.038,23.5095,0.0,0,0,92.5,1.78,0.495,0.2175,0.2444
Complete Adaptive TLBO,20260845,11,12,94.038,23.5095,0.0,0,0,92.5,1.76,0.49,0.2083,0.2582
Complete Adaptive TLBO,20260845,11,13,94.038,23.5095,0.0,0,0,92.5,1.74,0.485,0.1993,0.2649
Complete Adaptive TLBO,20260845,11,14,94.038,23.5095,0.0,0,0,92.5,1.72,0.48,0.1905,0.2718
Complete Adaptive TLBO,20260845,11,15,94.038,23.5095,0.0,0,0,92.5,1.7,0.475,0.182,0.243
Complete Adaptive TLBO,20260845,11,16,94.038,23.5095,0.0,0,0,92.5,1.68,0.47,0.1737,0.2484
Complete Adaptive TLBO,20260845,11,17,94.038,23.5095,0.0,0,0,92.5,1.66,0.465,0.1657,0.2505
Complete Adaptive TLBO,20260845,11,18,94.038,23.5095,0.0,0,0,92.5,1.64,0.46,0.1579,0.245
Complete Adaptive TLBO,20260845,11,19,94.038,23.5095,0.0,0,0,92.5,1.62,0.455,0.1503,0.2239
Complete Adaptive TLBO,20260845,11,20,94.038,23.5095,0.0,0,0,92.5,1.6,0.45,0.143,0.2439
Complete Adaptive TLBO,20260845,11,21,94.038,23.5095,0.0,0,0,92.5,1.58,0.445,0.1359,0.2566
Complete Adaptive TLBO,20260845,11,22,94.038,23.5095,0.0,0,0,92.5,1.56,0.44,0.1291,0.2843
Complete Adaptive TLBO,20260845,11,23,94.038,23.5095,0.0,0,0,92.5,1.54,0.435,0.1225,0.2479
Complete Adaptive TLBO,20260845,11,24,94.038,23.5095,0.0,0,0,92.5,1.52,0.43,0.1161,0.2377
Complete Adaptive TLBO,20260845,11,25,94.038,23.5095,0.0,0,0,92.5,1.5,0.425,0.11,0.2452
Complete Adaptive TLBO,20260845,11,26,94.038,23.5095,0.0,0,0,92.5,1.48,0.42,0.1041,0.2943
Complete Adaptive TLBO,20260845,11,27,94.038,23.5095,0.0,0,0,92.5,1.46,0.415,0.0985,0.254
Complete Adaptive TLBO,20260845,11,28,94.038,23.5095,0.0,0,0,92.5,1.44,0.41,0.0931,0.2399
Complete Adaptive TLBO,20260845,11,29,94.038,23.5095,0.0,0,0,92.5,1.42,0.405,0.0879,0.2572
Complete Adaptive TLBO,20260845,11,30,94.038,35.0979,0.0,0,0,92.5,1.4,0.4,0.083,0.243
Complete Adaptive TLBO,20260845,11,31,94.038,23.5095,0.0,0,0,92.5,1.38,0.395,0.0783,0.2485
Complete Adaptive TLBO,20260845,11,32,94.038,46.8483,0.0,0,0,92.5,1.36,0.39,0.0739,0.2429
Complete Adaptive TLBO,20260845,11,33,94.038,35.1748,0.0,0,0,92.5,1.34,0.385,0.0697,0.2864
Complete Adaptive TLBO,20260845,11,34,94.038,23.5095,0.0,0,0,92.5,1.32,0.38,0.0657,0.2253
Complete Adaptive TLBO,20260845,11,35,94.038,23.5095,0.0,0,0,92.5,1.3,0.375,0.062,0.1974
Complete Adaptive TLBO,20260845,11,36,94.038,35.2642,0.0,0,0,92.5,1.28,0.37,0.0585,0.2223
Complete Adaptive TLBO,20260845,11,37,94.038,58.6961,0.0,0,0,92.5,1.26,0.365,0.0553,0.1634
Complete Adaptive TLBO,20260845,11,38,94.038,82.0721,0.0,0,0,92.5,1.24,0.36,0.0523,0.1819
Complete Adaptive TLBO,20260845,11,39,94.038,93.8794,93.3896,0,0,92.5,1.22,0.355,0.0495,0.1165
Complete Adaptive TLBO,20260845,11,40,94.038,93.9604,93.4172,0,0,92.5,1.2,0.35,0.047,0.1191
Complete Adaptive TLBO,20260845,11,41,94.038,94.038,94.038,0,0,92.5,1.18,0.345,0.0447,0.0948
Complete Adaptive TLBO,20260845,11,42,94.038,94.038,94.038,0,0,92.5,1.16,0.34,0.0427,0.1134
Complete Adaptive TLBO,20260845,11,43,94.038,94.038,94.038,0,0,92.5,1.14,0.335,0.0409,0.1125
Complete Adaptive TLBO,20260845,11,44,94.038,94.038,94.038,0,0,92.5,1.12,0.33,0.0393,0.0931
Complete Adaptive TLBO,20260845,11,45,94.038,94.038,94.038,0,0,92.5,1.1,0.325,0.038,0.1017
Complete Adaptive TLBO,20260845,11,46,94.038,94.038,94.038,0,0,92.5,1.08,0.32,0.0369,0.1026
Complete Adaptive TLBO,20260845,11,47,94.066,94.0415,94.038,0,0,92.5,1.06,0.315,0.0361,0.1348
Complete Adaptive TLBO,20260845,11,48,94.066,94.0485,94.038,0,0,92.5,1.04,0.31,0.0355,0.156
Complete Adaptive TLBO,20260845,11,49,94.066,94.052,94.038,0,0,92.5,1.02,0.305,0.0351,0.145
Complete Adaptive TLBO,20260845,11,50,94.066,94.0555,94.038,0,0,92.5,1.0,0.3,0.035,0.1387
Complete Adaptive TLBO,20260846,12,1,93.3772,23.3222,0.0,0,0,92.5,1.98,0.545,0.3231,0.3502
Complete Adaptive TLBO,20260846,12,2,93.448,23.3531,0.0,0,0,92.5,1.96,0.54,0.3115,0.3101
Complete Adaptive TLBO,20260846,12,3,93.6132,35.0636,0.0,0,0,92.5,1.94,0.535,0.3001,0.2586
Complete Adaptive TLBO,20260846,12,4,93.6132,23.4033,0.0,0,0,92.5,1.92,0.53,0.2889,0.2674
Complete Adaptive TLBO,20260846,12,5,93.772,23.4413,0.0,0,0,92.5,1.9,0.525,0.278,0.2847
Complete Adaptive TLBO,20260846,12,6,93.85,23.4587,0.0,0,0,92.5,1.88,0.52,0.2673,0.3118
Complete Adaptive TLBO,20260846,12,7,93.85,23.4625,0.0,0,0,92.5,1.86,0.515,0.2569,0.2626
Complete Adaptive TLBO,20260846,12,8,93.85,23.4625,0.0,0,0,92.5,1.84,0.51,0.2467,0.2487
Complete Adaptive TLBO,20260846,12,9,93.85,35.11,0.0,0,0,92.5,1.82,0.505,0.2367,0.2706
Complete Adaptive TLBO,20260846,12,10,93.85,35.0797,0.0,0,0,92.5,1.8,0.5,0.227,0.2271
Complete Adaptive TLBO,20260846,12,11,93.8992,23.4686,0.0,0,0,92.5,1.78,0.495,0.2175,0.2779
Complete Adaptive TLBO,20260846,12,12,93.8992,23.4748,0.0,0,0,92.5,1.76,0.49,0.2083,0.2215
Complete Adaptive TLBO,20260846,12,13,93.8992,35.0468,0.0,0,0,92.5,1.74,0.485,0.1993,0.2512
Complete Adaptive TLBO,20260846,12,14,93.9292,35.2159,0.0,0,0,92.5,1.72,0.48,0.1905,0.2762
Complete Adaptive TLBO,20260846,12,15,93.9292,35.1342,0.0,0,0,92.5,1.7,0.475,0.182,0.2223
Complete Adaptive TLBO,20260846,12,16,93.982,23.4889,0.0,0,0,92.5,1.68,0.47,0.1737,0.2615
Complete Adaptive TLBO,20260846,12,17,93.982,23.4955,0.0,0,0,92.5,1.66,0.465,0.1657,0.2657
Complete Adaptive TLBO,20260846,12,18,93.982,35.1698,0.0,0,0,92.5,1.64,0.46,0.1579,0.2482
Complete Adaptive TLBO,20260846,12,19,93.982,35.2433,0.0,0,0,92.5,1.62,0.455,0.1503,0.2369
Complete Adaptive TLBO,20260846,12,20,93.982,23.4955,0.0,0,0,92.5,1.6,0.45,0.143,0.2549
Complete Adaptive TLBO,20260846,12,21,93.982,23.4955,0.0,0,0,92.5,1.58,0.445,0.1359,0.2742
Complete Adaptive TLBO,20260846,12,22,93.982,23.4955,0.0,0,0,92.5,1.56,0.44,0.1291,0.2714
Complete Adaptive TLBO,20260846,12,23,93.982,23.4955,0.0,0,0,92.5,1.54,0.435,0.1225,0.3027
Complete Adaptive TLBO,20260846,12,24,93.982,23.4955,0.0,0,0,92.5,1.52,0.43,0.1161,0.275
Complete Adaptive TLBO,20260846,12,25,93.982,35.1454,0.0,0,0,92.5,1.5,0.425,0.11,0.2884
Complete Adaptive TLBO,20260846,12,26,93.982,23.4955,0.0,0,0,92.5,1.48,0.42,0.1041,0.2769
Complete Adaptive TLBO,20260846,12,27,93.982,23.4955,0.0,0,0,92.5,1.46,0.415,0.0985,0.2448
Complete Adaptive TLBO,20260846,12,28,93.982,23.4955,0.0,0,0,92.5,1.44,0.41,0.0931,0.2446
Complete Adaptive TLBO,20260846,12,29,93.982,23.4955,0.0,0,0,92.5,1.42,0.405,0.0879,0.2712
Complete Adaptive TLBO,20260846,12,30,93.982,23.4955,0.0,0,0,92.5,1.4,0.4,0.083,0.2544
Complete Adaptive TLBO,20260846,12,31,93.982,23.4955,0.0,0,0,92.5,1.38,0.395,0.0783,0.2631
Complete Adaptive TLBO,20260846,12,32,93.982,35.1142,0.0,0,0,92.5,1.36,0.39,0.0739,0.2785
Complete Adaptive TLBO,20260846,12,33,93.982,35.1604,0.0,0,0,92.5,1.34,0.385,0.0697,0.2584
Complete Adaptive TLBO,20260846,12,34,94.01,35.1032,0.0,0,0,92.5,1.32,0.38,0.0657,0.3046
Complete Adaptive TLBO,20260846,12,35,94.01,58.491,0.0,0,0,92.5,1.3,0.375,0.062,0.2088
Complete Adaptive TLBO,20260846,12,36,94.01,81.9024,0.0,0,0,92.5,1.28,0.37,0.0585,0.1862
Complete Adaptive TLBO,20260846,12,37,94.01,93.6787,92.8334,0,0,92.5,1.26,0.365,0.0553,0.1568
Complete Adaptive TLBO,20260846,12,38,94.01,93.8815,93.3076,0,0,92.5,1.24,0.36,0.0523,0.155
Complete Adaptive TLBO,20260846,12,39,94.01,93.9693,93.6844,0,0,92.5,1.22,0.355,0.0495,0.1283
Complete Adaptive TLBO,20260846,12,40,94.01,94.01,94.01,0,0,92.5,1.2,0.35,0.047,0.1004
Complete Adaptive TLBO,20260846,12,41,94.01,94.01,94.01,0,0,92.5,1.18,0.345,0.0447,0.1101
Complete Adaptive TLBO,20260846,12,42,94.01,94.01,94.01,0,0,92.5,1.16,0.34,0.0427,0.1077
Complete Adaptive TLBO,20260846,12,43,94.04,94.0138,94.01,0,0,92.5,1.14,0.335,0.0409,0.1281
Complete Adaptive TLBO,20260846,12,44,94.04,94.0213,94.01,0,0,92.5,1.12,0.33,0.0393,0.1639
Complete Adaptive TLBO,20260846,12,45,94.04,94.0325,94.01,0,0,92.5,1.1,0.325,0.038,0.108
Complete Adaptive TLBO,20260846,12,46,94.04,94.0363,94.01,0,0,92.5,1.08,0.32,0.0369,0.1267
Complete Adaptive TLBO,20260846,12,47,94.04,94.04,94.04,0,0,92.5,1.06,0.315,0.0361,0.1227
Complete Adaptive TLBO,20260846,12,48,94.04,94.04,94.04,0,0,92.5,1.04,0.31,0.0355,0.1005
Complete Adaptive TLBO,20260846,12,49,94.04,94.04,94.04,0,0,92.5,1.02,0.305,0.0351,0.1361
Complete Adaptive TLBO,20260846,12,50,94.04,94.04,94.04,0,0,92.5,1.0,0.3,0.035,0.1051
Complete Adaptive TLBO,20260847,13,1,93.1664,34.8806,0.0,0,0,92.5,1.98,0.545,0.3231,0.3313
Complete Adaptive TLBO,20260847,13,2,93.368,23.3168,0.0,0,0,92.5,1.96,0.54,0.3115,0.3074
Complete Adaptive TLBO,20260847,13,3,93.5692,23.385,0.0,0,0,92.5,1.94,0.535,0.3001,0.3487
Complete Adaptive TLBO,20260847,13,4,93.658,23.4034,0.0,0,0,92.5,1.92,0.53,0.2889,0.3148
Complete Adaptive TLBO,20260847,13,5,93.658,35.1106,0.0,0,0,92.5,1.9,0.525,0.278,0.2537
Complete Adaptive TLBO,20260847,13,6,93.658,23.4145,0.0,0,0,92.5,1.88,0.52,0.2673,0.2559
Complete Adaptive TLBO,20260847,13,7,93.658,35.1217,0.0,0,0,92.5,1.86,0.515,0.2569,0.233
Complete Adaptive TLBO,20260847,13,8,93.658,23.4145,0.0,0,0,92.5,1.84,0.51,0.2467,0.2445
Complete Adaptive TLBO,20260847,13,9,93.756,23.4267,0.0,0,0,92.5,1.82,0.505,0.2367,0.3076
Complete Adaptive TLBO,20260847,13,10,93.756,23.439,0.0,0,0,92.5,1.8,0.5,0.227,0.2565
Complete Adaptive TLBO,20260847,13,11,93.756,23.439,0.0,0,0,92.5,1.78,0.495,0.2175,0.265
Complete Adaptive TLBO,20260847,13,12,93.756,23.439,0.0,0,0,92.5,1.76,0.49,0.2083,0.2687
Complete Adaptive TLBO,20260847,13,13,93.756,34.9821,0.0,0,0,92.5,1.74,0.485,0.1993,0.2655
Complete Adaptive TLBO,20260847,13,14,93.756,35.0868,0.0,0,0,92.5,1.72,0.48,0.1905,0.3003
Complete Adaptive TLBO,20260847,13,15,93.756,23.439,0.0,0,0,92.5,1.7,0.475,0.182,0.2698
Complete Adaptive TLBO,20260847,13,16,93.756,23.439,0.0,0,0,92.5,1.68,0.47,0.1737,0.2729
Complete Adaptive TLBO,20260847,13,17,93.756,23.439,0.0,0,0,92.5,1.66,0.465,0.1657,0.2512
Complete Adaptive TLBO,20260847,13,18,93.808,23.4455,0.0,0,0,92.5,1.64,0.46,0.1579,0.3043
Complete Adaptive TLBO,20260847,13,19,93.808,23.452,0.0,0,0,92.5,1.62,0.455,0.1503,0.2662
Complete Adaptive TLBO,20260847,13,20,93.836,23.4555,0.0,0,0,92.5,1.6,0.45,0.143,0.2814
Complete Adaptive TLBO,20260847,13,21,93.8852,23.4652,0.0,0,0,92.5,1.58,0.445,0.1359,0.3008
Complete Adaptive TLBO,20260847,13,22,93.8852,35.2008,0.0,0,0,92.5,1.56,0.44,0.1291,0.2516
Complete Adaptive TLBO,20260847,13,23,93.8852,23.4713,0.0,0,0,92.5,1.54,0.435,0.1225,0.2499
Complete Adaptive TLBO,20260847,13,24,93.8852,23.4713,0.0,0,0,92.5,1.52,0.43,0.1161,0.2554
Complete Adaptive TLBO,20260847,13,25,93.8852,23.4713,0.0,0,0,92.5,1.5,0.425,0.11,0.2538
Complete Adaptive TLBO,20260847,13,26,93.8852,23.4713,0.0,0,0,92.5,1.48,0.42,0.1041,0.2627
Complete Adaptive TLBO,20260847,13,27,93.8852,23.4713,0.0,0,0,92.5,1.46,0.415,0.0985,0.2588
Complete Adaptive TLBO,20260847,13,28,93.8852,23.4713,0.0,0,0,92.5,1.44,0.41,0.0931,0.2762
Complete Adaptive TLBO,20260847,13,29,93.8852,23.4713,0.0,0,0,92.5,1.42,0.405,0.0879,0.2663
Complete Adaptive TLBO,20260847,13,30,93.8852,46.7218,0.0,0,0,92.5,1.4,0.4,0.083,0.2431
Complete Adaptive TLBO,20260847,13,31,93.938,35.1132,0.0,0,0,92.5,1.38,0.395,0.0783,0.2811
Complete Adaptive TLBO,20260847,13,32,93.938,35.0675,0.0,0,0,92.5,1.36,0.39,0.0739,0.2353
Complete Adaptive TLBO,20260847,13,33,93.938,35.0331,0.0,0,0,92.5,1.34,0.385,0.0697,0.2531
Complete Adaptive TLBO,20260847,13,34,93.938,35.0331,0.0,0,0,92.5,1.32,0.38,0.0657,0.2542
Complete Adaptive TLBO,20260847,13,35,93.938,58.3941,0.0,0,0,92.5,1.3,0.375,0.062,0.2065
Complete Adaptive TLBO,20260847,13,36,93.938,81.8042,0.0,0,0,92.5,1.28,0.37,0.0585,0.1895
Complete Adaptive TLBO,20260847,13,37,93.938,93.7329,93.026,0,0,92.5,1.26,0.365,0.0553,0.1749
Complete Adaptive TLBO,20260847,13,38,93.938,93.8469,93.512,0,0,92.5,1.24,0.36,0.0523,0.1547
Complete Adaptive TLBO,20260847,13,39,93.938,93.9091,93.7072,0,0,92.5,1.22,0.355,0.0495,0.1187
Complete Adaptive TLBO,20260847,13,40,93.938,93.938,93.938,0,0,92.5,1.2,0.35,0.047,0.1203
Complete Adaptive TLBO,20260847,13,41,93.938,93.938,93.938,0,0,92.5,1.18,0.345,0.0447,0.1018
Complete Adaptive TLBO,20260847,13,42,93.938,93.938,93.938,0,0,92.5,1.16,0.34,0.0427,0.0994
Complete Adaptive TLBO,20260847,13,43,93.938,93.938,93.938,0,0,92.5,1.14,0.335,0.0409,0.103
Complete Adaptive TLBO,20260847,13,44,93.938,93.938,93.938,0,0,92.5,1.12,0.33,0.0393,0.113
Complete Adaptive TLBO,20260847,13,45,93.968,93.9417,93.938,0,0,92.5,1.1,0.325,0.038,0.1387
Complete Adaptive TLBO,20260847,13,46,93.998,93.954,93.938,0,0,92.5,1.08,0.32,0.0369,0.198
Complete Adaptive TLBO,20260847,13,47,93.998,93.9615,93.938,0,0,92.5,1.06,0.315,0.0361,0.173
Complete Adaptive TLBO,20260847,13,48,93.998,93.969,93.938,0,0,92.5,1.04,0.31,0.0355,0.1596
Complete Adaptive TLBO,20260847,13,49,93.998,93.9765,93.938,0,0,92.5,1.02,0.305,0.0351,0.1661
Complete Adaptive TLBO,20260847,13,50,93.998,93.984,93.938,0,0,92.5,1.0,0.3,0.035,0.1644
Complete Adaptive TLBO,20260848,14,1,93.578,23.336,0.0,0,0,92.5,1.98,0.545,0.3231,0.3296
Complete Adaptive TLBO,20260848,14,2,93.892,35.0974,0.0,0,0,92.5,1.96,0.54,0.3115,0.325
Complete Adaptive TLBO,20260848,14,3,93.9412,23.4791,0.0,0,0,92.5,1.94,0.535,0.3001,0.3199
Complete Adaptive TLBO,20260848,14,4,93.9412,35.2218,0.0,0,0,92.5,1.92,0.53,0.2889,0.2758
Complete Adaptive TLBO,20260848,14,5,93.9992,23.4926,0.0,0,0,92.5,1.9,0.525,0.278,0.2742
Complete Adaptive TLBO,20260848,14,6,93.9992,23.4998,0.0,0,0,92.5,1.88,0.52,0.2673,0.2606
Complete Adaptive TLBO,20260848,14,7,93.9992,23.4998,0.0,0,0,92.5,1.86,0.515,0.2569,0.2333
Complete Adaptive TLBO,20260848,14,8,93.9992,23.4998,0.0,0,0,92.5,1.84,0.51,0.2467,0.2602
Complete Adaptive TLBO,20260848,14,9,93.9992,23.4998,0.0,0,0,92.5,1.82,0.505,0.2367,0.2429
Complete Adaptive TLBO,20260848,14,10,93.9992,23.4998,0.0,0,0,92.5,1.8,0.5,0.227,0.2867
Complete Adaptive TLBO,20260848,14,11,93.9992,23.4998,0.0,0,0,92.5,1.78,0.495,0.2175,0.2521
Complete Adaptive TLBO,20260848,14,12,93.9992,35.1597,0.0,0,0,92.5,1.76,0.49,0.2083,0.2325
Complete Adaptive TLBO,20260848,14,13,93.9992,23.4998,0.0,0,0,92.5,1.74,0.485,0.1993,0.2636
Complete Adaptive TLBO,20260848,14,14,93.9992,23.4998,0.0,0,0,92.5,1.72,0.48,0.1905,0.2654
Complete Adaptive TLBO,20260848,14,15,93.9992,23.4998,0.0,0,0,92.5,1.7,0.475,0.182,0.268
Complete Adaptive TLBO,20260848,14,16,93.9992,23.4998,0.0,0,0,92.5,1.68,0.47,0.1737,0.2337
Complete Adaptive TLBO,20260848,14,17,93.9992,23.4998,0.0,0,0,92.5,1.66,0.465,0.1657,0.2516
Complete Adaptive TLBO,20260848,14,18,93.9992,23.4998,0.0,0,0,92.5,1.64,0.46,0.1579,0.2609
Complete Adaptive TLBO,20260848,14,19,93.9992,23.4998,0.0,0,0,92.5,1.62,0.455,0.1503,0.2498
Complete Adaptive TLBO,20260848,14,20,93.9992,23.4998,0.0,0,0,92.5,1.6,0.45,0.143,0.2359
Complete Adaptive TLBO,20260848,14,21,93.9992,23.4998,0.0,0,0,92.5,1.58,0.445,0.1359,0.2484
Complete Adaptive TLBO,20260848,14,22,93.9992,23.4998,0.0,0,0,92.5,1.56,0.44,0.1291,0.2262
Complete Adaptive TLBO,20260848,14,23,93.9992,23.4998,0.0,0,0,92.5,1.54,0.435,0.1225,0.2591
Complete Adaptive TLBO,20260848,14,24,93.9992,23.4998,0.0,0,0,92.5,1.52,0.43,0.1161,0.2743
Complete Adaptive TLBO,20260848,14,25,93.9992,23.4998,0.0,0,0,92.5,1.5,0.425,0.11,0.2412
Complete Adaptive TLBO,20260848,14,26,94.052,35.1444,0.0,0,0,92.5,1.48,0.42,0.1041,0.3106
Complete Adaptive TLBO,20260848,14,27,94.052,23.513,0.0,0,0,92.5,1.46,0.415,0.0985,0.3184
Complete Adaptive TLBO,20260848,14,28,94.052,23.513,0.0,0,0,92.5,1.44,0.41,0.0931,0.2523
Complete Adaptive TLBO,20260848,14,29,94.052,23.513,0.0,0,0,92.5,1.42,0.405,0.0879,0.2672
Complete Adaptive TLBO,20260848,14,30,94.052,23.513,0.0,0,0,92.5,1.4,0.4,0.083,0.2507
Complete Adaptive TLBO,20260848,14,31,94.052,23.513,0.0,0,0,92.5,1.38,0.395,0.0783,0.2593
Complete Adaptive TLBO,20260848,14,32,94.052,23.513,0.0,0,0,92.5,1.36,0.39,0.0739,0.2486
Complete Adaptive TLBO,20260848,14,33,94.052,35.1234,0.0,0,0,92.5,1.34,0.385,0.0697,0.2562
Complete Adaptive TLBO,20260848,14,34,94.052,23.513,0.0,0,0,92.5,1.32,0.38,0.0657,0.2402
Complete Adaptive TLBO,20260848,14,35,94.052,35.1746,0.0,0,0,92.5,1.3,0.375,0.062,0.2262
Complete Adaptive TLBO,20260848,14,36,94.052,58.6804,0.0,0,0,92.5,1.28,0.37,0.0585,0.18
Complete Adaptive TLBO,20260848,14,37,94.052,82.1176,0.0,0,0,92.5,1.26,0.365,0.0553,0.1805
Complete Adaptive TLBO,20260848,14,38,94.052,93.8742,93.326,0,0,92.5,1.24,0.36,0.0523,0.1565
Complete Adaptive TLBO,20260848,14,39,94.052,93.9649,93.612,0,0,92.5,1.22,0.355,0.0495,0.1418
Complete Adaptive TLBO,20260848,14,40,94.052,94.0199,93.7952,0,0,92.5,1.2,0.35,0.047,0.1281
Complete Adaptive TLBO,20260848,14,41,94.052,94.052,94.052,0,0,92.5,1.18,0.345,0.0447,0.1093
Complete Adaptive TLBO,20260848,14,42,94.052,94.052,94.052,0,0,92.5,1.16,0.34,0.0427,0.1071
Complete Adaptive TLBO,20260848,14,43,94.052,94.052,94.052,0,0,92.5,1.14,0.335,0.0409,0.1173
Complete Adaptive TLBO,20260848,14,44,94.052,94.052,94.052,0,0,92.5,1.12,0.33,0.0393,0.0974
Complete Adaptive TLBO,20260848,14,45,94.052,94.052,94.052,0,0,92.5,1.1,0.325,0.038,0.114
Complete Adaptive TLBO,20260848,14,46,94.052,94.052,94.052,0,0,92.5,1.08,0.32,0.0369,0.0945
Complete Adaptive TLBO,20260848,14,47,94.052,94.052,94.052,0,0,92.5,1.06,0.315,0.0361,0.1171
Complete Adaptive TLBO,20260848,14,48,94.052,94.052,94.052,0,0,92.5,1.04,0.31,0.0355,0.09
Complete Adaptive TLBO,20260848,14,49,94.052,94.052,94.052,0,0,92.5,1.02,0.305,0.0351,0.1176
Complete Adaptive TLBO,20260848,14,50,94.052,94.052,94.052,0,0,92.5,1.0,0.3,0.035,0.0953
Complete Adaptive TLBO,20260849,15,1,93.338,23.3204,0.0,0,0,92.5,1.98,0.545,0.3231,0.365
Complete Adaptive TLBO,20260849,15,2,93.338,23.3345,0.0,0,0,92.5,1.96,0.54,0.3115,0.2931
Complete Adaptive TLBO,20260849,15,3,93.338,23.3345,0.0,0,0,92.5,1.94,0.535,0.3001,0.2954
Complete Adaptive TLBO,20260849,15,4,93.3716,23.3387,0.0,0,0,92.5,1.92,0.53,0.2889,0.2817
Complete Adaptive TLBO,20260849,15,5,93.44,34.8178,0.0,0,0,92.5,1.9,0.525,0.278,0.2769
Complete Adaptive TLBO,20260849,15,6,93.44,23.36,0.0,0,0,92.5,1.88,0.52,0.2673,0.2556
Complete Adaptive TLBO,20260849,15,7,93.476,35.0445,0.0,0,0,92.5,1.86,0.515,0.2569,0.2907
Complete Adaptive TLBO,20260849,15,8,93.5504,23.3783,0.0,0,0,92.5,1.84,0.51,0.2467,0.2732
Complete Adaptive TLBO,20260849,15,9,93.5504,23.3876,0.0,0,0,92.5,1.82,0.505,0.2367,0.2512
Complete Adaptive TLBO,20260849,15,10,93.5504,23.3876,0.0,0,0,92.5,1.8,0.5,0.227,0.2732
Complete Adaptive TLBO,20260849,15,11,93.6692,23.4025,0.0,0,0,92.5,1.78,0.495,0.2175,0.2888
Complete Adaptive TLBO,20260849,15,12,93.7112,35.1312,0.0,0,0,92.5,1.76,0.49,0.2083,0.2955
Complete Adaptive TLBO,20260849,15,13,93.7112,23.4278,0.0,0,0,92.5,1.74,0.485,0.1993,0.2532
Complete Adaptive TLBO,20260849,15,14,93.876,23.4484,0.0,0,0,92.5,1.72,0.48,0.1905,0.2931
Complete Adaptive TLBO,20260849,15,15,93.876,35.0678,0.0,0,0,92.5,1.7,0.475,0.182,0.2624
Complete Adaptive TLBO,20260849,15,16,93.876,35.1387,0.0,0,0,92.5,1.68,0.47,0.1737,0.2412
Complete Adaptive TLBO,20260849,15,17,93.876,35.2035,0.0,0,0,92.5,1.66,0.465,0.1657,0.2599
Complete Adaptive TLBO,20260849,15,18,93.876,23.469,0.0,0,0,92.5,1.64,0.46,0.1579,0.233
Complete Adaptive TLBO,20260849,15,19,93.876,23.469,0.0,0,0,92.5,1.62,0.455,0.1503,0.2531
Complete Adaptive TLBO,20260849,15,20,93.876,23.469,0.0,0,0,92.5,1.6,0.45,0.143,0.2666
Complete Adaptive TLBO,20260849,15,21,93.876,23.469,0.0,0,0,92.5,1.58,0.445,0.1359,0.2686
Complete Adaptive TLBO,20260849,15,22,93.876,23.469,0.0,0,0,92.5,1.56,0.44,0.1291,0.2628
Complete Adaptive TLBO,20260849,15,23,93.876,23.469,0.0,0,0,92.5,1.54,0.435,0.1225,0.2462
Complete Adaptive TLBO,20260849,15,24,93.876,23.469,0.0,0,0,92.5,1.52,0.43,0.1161,0.2568
Complete Adaptive TLBO,20260849,15,25,93.902,23.4723,0.0,0,0,92.5,1.5,0.425,0.11,0.2927
Complete Adaptive TLBO,20260849,15,26,93.902,23.4755,0.0,0,0,92.5,1.48,0.42,0.1041,0.2395
Complete Adaptive TLBO,20260849,15,27,93.902,23.4755,0.0,0,0,92.5,1.46,0.415,0.0985,0.2633
Complete Adaptive TLBO,20260849,15,28,93.902,35.1007,0.0,0,0,92.5,1.44,0.41,0.0931,0.2267
Complete Adaptive TLBO,20260849,15,29,93.932,23.4793,0.0,0,0,92.5,1.42,0.405,0.0879,0.285
Complete Adaptive TLBO,20260849,15,30,93.932,23.483,0.0,0,0,92.5,1.4,0.4,0.083,0.2534
Complete Adaptive TLBO,20260849,15,31,93.932,23.483,0.0,0,0,92.5,1.38,0.395,0.0783,0.2436
Complete Adaptive TLBO,20260849,15,32,93.932,23.483,0.0,0,0,92.5,1.36,0.39,0.0739,0.2616
Complete Adaptive TLBO,20260849,15,33,93.932,35.2245,0.0,0,0,92.5,1.34,0.385,0.0697,0.2173
Complete Adaptive TLBO,20260849,15,34,93.932,46.8295,0.0,0,0,92.5,1.32,0.38,0.0657,0.2208
Complete Adaptive TLBO,20260849,15,35,93.932,46.8369,0.0,0,0,92.5,1.3,0.375,0.062,0.2716
Complete Adaptive TLBO,20260849,15,36,93.932,58.5784,0.0,0,0,92.5,1.28,0.37,0.0585,0.1914
Complete Adaptive TLBO,20260849,15,37,93.932,70.3199,0.0,0,0,92.5,1.26,0.365,0.0553,0.173
Complete Adaptive TLBO,20260849,15,38,93.932,93.776,92.899,0,0,92.5,1.24,0.36,0.0523,0.1402
Complete Adaptive TLBO,20260849,15,39,93.932,93.9096,93.7532,0,0,92.5,1.22,0.355,0.0495,0.125
Complete Adaptive TLBO,20260849,15,40,93.9812,93.9382,93.932,0,0,92.5,1.2,0.35,0.047,0.1436
Complete Adaptive TLBO,20260849,15,41,93.9812,93.9505,93.932,0,0,92.5,1.18,0.345,0.0447,0.1323
Complete Adaptive TLBO,20260849,15,42,93.9812,93.975,93.932,0,0,92.5,1.16,0.34,0.0427,0.1201
Complete Adaptive TLBO,20260849,15,43,93.9812,93.9812,93.9812,0,0,92.5,1.14,0.335,0.0409,0.0996
Complete Adaptive TLBO,20260849,15,44,94.034,93.9878,93.9812,0,0,92.5,1.12,0.33,0.0393,0.1202
Complete Adaptive TLBO,20260849,15,45,94.034,94.0142,93.9812,0,0,92.5,1.1,0.325,0.038,0.1343
Complete Adaptive TLBO,20260849,15,46,94.034,94.034,94.034,0,0,92.5,1.08,0.32,0.0369,0.0985
Complete Adaptive TLBO,20260849,15,47,94.034,94.034,94.034,0,0,92.5,1.06,0.315,0.0361,0.1119
Complete Adaptive TLBO,20260849,15,48,94.034,94.034,94.034,0,0,92.5,1.04,0.31,0.0355,0.1059
Complete Adaptive TLBO,20260849,15,49,94.034,94.034,94.034,0,0,92.5,1.02,0.305,0.0351,0.0991
Complete Adaptive TLBO,20260849,15,50,94.034,94.034,94.034,0,0,92.5,1.0,0.3,0.035,0.0896
Complete Adaptive TLBO,20260850,16,1,93.5504,23.3115,0.0,0,0,92.5,1.98,0.545,0.3231,0.3648
Complete Adaptive TLBO,20260850,16,2,93.6472,23.3997,0.0,0,0,92.5,1.96,0.54,0.3115,0.3057
Complete Adaptive TLBO,20260850,16,3,93.6916,23.4173,0.0,0,0,92.5,1.94,0.535,0.3001,0.3029
Complete Adaptive TLBO,20260850,16,4,93.814,23.4382,0.0,0,0,92.5,1.92,0.53,0.2889,0.3065
Complete Adaptive TLBO,20260850,16,5,93.814,23.4535,0.0,0,0,92.5,1.9,0.525,0.278,0.2657
Complete Adaptive TLBO,20260850,16,6,93.814,23.4535,0.0,0,0,92.5,1.88,0.52,0.2673,0.2552
Complete Adaptive TLBO,20260850,16,7,93.916,35.193,0.0,0,0,92.5,1.86,0.515,0.2569,0.2998
Complete Adaptive TLBO,20260850,16,8,93.916,35.2119,0.0,0,0,92.5,1.84,0.51,0.2467,0.2617
Complete Adaptive TLBO,20260850,16,9,93.916,23.479,0.0,0,0,92.5,1.82,0.505,0.2367,0.2392
Complete Adaptive TLBO,20260850,16,10,93.916,23.479,0.0,0,0,92.5,1.8,0.5,0.227,0.273
Complete Adaptive TLBO,20260850,16,11,93.916,23.479,0.0,0,0,92.5,1.78,0.495,0.2175,0.2223
Complete Adaptive TLBO,20260850,16,12,93.916,23.479,0.0,0,0,92.5,1.76,0.49,0.2083,0.2677
Complete Adaptive TLBO,20260850,16,13,93.916,23.479,0.0,0,0,92.5,1.74,0.485,0.1993,0.2711
Complete Adaptive TLBO,20260850,16,14,93.916,23.479,0.0,0,0,92.5,1.72,0.48,0.1905,0.2734
Complete Adaptive TLBO,20260850,16,15,93.916,23.479,0.0,0,0,92.5,1.7,0.475,0.182,0.2731
Complete Adaptive TLBO,20260850,16,16,93.916,23.479,0.0,0,0,92.5,1.68,0.47,0.1737,0.2826
Complete Adaptive TLBO,20260850,16,17,93.916,23.479,0.0,0,0,92.5,1.66,0.465,0.1657,0.2696
Complete Adaptive TLBO,20260850,16,18,93.916,23.479,0.0,0,0,92.5,1.64,0.46,0.1579,0.2794
Complete Adaptive TLBO,20260850,16,19,93.916,23.479,0.0,0,0,92.5,1.62,0.455,0.1503,0.2459
Complete Adaptive TLBO,20260850,16,20,93.92,23.4795,0.0,0,0,92.5,1.6,0.45,0.143,0.2859
Complete Adaptive TLBO,20260850,16,21,93.92,23.48,0.0,0,0,92.5,1.58,0.445,0.1359,0.2548
Complete Adaptive TLBO,20260850,16,22,93.92,35.22,0.0,0,0,92.5,1.56,0.44,0.1291,0.2535
Complete Adaptive TLBO,20260850,16,23,93.92,35.22,0.0,0,0,92.5,1.54,0.435,0.1225,0.2593
Complete Adaptive TLBO,20260850,16,24,93.92,35.22,0.0,0,0,92.5,1.52,0.43,0.1161,0.2404
Complete Adaptive TLBO,20260850,16,25,93.92,35.22,0.0,0,0,92.5,1.5,0.425,0.11,0.2281
Complete Adaptive TLBO,20260850,16,26,93.92,35.1497,0.0,0,0,92.5,1.48,0.42,0.1041,0.2565
Complete Adaptive TLBO,20260850,16,27,93.92,23.48,0.0,0,0,92.5,1.46,0.415,0.0985,0.2499
Complete Adaptive TLBO,20260850,16,28,93.92,23.48,0.0,0,0,92.5,1.44,0.41,0.0931,0.2627
Complete Adaptive TLBO,20260850,16,29,93.92,35.054,0.0,0,0,92.5,1.42,0.405,0.0879,0.2511
Complete Adaptive TLBO,20260850,16,30,93.92,23.48,0.0,0,0,92.5,1.4,0.4,0.083,0.2744
Complete Adaptive TLBO,20260850,16,31,93.92,23.48,0.0,0,0,92.5,1.38,0.395,0.0783,0.2402
Complete Adaptive TLBO,20260850,16,32,93.92,23.48,0.0,0,0,92.5,1.36,0.39,0.0739,0.2632
Complete Adaptive TLBO,20260850,16,33,93.92,23.48,0.0,0,0,92.5,1.34,0.385,0.0697,0.2526
Complete Adaptive TLBO,20260850,16,34,93.92,23.48,0.0,0,0,92.5,1.32,0.38,0.0657,0.264
Complete Adaptive TLBO,20260850,16,35,93.92,23.48,0.0,0,0,92.5,1.3,0.375,0.062,0.2136
Complete Adaptive TLBO,20260850,16,36,93.92,35.22,0.0,0,0,92.5,1.28,0.37,0.0585,0.203
Complete Adaptive TLBO,20260850,16,37,93.92,58.6232,0.0,0,0,92.5,1.26,0.365,0.0553,0.1665
Complete Adaptive TLBO,20260850,16,38,93.92,93.6976,93.1164,0,0,92.5,1.24,0.36,0.0523,0.1704
Complete Adaptive TLBO,20260850,16,39,93.92,93.8081,93.3056,0,0,92.5,1.22,0.355,0.0495,0.1445
Complete Adaptive TLBO,20260850,16,40,93.92,93.8902,93.6812,0,0,92.5,1.2,0.35,0.047,0.1147
Complete Adaptive TLBO,20260850,16,41,93.92,93.92,93.92,0,0,92.5,1.18,0.345,0.0447,0.1223
Complete Adaptive TLBO,20260850,16,42,93.92,93.92,93.92,0,0,92.5,1.16,0.34,0.0427,0.1183
Complete Adaptive TLBO,20260850,16,43,93.934,93.9218,93.92,0,0,92.5,1.14,0.335,0.0409,0.1383
Complete Adaptive TLBO,20260850,16,44,93.934,93.9253,93.92,0,0,92.5,1.12,0.33,0.0393,0.1384
Complete Adaptive TLBO,20260850,16,45,93.934,93.927,93.92,0,0,92.5,1.1,0.325,0.038,0.1645
Complete Adaptive TLBO,20260850,16,46,93.934,93.9305,93.92,0,0,92.5,1.08,0.32,0.0369,0.1522
Complete Adaptive TLBO,20260850,16,47,93.934,93.9322,93.92,0,0,92.5,1.06,0.315,0.0361,0.1313
Complete Adaptive TLBO,20260850,16,48,93.934,93.934,93.934,0,0,92.5,1.04,0.31,0.0355,0.1126
Complete Adaptive TLBO,20260850,16,49,93.934,93.934,93.934,0,0,92.5,1.02,0.305,0.0351,0.1113
Complete Adaptive TLBO,20260850,16,50,93.934,93.934,93.934,0,0,92.5,1.0,0.3,0.035,0.0885
Complete Adaptive TLBO,20260851,17,1,93.2916,23.3117,0.0,0,0,92.5,1.98,0.545,0.3231,0.3451
Complete Adaptive TLBO,20260851,17,2,93.7416,23.3837,0.0,0,0,92.5,1.96,0.54,0.3115,0.3395
Complete Adaptive TLBO,20260851,17,3,93.7416,23.4354,0.0,0,0,92.5,1.94,0.535,0.3001,0.2782
Complete Adaptive TLBO,20260851,17,4,93.7456,35.1536,0.0,0,0,92.5,1.92,0.53,0.2889,0.2403
Complete Adaptive TLBO,20260851,17,5,93.79,23.4419,0.0,0,0,92.5,1.9,0.525,0.278,0.2887
Complete Adaptive TLBO,20260851,17,6,93.8652,23.4629,0.0,0,0,92.5,1.88,0.52,0.2673,0.3172
Complete Adaptive TLBO,20260851,17,7,93.918,23.4729,0.0,0,0,92.5,1.86,0.515,0.2569,0.3043
Complete Adaptive TLBO,20260851,17,8,93.918,23.4795,0.0,0,0,92.5,1.84,0.51,0.2467,0.2645
Complete Adaptive TLBO,20260851,17,9,93.918,23.4795,0.0,0,0,92.5,1.82,0.505,0.2367,0.2618
Complete Adaptive TLBO,20260851,17,10,93.918,35.1255,0.0,0,0,92.5,1.8,0.5,0.227,0.2523
Complete Adaptive TLBO,20260851,17,11,93.918,35.1741,0.0,0,0,92.5,1.78,0.495,0.2175,0.241
Complete Adaptive TLBO,20260851,17,12,93.918,23.4795,0.0,0,0,92.5,1.76,0.49,0.2083,0.2943
Complete Adaptive TLBO,20260851,17,13,93.918,35.0734,0.0,0,0,92.5,1.74,0.485,0.1993,0.266
Complete Adaptive TLBO,20260851,17,14,93.918,23.4795,0.0,0,0,92.5,1.72,0.48,0.1905,0.2545
Complete Adaptive TLBO,20260851,17,15,93.918,23.4795,0.0,0,0,92.5,1.7,0.475,0.182,0.2728
Complete Adaptive TLBO,20260851,17,16,93.918,23.4795,0.0,0,0,92.5,1.68,0.47,0.1737,0.2371
Complete Adaptive TLBO,20260851,17,17,93.918,23.4795,0.0,0,0,92.5,1.66,0.465,0.1657,0.2752
Complete Adaptive TLBO,20260851,17,18,93.918,23.4795,0.0,0,0,92.5,1.64,0.46,0.1579,0.2858
Complete Adaptive TLBO,20260851,17,19,93.918,23.4795,0.0,0,0,92.5,1.62,0.455,0.1503,0.2493
Complete Adaptive TLBO,20260851,17,20,93.918,23.4795,0.0,0,0,92.5,1.6,0.45,0.143,0.2613
Complete Adaptive TLBO,20260851,17,21,93.918,46.8355,0.0,0,0,92.5,1.58,0.445,0.1359,0.2588
Complete Adaptive TLBO,20260851,17,22,93.918,23.4795,0.0,0,0,92.5,1.56,0.44,0.1291,0.2571
Complete Adaptive TLBO,20260851,17,23,93.918,23.4795,0.0,0,0,92.5,1.54,0.435,0.1225,0.2654
Complete Adaptive TLBO,20260851,17,24,93.918,23.4795,0.0,0,0,92.5,1.52,0.43,0.1161,0.2708
Complete Adaptive TLBO,20260851,17,25,93.918,23.4795,0.0,0,0,92.5,1.5,0.425,0.11,0.2484
Complete Adaptive TLBO,20260851,17,26,93.918,23.4795,0.0,0,0,92.5,1.48,0.42,0.1041,0.2565
Complete Adaptive TLBO,20260851,17,27,93.918,35.0928,0.0,0,0,92.5,1.46,0.415,0.0985,0.2751
Complete Adaptive TLBO,20260851,17,28,93.918,23.4795,0.0,0,0,92.5,1.44,0.41,0.0931,0.2448
Complete Adaptive TLBO,20260851,17,29,93.918,23.4795,0.0,0,0,92.5,1.42,0.405,0.0879,0.261
Complete Adaptive TLBO,20260851,17,30,93.918,23.4795,0.0,0,0,92.5,1.4,0.4,0.083,0.2611
Complete Adaptive TLBO,20260851,17,31,93.918,23.4795,0.0,0,0,92.5,1.38,0.395,0.0783,0.2683
Complete Adaptive TLBO,20260851,17,32,93.918,23.4795,0.0,0,0,92.5,1.36,0.39,0.0739,0.2748
Complete Adaptive TLBO,20260851,17,33,93.918,35.1432,0.0,0,0,92.5,1.34,0.385,0.0697,0.2329
Complete Adaptive TLBO,20260851,17,34,93.918,23.4795,0.0,0,0,92.5,1.32,0.38,0.0657,0.2556
Complete Adaptive TLBO,20260851,17,35,93.918,35.1075,0.0,0,0,92.5,1.3,0.375,0.062,0.2006
Complete Adaptive TLBO,20260851,17,36,93.918,46.8473,0.0,0,0,92.5,1.28,0.37,0.0585,0.1827
Complete Adaptive TLBO,20260851,17,37,93.918,70.3242,0.0,0,0,92.5,1.26,0.365,0.0553,0.1733
Complete Adaptive TLBO,20260851,17,38,93.918,93.7357,93.198,0,0,92.5,1.24,0.36,0.0523,0.1443
Complete Adaptive TLBO,20260851,17,39,93.918,93.8257,93.3696,0,0,92.5,1.22,0.355,0.0495,0.1486
Complete Adaptive TLBO,20260851,17,40,93.922,93.9185,93.918,0,0,92.5,1.2,0.35,0.047,0.1086
Complete Adaptive TLBO,20260851,17,41,93.922,93.919,93.918,0,0,92.5,1.18,0.345,0.0447,0.1403
Complete Adaptive TLBO,20260851,17,42,93.922,93.9195,93.918,0,0,92.5,1.16,0.34,0.0427,0.155
Complete Adaptive TLBO,20260851,17,43,93.922,93.9205,93.918,0,0,92.5,1.14,0.335,0.0409,0.1505
Complete Adaptive TLBO,20260851,17,44,93.922,93.921,93.918,0,0,92.5,1.12,0.33,0.0393,0.1113
Complete Adaptive TLBO,20260851,17,45,93.922,93.922,93.922,0,0,92.5,1.1,0.325,0.038,0.1368
Complete Adaptive TLBO,20260851,17,46,93.922,93.922,93.922,0,0,92.5,1.08,0.32,0.0369,0.1303
Complete Adaptive TLBO,20260851,17,47,93.922,93.922,93.922,0,0,92.5,1.06,0.315,0.0361,0.1189
Complete Adaptive TLBO,20260851,17,48,93.922,93.922,93.922,0,0,92.5,1.04,0.31,0.0355,0.1098
Complete Adaptive TLBO,20260851,17,49,93.922,93.922,93.922,0,0,92.5,1.02,0.305,0.0351,0.1372
Complete Adaptive TLBO,20260851,17,50,93.922,93.922,93.922,0,0,92.5,1.0,0.3,0.035,0.1218
Complete Adaptive TLBO,20260852,18,1,93.1692,23.2716,0.0,0,0,92.5,1.98,0.545,0.3231,0.3142
Complete Adaptive TLBO,20260852,18,2,93.482,23.3314,0.0,0,0,92.5,1.96,0.54,0.3115,0.3071
Complete Adaptive TLBO,20260852,18,3,93.482,34.9034,0.0,0,0,92.5,1.94,0.535,0.3001,0.2496
Complete Adaptive TLBO,20260852,18,4,93.504,35.0279,0.0,0,0,92.5,1.92,0.53,0.2889,0.2678
Complete Adaptive TLBO,20260852,18,5,93.504,23.376,0.0,0,0,92.5,1.9,0.525,0.278,0.2456
Complete Adaptive TLBO,20260852,18,6,93.504,35.064,0.0,0,0,92.5,1.88,0.52,0.2673,0.2297
Complete Adaptive TLBO,20260852,18,7,93.504,23.376,0.0,0,0,92.5,1.86,0.515,0.2569,0.2404
Complete Adaptive TLBO,20260852,18,8,93.6564,35.0831,0.0,0,0,92.5,1.84,0.51,0.2467,0.2591
Complete Adaptive TLBO,20260852,18,9,93.7332,35.1117,0.0,0,0,92.5,1.82,0.505,0.2367,0.2466
Complete Adaptive TLBO,20260852,18,10,93.876,35.1422,0.0,0,0,92.5,1.8,0.5,0.227,0.2847
Complete Adaptive TLBO,20260852,18,11,93.876,35.1724,0.0,0,0,92.5,1.78,0.495,0.2175,0.2322
Complete Adaptive TLBO,20260852,18,12,93.876,23.469,0.0,0,0,92.5,1.76,0.49,0.2083,0.2407
Complete Adaptive TLBO,20260852,18,13,93.876,23.469,0.0,0,0,92.5,1.74,0.485,0.1993,0.2458
Complete Adaptive TLBO,20260852,18,14,93.876,23.469,0.0,0,0,92.5,1.72,0.48,0.1905,0.2434
Complete Adaptive TLBO,20260852,18,15,93.876,23.469,0.0,0,0,92.5,1.7,0.475,0.182,0.2468
Complete Adaptive TLBO,20260852,18,16,93.9252,23.4751,0.0,0,0,92.5,1.68,0.47,0.1737,0.2425
Complete Adaptive TLBO,20260852,18,17,93.9252,23.4813,0.0,0,0,92.5,1.66,0.465,0.1657,0.2486
Complete Adaptive TLBO,20260852,18,18,93.9252,23.4813,0.0,0,0,92.5,1.64,0.46,0.1579,0.2352
Complete Adaptive TLBO,20260852,18,19,93.9532,35.2255,0.0,0,0,92.5,1.62,0.455,0.1503,0.2729
Complete Adaptive TLBO,20260852,18,20,93.9532,58.489,0.0,0,0,92.5,1.6,0.45,0.143,0.2161
Complete Adaptive TLBO,20260852,18,21,93.9532,35.1139,0.0,0,0,92.5,1.58,0.445,0.1359,0.2371
Complete Adaptive TLBO,20260852,18,22,93.9532,35.0227,0.0,0,0,92.5,1.56,0.44,0.1291,0.2689
Complete Adaptive TLBO,20260852,18,23,93.9532,35.1385,0.0,0,0,92.5,1.54,0.435,0.1225,0.2214
Complete Adaptive TLBO,20260852,18,24,93.96,23.4891,0.0,0,0,92.5,1.52,0.43,0.1161,0.2948
Complete Adaptive TLBO,20260852,18,25,93.96,23.49,0.0,0,0,92.5,1.5,0.425,0.11,0.2705
Complete Adaptive TLBO,20260852,18,26,93.96,23.49,0.0,0,0,92.5,1.48,0.42,0.1041,0.217
Complete Adaptive TLBO,20260852,18,27,93.96,23.49,0.0,0,0,92.5,1.46,0.415,0.0985,0.2619
Complete Adaptive TLBO,20260852,18,28,93.96,23.49,0.0,0,0,92.5,1.44,0.41,0.0931,0.2368
Complete Adaptive TLBO,20260852,18,29,93.964,35.1564,0.0,0,0,92.5,1.42,0.405,0.0879,0.2846
Complete Adaptive TLBO,20260852,18,30,93.964,35.1861,0.0,0,0,92.5,1.4,0.4,0.083,0.2242
Complete Adaptive TLBO,20260852,18,31,93.964,46.785,0.0,0,0,92.5,1.38,0.395,0.0783,0.2436
Complete Adaptive TLBO,20260852,18,32,93.964,35.1183,0.0,0,0,92.5,1.36,0.39,0.0739,0.2502
Complete Adaptive TLBO,20260852,18,33,93.964,23.491,0.0,0,0,92.5,1.34,0.385,0.0697,0.2727
Complete Adaptive TLBO,20260852,18,34,93.964,23.491,0.0,0,0,92.5,1.32,0.38,0.0657,0.2499
Complete Adaptive TLBO,20260852,18,35,93.964,35.1131,0.0,0,0,92.5,1.3,0.375,0.062,0.1806
Complete Adaptive TLBO,20260852,18,36,93.964,70.2023,0.0,0,0,92.5,1.28,0.37,0.0585,0.1907
Complete Adaptive TLBO,20260852,18,37,93.964,93.6458,92.9768,0,0,92.5,1.26,0.365,0.0553,0.1917
Complete Adaptive TLBO,20260852,18,38,93.964,93.7859,93.3416,0,0,92.5,1.24,0.36,0.0523,0.1578
Complete Adaptive TLBO,20260852,18,39,93.964,93.8637,93.4082,0,0,92.5,1.22,0.355,0.0495,0.127
Complete Adaptive TLBO,20260852,18,40,93.964,93.9331,93.7172,0,0,92.5,1.2,0.35,0.047,0.1397
Complete Adaptive TLBO,20260852,18,41,93.964,93.964,93.964,0,0,92.5,1.18,0.345,0.0447,0.1035
Complete Adaptive TLBO,20260852,18,42,93.964,93.964,93.964,0,0,92.5,1.16,0.34,0.0427,0.1169
Complete Adaptive TLBO,20260852,18,43,93.964,93.964,93.964,0,0,92.5,1.14,0.335,0.0409,0.0949
Complete Adaptive TLBO,20260852,18,44,93.964,93.964,93.964,0,0,92.5,1.12,0.33,0.0393,0.1139
Complete Adaptive TLBO,20260852,18,45,93.964,93.964,93.964,0,0,92.5,1.1,0.325,0.038,0.0973
Complete Adaptive TLBO,20260852,18,46,93.964,93.964,93.964,0,0,92.5,1.08,0.32,0.0369,0.1009
Complete Adaptive TLBO,20260852,18,47,93.964,93.964,93.964,0,0,92.5,1.06,0.315,0.0361,0.0955
Complete Adaptive TLBO,20260852,18,48,93.964,93.964,93.964,0,0,92.5,1.04,0.31,0.0355,0.1118
Complete Adaptive TLBO,20260852,18,49,93.964,93.964,93.964,0,0,92.5,1.02,0.305,0.0351,0.1094
Complete Adaptive TLBO,20260852,18,50,93.964,93.964,93.964,0,0,92.5,1.0,0.3,0.035,0.0966
Complete Adaptive TLBO,20260853,19,1,93.2464,23.2568,0.0,0,0,92.5,1.98,0.545,0.3231,0.2883
Complete Adaptive TLBO,20260853,19,2,93.2464,23.3116,0.0,0,0,92.5,1.96,0.54,0.3115,0.2845
Complete Adaptive TLBO,20260853,19,3,93.408,23.3318,0.0,0,0,92.5,1.94,0.535,0.3001,0.2736
Complete Adaptive TLBO,20260853,19,4,93.408,23.352,0.0,0,0,92.5,1.92,0.53,0.2889,0.2695
Complete Adaptive TLBO,20260853,19,5,93.408,23.352,0.0,0,0,92.5,1.9,0.525,0.278,0.2356
Complete Adaptive TLBO,20260853,19,6,93.408,23.352,0.0,0,0,92.5,1.88,0.52,0.2673,0.2355
Complete Adaptive TLBO,20260853,19,7,93.492,35.0385,0.0,0,0,92.5,1.86,0.515,0.2569,0.247
Complete Adaptive TLBO,20260853,19,8,93.5304,35.0538,0.0,0,0,92.5,1.84,0.51,0.2467,0.2647
Complete Adaptive TLBO,20260853,19,9,93.5304,23.3826,0.0,0,0,92.5,1.82,0.505,0.2367,0.2483
Complete Adaptive TLBO,20260853,19,10,93.6084,23.3993,0.0,0,0,92.5,1.8,0.5,0.227,0.2799
Complete Adaptive TLBO,20260853,19,11,93.6492,23.4072,0.0,0,0,92.5,1.78,0.495,0.2175,0.2824
Complete Adaptive TLBO,20260853,19,12,93.78,23.4286,0.0,0,0,92.5,1.76,0.49,0.2083,0.2706
Complete Adaptive TLBO,20260853,19,13,93.78,23.445,0.0,0,0,92.5,1.74,0.485,0.1993,0.2513
Complete Adaptive TLBO,20260853,19,14,93.78,23.445,0.0,0,0,92.5,1.72,0.48,0.1905,0.2461
Complete Adaptive TLBO,20260853,19,15,93.78,35.0975,0.0,0,0,92.5,1.7,0.475,0.182,0.2447
Complete Adaptive TLBO,20260853,19,16,93.78,35.0975,0.0,0,0,92.5,1.68,0.47,0.1737,0.2507
Complete Adaptive TLBO,20260853,19,17,93.78,23.445,0.0,0,0,92.5,1.66,0.465,0.1657,0.2592
Complete Adaptive TLBO,20260853,19,18,93.78,23.445,0.0,0,0,92.5,1.64,0.46,0.1579,0.2505
Complete Adaptive TLBO,20260853,19,19,93.784,23.4455,0.0,0,0,92.5,1.62,0.455,0.1503,0.265
Complete Adaptive TLBO,20260853,19,20,93.784,23.446,0.0,0,0,92.5,1.6,0.45,0.143,0.2426
Complete Adaptive TLBO,20260853,19,21,93.784,23.446,0.0,0,0,92.5,1.58,0.445,0.1359,0.2308
Complete Adaptive TLBO,20260853,19,22,93.832,23.452,0.0,0,0,92.5,1.56,0.44,0.1291,0.2732
Complete Adaptive TLBO,20260853,19,23,93.832,35.181,0.0,0,0,92.5,1.54,0.435,0.1225,0.2491
Complete Adaptive TLBO,20260853,19,24,93.832,23.458,0.0,0,0,92.5,1.52,0.43,0.1161,0.2291
Complete Adaptive TLBO,20260853,19,25,93.832,23.458,0.0,0,0,92.5,1.5,0.425,0.11,0.2305
Complete Adaptive TLBO,20260853,19,26,93.832,23.458,0.0,0,0,92.5,1.48,0.42,0.1041,0.2402
Complete Adaptive TLBO,20260853,19,27,93.832,35.142,0.0,0,0,92.5,1.46,0.415,0.0985,0.2159
Complete Adaptive TLBO,20260853,19,28,93.832,35.142,0.0,0,0,92.5,1.44,0.41,0.0931,0.2451
Complete Adaptive TLBO,20260853,19,29,93.832,23.458,0.0,0,0,92.5,1.42,0.405,0.0879,0.2491
Complete Adaptive TLBO,20260853,19,30,93.832,23.458,0.0,0,0,92.5,1.4,0.4,0.083,0.2292
Complete Adaptive TLBO,20260853,19,31,93.832,23.458,0.0,0,0,92.5,1.38,0.395,0.0783,0.2515
Complete Adaptive TLBO,20260853,19,32,93.832,23.458,0.0,0,0,92.5,1.36,0.39,0.0739,0.2687
Complete Adaptive TLBO,20260853,19,33,93.832,23.458,0.0,0,0,92.5,1.34,0.385,0.0697,0.2564
Complete Adaptive TLBO,20260853,19,34,93.832,23.458,0.0,0,0,92.5,1.32,0.38,0.0657,0.257
Complete Adaptive TLBO,20260853,19,35,93.832,46.6716,0.0,0,0,92.5,1.3,0.375,0.062,0.2119
Complete Adaptive TLBO,20260853,19,36,93.862,58.5265,0.0,0,0,92.5,1.28,0.37,0.0585,0.2285
Complete Adaptive TLBO,20260853,19,37,93.862,81.9716,0.0,0,0,92.5,1.26,0.365,0.0553,0.2097
Complete Adaptive TLBO,20260853,19,38,93.866,93.7282,93.2152,0,0,92.5,1.24,0.36,0.0523,0.2021
Complete Adaptive TLBO,20260853,19,39,93.866,93.81,93.6532,0,0,92.5,1.22,0.355,0.0495,0.2036
Complete Adaptive TLBO,20260853,19,40,93.866,93.8366,93.7032,0,0,92.5,1.2,0.35,0.047,0.1671
Complete Adaptive TLBO,20260853,19,41,93.866,93.8575,93.832,0,0,92.5,1.18,0.345,0.0447,0.1548
Complete Adaptive TLBO,20260853,19,42,93.866,93.8648,93.86,0,0,92.5,1.16,0.34,0.0427,0.1376
Complete Adaptive TLBO,20260853,19,43,93.866,93.8655,93.862,0,0,92.5,1.14,0.335,0.0409,0.1216
Complete Adaptive TLBO,20260853,19,44,93.866,93.866,93.866,0,0,92.5,1.12,0.33,0.0393,0.0956
Complete Adaptive TLBO,20260853,19,45,93.866,93.866,93.866,0,0,92.5,1.1,0.325,0.038,0.0865
Complete Adaptive TLBO,20260853,19,46,93.866,93.866,93.866,0,0,92.5,1.08,0.32,0.0369,0.1041
Complete Adaptive TLBO,20260853,19,47,93.866,93.866,93.866,0,0,92.5,1.06,0.315,0.0361,0.1226
Complete Adaptive TLBO,20260853,19,48,93.866,93.866,93.866,0,0,92.5,1.04,0.31,0.0355,0.1075
Complete Adaptive TLBO,20260853,19,49,93.866,93.866,93.866,0,0,92.5,1.02,0.305,0.0351,0.0981
Complete Adaptive TLBO,20260853,19,50,93.866,93.866,93.866,0,0,92.5,1.0,0.3,0.035,0.1046
Complete Adaptive TLBO,20260854,20,1,93.6208,46.5262,0.0,0,0,92.5,1.98,0.545,0.3231,0.3011
Complete Adaptive TLBO,20260854,20,2,93.7552,35.0754,0.0,0,0,92.5,1.96,0.54,0.3115,0.2793
Complete Adaptive TLBO,20260854,20,3,93.8276,35.1534,0.0,0,0,92.5,1.94,0.535,0.3001,0.2835
Complete Adaptive TLBO,20260854,20,4,93.92,35.1846,0.0,0,0,92.5,1.92,0.53,0.2889,0.2815
Complete Adaptive TLBO,20260854,20,5,93.92,35.212,0.0,0,0,92.5,1.9,0.525,0.278,0.2552
Complete Adaptive TLBO,20260854,20,6,93.92,23.48,0.0,0,0,92.5,1.88,0.52,0.2673,0.2331
Complete Adaptive TLBO,20260854,20,7,93.9692,35.2262,0.0,0,0,92.5,1.86,0.515,0.2569,0.2303
Complete Adaptive TLBO,20260854,20,8,93.9692,35.1003,0.0,0,0,92.5,1.84,0.51,0.2467,0.2336
Complete Adaptive TLBO,20260854,20,9,93.9692,46.9044,0.0,0,0,92.5,1.82,0.505,0.2367,0.2292
Complete Adaptive TLBO,20260854,20,10,93.9692,23.4923,0.0,0,0,92.5,1.8,0.5,0.227,0.2223
Complete Adaptive TLBO,20260854,20,11,93.9692,23.4923,0.0,0,0,92.5,1.78,0.495,0.2175,0.2516
Complete Adaptive TLBO,20260854,20,12,93.9692,23.4923,0.0,0,0,92.5,1.76,0.49,0.2083,0.2496
Complete Adaptive TLBO,20260854,20,13,93.9692,23.4923,0.0,0,0,92.5,1.74,0.485,0.1993,0.2286
Complete Adaptive TLBO,20260854,20,14,93.9692,23.4923,0.0,0,0,92.5,1.72,0.48,0.1905,0.2449
Complete Adaptive TLBO,20260854,20,15,93.9692,23.4923,0.0,0,0,92.5,1.7,0.475,0.182,0.263
Complete Adaptive TLBO,20260854,20,16,93.9692,23.4923,0.0,0,0,92.5,1.68,0.47,0.1737,0.2389
Complete Adaptive TLBO,20260854,20,17,93.9692,23.4923,0.0,0,0,92.5,1.66,0.465,0.1657,0.2549
Complete Adaptive TLBO,20260854,20,18,93.9692,23.4923,0.0,0,0,92.5,1.64,0.46,0.1579,0.24
Complete Adaptive TLBO,20260854,20,19,93.9692,23.4923,0.0,0,0,92.5,1.62,0.455,0.1503,0.2739
Complete Adaptive TLBO,20260854,20,20,93.9692,23.4923,0.0,0,0,92.5,1.6,0.45,0.143,0.247
Complete Adaptive TLBO,20260854,20,21,93.9692,23.4923,0.0,0,0,92.5,1.58,0.445,0.1359,0.2605
Complete Adaptive TLBO,20260854,20,22,93.9692,35.1623,0.0,0,0,92.5,1.56,0.44,0.1291,0.2386
Complete Adaptive TLBO,20260854,20,23,93.9752,23.4931,0.0,0,0,92.5,1.54,0.435,0.1225,0.2755
Complete Adaptive TLBO,20260854,20,24,93.9752,23.4938,0.0,0,0,92.5,1.52,0.43,0.1161,0.2372
Complete Adaptive TLBO,20260854,20,25,93.9752,23.4938,0.0,0,0,92.5,1.5,0.425,0.11,0.2185
Complete Adaptive TLBO,20260854,20,26,94.028,23.5004,0.0,0,0,92.5,1.48,0.42,0.1041,0.2668
Complete Adaptive TLBO,20260854,20,27,94.028,23.507,0.0,0,0,92.5,1.46,0.415,0.0985,0.2458
Complete Adaptive TLBO,20260854,20,28,94.028,35.2605,0.0,0,0,92.5,1.44,0.41,0.0931,0.2574
Complete Adaptive TLBO,20260854,20,29,94.028,23.507,0.0,0,0,92.5,1.42,0.405,0.0879,0.2451
Complete Adaptive TLBO,20260854,20,30,94.028,35.2605,0.0,0,0,92.5,1.4,0.4,0.083,0.2172
Complete Adaptive TLBO,20260854,20,31,94.028,23.507,0.0,0,0,92.5,1.38,0.395,0.0783,0.2331
Complete Adaptive TLBO,20260854,20,32,94.028,23.507,0.0,0,0,92.5,1.36,0.39,0.0739,0.2533
Complete Adaptive TLBO,20260854,20,33,94.044,23.509,0.0,0,0,92.5,1.34,0.385,0.0697,0.2685
Complete Adaptive TLBO,20260854,20,34,94.044,35.2645,0.0,0,0,92.5,1.32,0.38,0.0657,0.2237
Complete Adaptive TLBO,20260854,20,35,94.044,47.02,0.0,0,0,92.5,1.3,0.375,0.062,0.2135
Complete Adaptive TLBO,20260854,20,36,94.044,58.7755,0.0,0,0,92.5,1.28,0.37,0.0585,0.1609
Complete Adaptive TLBO,20260854,20,37,94.044,82.222,0.0,0,0,92.5,1.26,0.365,0.0553,0.1509
Complete Adaptive TLBO,20260854,20,38,94.044,93.9916,93.6408,0,0,92.5,1.24,0.36,0.0523,0.1602
Complete Adaptive TLBO,20260854,20,39,94.044,94.042,94.028,0,0,92.5,1.22,0.355,0.0495,0.1099
Complete Adaptive TLBO,20260854,20,40,94.044,94.044,94.044,0,0,92.5,1.2,0.35,0.047,0.1002
Complete Adaptive TLBO,20260854,20,41,94.044,94.044,94.044,0,0,92.5,1.18,0.345,0.0447,0.1209
Complete Adaptive TLBO,20260854,20,42,94.044,94.044,94.044,0,0,92.5,1.16,0.34,0.0427,0.0967
Complete Adaptive TLBO,20260854,20,43,94.044,94.044,94.044,0,0,92.5,1.14,0.335,0.0409,0.119
Complete Adaptive TLBO,20260854,20,44,94.044,94.044,94.044,0,0,92.5,1.12,0.33,0.0393,0.118
Complete Adaptive TLBO,20260854,20,45,94.044,94.044,94.044,0,0,92.5,1.1,0.325,0.038,0.119
Complete Adaptive TLBO,20260854,20,46,94.044,94.044,94.044,0,0,92.5,1.08,0.32,0.0369,0.0998
Complete Adaptive TLBO,20260854,20,47,94.044,94.044,94.044,0,0,92.5,1.06,0.315,0.0361,0.1084
Complete Adaptive TLBO,20260854,20,48,94.044,94.044,94.044,0,0,92.5,1.04,0.31,0.0355,0.1378
Complete Adaptive TLBO,20260854,20,49,94.044,94.044,94.044,0,0,92.5,1.02,0.305,0.0351,0.094
Complete Adaptive TLBO,20260854,20,50,94.044,94.044,94.044,0,0,92.5,1.0,0.3,0.035,0.1108
Complete Adaptive TLBO,20260855,21,1,93.3932,34.9385,0.0,0,0,92.5,1.98,0.545,0.3231,0.2781
Complete Adaptive TLBO,20260855,21,2,93.426,23.3524,0.0,0,0,92.5,1.96,0.54,0.3115,0.2938
Complete Adaptive TLBO,20260855,21,3,93.5388,34.9923,0.0,0,0,92.5,1.94,0.535,0.3001,0.2977
Complete Adaptive TLBO,20260855,21,4,93.5988,35.0139,0.0,0,0,92.5,1.92,0.53,0.2889,0.268
Complete Adaptive TLBO,20260855,21,5,93.5988,35.0996,0.0,0,0,92.5,1.9,0.525,0.278,0.2541
Complete Adaptive TLBO,20260855,21,6,93.5988,23.3997,0.0,0,0,92.5,1.88,0.52,0.2673,0.2372
Complete Adaptive TLBO,20260855,21,7,93.5988,23.3997,0.0,0,0,92.5,1.86,0.515,0.2569,0.2396
Complete Adaptive TLBO,20260855,21,8,93.7212,23.415,0.0,0,0,92.5,1.84,0.51,0.2467,0.2643
Complete Adaptive TLBO,20260855,21,9,93.81,23.4464,0.0,0,0,92.5,1.82,0.505,0.2367,0.3011
Complete Adaptive TLBO,20260855,21,10,93.81,23.4525,0.0,0,0,92.5,1.8,0.5,0.227,0.2684
Complete Adaptive TLBO,20260855,21,11,93.81,23.4525,0.0,0,0,92.5,1.78,0.495,0.2175,0.2398
Complete Adaptive TLBO,20260855,21,12,93.81,23.4525,0.0,0,0,92.5,1.76,0.49,0.2083,0.2425
Complete Adaptive TLBO,20260855,21,13,93.81,23.4525,0.0,0,0,92.5,1.74,0.485,0.1993,0.2366
Complete Adaptive TLBO,20260855,21,14,93.81,23.4525,0.0,0,0,92.5,1.72,0.48,0.1905,0.2575
Complete Adaptive TLBO,20260855,21,15,93.816,23.4533,0.0,0,0,92.5,1.7,0.475,0.182,0.2912
Complete Adaptive TLBO,20260855,21,16,93.816,23.454,0.0,0,0,92.5,1.68,0.47,0.1737,0.2463
Complete Adaptive TLBO,20260855,21,17,93.816,23.454,0.0,0,0,92.5,1.66,0.465,0.1657,0.2359
Complete Adaptive TLBO,20260855,21,18,93.864,23.46,0.0,0,0,92.5,1.64,0.46,0.1579,0.2583
Complete Adaptive TLBO,20260855,21,19,93.89,23.4693,0.0,0,0,92.5,1.62,0.455,0.1503,0.2655
Complete Adaptive TLBO,20260855,21,20,93.9392,23.4848,0.0,0,0,92.5,1.6,0.45,0.143,0.2976
Complete Adaptive TLBO,20260855,21,21,93.9392,23.4848,0.0,0,0,92.5,1.58,0.445,0.1359,0.2369
Complete Adaptive TLBO,20260855,21,22,93.9392,23.4848,0.0,0,0,92.5,1.56,0.44,0.1291,0.262
Complete Adaptive TLBO,20260855,21,23,93.9392,35.0424,0.0,0,0,92.5,1.54,0.435,0.1225,0.2304
Complete Adaptive TLBO,20260855,21,24,93.9392,23.4848,0.0,0,0,92.5,1.52,0.43,0.1161,0.2435
Complete Adaptive TLBO,20260855,21,25,93.9392,35.0014,0.0,0,0,92.5,1.5,0.425,0.11,0.2558
Complete Adaptive TLBO,20260855,21,26,93.9392,23.4848,0.0,0,0,92.5,1.48,0.42,0.1041,0.2734
Complete Adaptive TLBO,20260855,21,27,93.9392,23.4848,0.0,0,0,92.5,1.46,0.415,0.0985,0.2414
Complete Adaptive TLBO,20260855,21,28,94.01,23.4937,0.0,0,0,92.5,1.44,0.41,0.0931,0.2685
Complete Adaptive TLBO,20260855,21,29,94.01,35.0374,0.0,0,0,92.5,1.42,0.405,0.0879,0.2418
Complete Adaptive TLBO,20260855,21,30,94.01,35.0374,0.0,0,0,92.5,1.4,0.4,0.083,0.2416
Complete Adaptive TLBO,20260855,21,31,94.01,23.5025,0.0,0,0,92.5,1.38,0.395,0.0783,0.2622
Complete Adaptive TLBO,20260855,21,32,94.01,23.5025,0.0,0,0,92.5,1.36,0.39,0.0739,0.2307
Complete Adaptive TLBO,20260855,21,33,94.01,35.0854,0.0,0,0,92.5,1.34,0.385,0.0697,0.2631
Complete Adaptive TLBO,20260855,21,34,94.01,35.0707,0.0,0,0,92.5,1.32,0.38,0.0657,0.2542
Complete Adaptive TLBO,20260855,21,35,94.01,58.4982,0.0,0,0,92.5,1.3,0.375,0.062,0.2035
Complete Adaptive TLBO,20260855,21,36,94.038,70.253,0.0,0,0,92.5,1.28,0.37,0.0585,0.2158
Complete Adaptive TLBO,20260855,21,37,94.038,82.0113,0.0,0,0,92.5,1.26,0.365,0.0553,0.1913
Complete Adaptive TLBO,20260855,21,38,94.038,93.8491,93.248,0,0,92.5,1.24,0.36,0.0523,0.1757
Complete Adaptive TLBO,20260855,21,39,94.038,93.9513,93.6584,0,0,92.5,1.22,0.355,0.0495,0.1631
Complete Adaptive TLBO,20260855,21,40,94.038,93.9988,93.7244,0,0,92.5,1.2,0.35,0.047,0.1379
Complete Adaptive TLBO,20260855,21,41,94.038,94.038,94.038,0,0,92.5,1.18,0.345,0.0447,0.0912
Complete Adaptive TLBO,20260855,21,42,94.06,94.0408,94.038,0,0,92.5,1.16,0.34,0.0427,0.1065
Complete Adaptive TLBO,20260855,21,43,94.06,94.0517,94.038,0,0,92.5,1.14,0.335,0.0409,0.1215
Complete Adaptive TLBO,20260855,21,44,94.06,94.0572,94.038,0,0,92.5,1.12,0.33,0.0393,0.1262
Complete Adaptive TLBO,20260855,21,45,94.06,94.06,94.06,0,0,92.5,1.1,0.325,0.038,0.1038
Complete Adaptive TLBO,20260855,21,46,94.06,94.06,94.06,0,0,92.5,1.08,0.32,0.0369,0.0907
Complete Adaptive TLBO,20260855,21,47,94.06,94.06,94.06,0,0,92.5,1.06,0.315,0.0361,0.1064
Complete Adaptive TLBO,20260855,21,48,94.06,94.06,94.06,0,0,92.5,1.04,0.31,0.0355,0.0918
Complete Adaptive TLBO,20260855,21,49,94.09,94.0637,94.06,0,0,92.5,1.02,0.305,0.0351,0.1329
Complete Adaptive TLBO,20260855,21,50,94.09,94.0825,94.06,0,0,92.5,1.0,0.3,0.035,0.1207
Complete Adaptive TLBO,20260856,22,1,93.388,23.323,0.0,0,0,92.5,1.98,0.545,0.3231,0.2949
Complete Adaptive TLBO,20260856,22,2,93.6064,23.3827,0.0,0,0,92.5,1.96,0.54,0.3115,0.3196
Complete Adaptive TLBO,20260856,22,3,93.6064,23.4016,0.0,0,0,92.5,1.94,0.535,0.3001,0.2721
Complete Adaptive TLBO,20260856,22,4,93.7124,23.4197,0.0,0,0,92.5,1.92,0.53,0.2889,0.2914
Complete Adaptive TLBO,20260856,22,5,93.7952,23.4393,0.0,0,0,92.5,1.9,0.525,0.278,0.3036
Complete Adaptive TLBO,20260856,22,6,93.932,35.1919,0.0,0,0,92.5,1.88,0.52,0.2673,0.2639
Complete Adaptive TLBO,20260856,22,7,93.932,23.483,0.0,0,0,92.5,1.86,0.515,0.2569,0.2505
Complete Adaptive TLBO,20260856,22,8,93.932,23.483,0.0,0,0,92.5,1.84,0.51,0.2467,0.2409
Complete Adaptive TLBO,20260856,22,9,93.932,23.483,0.0,0,0,92.5,1.82,0.505,0.2367,0.2466
Complete Adaptive TLBO,20260856,22,10,93.932,23.483,0.0,0,0,92.5,1.8,0.5,0.227,0.2324
Complete Adaptive TLBO,20260856,22,11,93.932,35.0311,0.0,0,0,92.5,1.78,0.495,0.2175,0.2195
Complete Adaptive TLBO,20260856,22,12,93.932,23.483,0.0,0,0,92.5,1.76,0.49,0.2083,0.2605
Complete Adaptive TLBO,20260856,22,13,93.932,23.483,0.0,0,0,92.5,1.74,0.485,0.1993,0.2361
Complete Adaptive TLBO,20260856,22,14,93.932,23.483,0.0,0,0,92.5,1.72,0.48,0.1905,0.2452
Complete Adaptive TLBO,20260856,22,15,93.932,23.483,0.0,0,0,92.5,1.7,0.475,0.182,0.2387
Complete Adaptive TLBO,20260856,22,16,93.9812,23.4892,0.0,0,0,92.5,1.68,0.47,0.1737,0.2619
Complete Adaptive TLBO,20260856,22,17,93.9812,23.4953,0.0,0,0,92.5,1.66,0.465,0.1657,0.2303
Complete Adaptive TLBO,20260856,22,18,93.9812,23.4953,0.0,0,0,92.5,1.64,0.46,0.1579,0.2612
Complete Adaptive TLBO,20260856,22,19,93.9812,23.4953,0.0,0,0,92.5,1.62,0.455,0.1503,0.2341
Complete Adaptive TLBO,20260856,22,20,93.9812,23.4953,0.0,0,0,92.5,1.6,0.45,0.143,0.218
Complete Adaptive TLBO,20260856,22,21,94.034,23.5019,0.0,0,0,92.5,1.58,0.445,0.1359,0.2825
Complete Adaptive TLBO,20260856,22,22,94.034,23.5085,0.0,0,0,92.5,1.56,0.44,0.1291,0.2316
Complete Adaptive TLBO,20260856,22,23,94.064,23.5123,0.0,0,0,92.5,1.54,0.435,0.1225,0.2673
Complete Adaptive TLBO,20260856,22,24,94.064,23.516,0.0,0,0,92.5,1.52,0.43,0.1161,0.2505
Complete Adaptive TLBO,20260856,22,25,94.064,23.516,0.0,0,0,92.5,1.5,0.425,0.11,0.2609
Complete Adaptive TLBO,20260856,22,26,94.064,23.516,0.0,0,0,92.5,1.48,0.42,0.1041,0.2656
Complete Adaptive TLBO,20260856,22,27,94.064,23.516,0.0,0,0,92.5,1.46,0.415,0.0985,0.2434
Complete Adaptive TLBO,20260856,22,28,94.064,23.516,0.0,0,0,92.5,1.44,0.41,0.0931,0.2688
Complete Adaptive TLBO,20260856,22,29,94.064,46.8944,0.0,0,0,92.5,1.42,0.405,0.0879,0.2451
Complete Adaptive TLBO,20260856,22,30,94.064,35.15,0.0,0,0,92.5,1.4,0.4,0.083,0.2726
Complete Adaptive TLBO,20260856,22,31,94.064,35.15,0.0,0,0,92.5,1.38,0.395,0.0783,0.2604
Complete Adaptive TLBO,20260856,22,32,94.064,35.15,0.0,0,0,92.5,1.36,0.39,0.0739,0.2615
Complete Adaptive TLBO,20260856,22,33,94.064,23.516,0.0,0,0,92.5,1.34,0.385,0.0697,0.2465
Complete Adaptive TLBO,20260856,22,34,94.064,23.516,0.0,0,0,92.5,1.32,0.38,0.0657,0.2301
Complete Adaptive TLBO,20260856,22,35,94.064,23.516,0.0,0,0,92.5,1.3,0.375,0.062,0.1969
Complete Adaptive TLBO,20260856,22,36,94.064,35.274,0.0,0,0,92.5,1.28,0.37,0.0585,0.1929
Complete Adaptive TLBO,20260856,22,37,94.064,70.4747,0.0,0,0,92.5,1.26,0.365,0.0553,0.1909
Complete Adaptive TLBO,20260856,22,38,94.064,93.9156,93.4636,0,0,92.5,1.24,0.36,0.0523,0.1656
Complete Adaptive TLBO,20260856,22,39,94.064,93.9952,93.7084,0,0,92.5,1.22,0.355,0.0495,0.1445
Complete Adaptive TLBO,20260856,22,40,94.064,94.0397,93.8696,0,0,92.5,1.2,0.35,0.047,0.1164
Complete Adaptive TLBO,20260856,22,41,94.064,94.064,94.064,0,0,92.5,1.18,0.345,0.0447,0.1098
Complete Adaptive TLBO,20260856,22,42,94.064,94.064,94.064,0,0,92.5,1.16,0.34,0.0427,0.1039
Complete Adaptive TLBO,20260856,22,43,94.064,94.064,94.064,0,0,92.5,1.14,0.335,0.0409,0.0892
Complete Adaptive TLBO,20260856,22,44,94.064,94.064,94.064,0,0,92.5,1.12,0.33,0.0393,0.1068
Complete Adaptive TLBO,20260856,22,45,94.064,94.064,94.064,0,0,92.5,1.1,0.325,0.038,0.0996
Complete Adaptive TLBO,20260856,22,46,94.064,94.064,94.064,0,0,92.5,1.08,0.32,0.0369,0.1146
Complete Adaptive TLBO,20260856,22,47,94.064,94.064,94.064,0,0,92.5,1.06,0.315,0.0361,0.1016
Complete Adaptive TLBO,20260856,22,48,94.064,94.064,94.064,0,0,92.5,1.04,0.31,0.0355,0.1034
Complete Adaptive TLBO,20260856,22,49,94.064,94.064,94.064,0,0,92.5,1.02,0.305,0.0351,0.0844
Complete Adaptive TLBO,20260856,22,50,94.064,94.064,94.064,0,0,92.5,1.0,0.3,0.035,0.1095
Complete Adaptive TLBO,20260857,23,1,93.4888,23.2397,0.0,0,0,92.5,1.98,0.545,0.3231,0.3529
Complete Adaptive TLBO,20260857,23,2,93.5724,23.3826,0.0,0,0,92.5,1.96,0.54,0.3115,0.3335
Complete Adaptive TLBO,20260857,23,3,93.6592,35.09,0.0,0,0,92.5,1.94,0.535,0.3001,0.3274
Complete Adaptive TLBO,20260857,23,4,93.748,23.4314,0.0,0,0,92.5,1.92,0.53,0.2889,0.3696
Complete Adaptive TLBO,20260857,23,5,93.748,23.437,0.0,0,0,92.5,1.9,0.525,0.278,0.3039
Complete Adaptive TLBO,20260857,23,6,93.748,23.437,0.0,0,0,92.5,1.88,0.52,0.2673,0.2613
Complete Adaptive TLBO,20260857,23,7,93.748,23.437,0.0,0,0,92.5,1.86,0.515,0.2569,0.2522
Complete Adaptive TLBO,20260857,23,8,93.748,23.437,0.0,0,0,92.5,1.84,0.51,0.2467,0.2413
Complete Adaptive TLBO,20260857,23,9,93.748,23.437,0.0,0,0,92.5,1.82,0.505,0.2367,0.2644
Complete Adaptive TLBO,20260857,23,10,93.748,23.437,0.0,0,0,92.5,1.8,0.5,0.227,0.267
Complete Adaptive TLBO,20260857,23,11,93.778,35.1065,0.0,0,0,92.5,1.78,0.495,0.2175,0.2826
Complete Adaptive TLBO,20260857,23,12,93.778,23.4445,0.0,0,0,92.5,1.76,0.49,0.2083,0.2558
Complete Adaptive TLBO,20260857,23,13,93.778,35.0868,0.0,0,0,92.5,1.74,0.485,0.1993,0.2356
Complete Adaptive TLBO,20260857,23,14,93.778,23.4445,0.0,0,0,92.5,1.72,0.48,0.1905,0.2417
Complete Adaptive TLBO,20260857,23,15,93.826,35.1115,0.0,0,0,92.5,1.7,0.475,0.182,0.2778
Complete Adaptive TLBO,20260857,23,16,93.8752,23.4627,0.0,0,0,92.5,1.68,0.47,0.1737,0.2921
Complete Adaptive TLBO,20260857,23,17,93.8752,23.4688,0.0,0,0,92.5,1.66,0.465,0.1657,0.2595
Complete Adaptive TLBO,20260857,23,18,93.8752,23.4688,0.0,0,0,92.5,1.64,0.46,0.1579,0.2579
Complete Adaptive TLBO,20260857,23,19,93.8752,23.4688,0.0,0,0,92.5,1.62,0.455,0.1503,0.2418
Complete Adaptive TLBO,20260857,23,20,93.8752,23.4688,0.0,0,0,92.5,1.6,0.45,0.143,0.2627
Complete Adaptive TLBO,20260857,23,21,93.8752,23.4688,0.0,0,0,92.5,1.58,0.445,0.1359,0.26
Complete Adaptive TLBO,20260857,23,22,93.8752,23.4688,0.0,0,0,92.5,1.56,0.44,0.1291,0.2744
Complete Adaptive TLBO,20260857,23,23,93.8752,34.987,0.0,0,0,92.5,1.54,0.435,0.1225,0.2767
Complete Adaptive TLBO,20260857,23,24,93.8752,23.4688,0.0,0,0,92.5,1.52,0.43,0.1161,0.2518
Complete Adaptive TLBO,20260857,23,25,93.928,23.4754,0.0,0,0,92.5,1.5,0.425,0.11,0.2892
Complete Adaptive TLBO,20260857,23,26,93.928,23.482,0.0,0,0,92.5,1.48,0.42,0.1041,0.2689
Complete Adaptive TLBO,20260857,23,27,93.928,23.482,0.0,0,0,92.5,1.46,0.415,0.0985,0.2624
Complete Adaptive TLBO,20260857,23,28,93.928,35.223,0.0,0,0,92.5,1.44,0.41,0.0931,0.2545
Complete Adaptive TLBO,20260857,23,29,93.928,35.223,0.0,0,0,92.5,1.42,0.405,0.0879,0.2133
Complete Adaptive TLBO,20260857,23,30,93.928,35.223,0.0,0,0,92.5,1.4,0.4,0.083,0.2334
Complete Adaptive TLBO,20260857,23,31,93.928,35.1932,0.0,0,0,92.5,1.38,0.395,0.0783,0.2386
Complete Adaptive TLBO,20260857,23,32,93.928,23.482,0.0,0,0,92.5,1.36,0.39,0.0739,0.2461
Complete Adaptive TLBO,20260857,23,33,93.928,23.482,0.0,0,0,92.5,1.34,0.385,0.0697,0.2784
Complete Adaptive TLBO,20260857,23,34,93.928,23.482,0.0,0,0,92.5,1.32,0.38,0.0657,0.2718
Complete Adaptive TLBO,20260857,23,35,93.928,35.136,0.0,0,0,92.5,1.3,0.375,0.062,0.2276
Complete Adaptive TLBO,20260857,23,36,93.928,58.4742,0.0,0,0,92.5,1.28,0.37,0.0585,0.2018
Complete Adaptive TLBO,20260857,23,37,93.928,70.3192,0.0,0,0,92.5,1.26,0.365,0.0553,0.1762
Complete Adaptive TLBO,20260857,23,38,93.928,82.0602,0.0,0,0,92.5,1.24,0.36,0.0523,0.164
Complete Adaptive TLBO,20260857,23,39,93.928,93.8394,93.5408,0,0,92.5,1.22,0.355,0.0495,0.1722
Complete Adaptive TLBO,20260857,23,40,93.928,93.9037,93.7336,0,0,92.5,1.2,0.35,0.047,0.1346
Complete Adaptive TLBO,20260857,23,41,93.928,93.928,93.928,0,0,92.5,1.18,0.345,0.0447,0.1074
Complete Adaptive TLBO,20260857,23,42,93.928,93.928,93.928,0,0,92.5,1.16,0.34,0.0427,0.0978
Complete Adaptive TLBO,20260857,23,43,93.928,93.928,93.928,0,0,92.5,1.14,0.335,0.0409,0.0954
Complete Adaptive TLBO,20260857,23,44,93.928,93.928,93.928,0,0,92.5,1.12,0.33,0.0393,0.1033
Complete Adaptive TLBO,20260857,23,45,93.928,93.928,93.928,0,0,92.5,1.1,0.325,0.038,0.0918
Complete Adaptive TLBO,20260857,23,46,93.928,93.928,93.928,0,0,92.5,1.08,0.32,0.0369,0.104
Complete Adaptive TLBO,20260857,23,47,93.928,93.928,93.928,0,0,92.5,1.06,0.315,0.0361,0.1049
Complete Adaptive TLBO,20260857,23,48,93.928,93.928,93.928,0,0,92.5,1.04,0.31,0.0355,0.0984
Complete Adaptive TLBO,20260857,23,49,93.928,93.928,93.928,0,0,92.5,1.02,0.305,0.0351,0.1267
Complete Adaptive TLBO,20260857,23,50,93.928,93.928,93.928,0,0,92.5,1.0,0.3,0.035,0.0984
Complete Adaptive TLBO,20260858,24,1,93.3072,23.2768,0.0,0,0,92.5,1.98,0.545,0.3231,0.3025
Complete Adaptive TLBO,20260858,24,2,93.536,23.3554,0.0,0,0,92.5,1.96,0.54,0.3115,0.3498
Complete Adaptive TLBO,20260858,24,3,93.6448,23.3976,0.0,0,0,92.5,1.94,0.535,0.3001,0.3132
Complete Adaptive TLBO,20260858,24,4,93.6844,23.4162,0.0,0,0,92.5,1.92,0.53,0.2889,0.2996
Complete Adaptive TLBO,20260858,24,5,93.6844,23.4211,0.0,0,0,92.5,1.9,0.525,0.278,0.2697
Complete Adaptive TLBO,20260858,24,6,93.6844,23.4211,0.0,0,0,92.5,1.88,0.52,0.2673,0.2667
Complete Adaptive TLBO,20260858,24,7,93.6844,35.0339,0.0,0,0,92.5,1.86,0.515,0.2569,0.2237
Complete Adaptive TLBO,20260858,24,8,93.904,35.1591,0.0,0,0,92.5,1.84,0.51,0.2467,0.3146
Complete Adaptive TLBO,20260858,24,9,93.904,35.1865,0.0,0,0,92.5,1.82,0.505,0.2367,0.2773
Complete Adaptive TLBO,20260858,24,10,93.932,35.19,0.0,0,0,92.5,1.8,0.5,0.227,0.2898
Complete Adaptive TLBO,20260858,24,11,93.932,35.1987,0.0,0,0,92.5,1.78,0.495,0.2175,0.2478
Complete Adaptive TLBO,20260858,24,12,94.034,23.4958,0.0,0,0,92.5,1.76,0.49,0.2083,0.2684
Complete Adaptive TLBO,20260858,24,13,94.034,35.25,0.0,0,0,92.5,1.74,0.485,0.1993,0.2967
Complete Adaptive TLBO,20260858,24,14,94.034,35.2628,0.0,0,0,92.5,1.72,0.48,0.1905,0.2328
Complete Adaptive TLBO,20260858,24,15,94.034,23.5085,0.0,0,0,92.5,1.7,0.475,0.182,0.2619
Complete Adaptive TLBO,20260858,24,16,94.034,23.5085,0.0,0,0,92.5,1.68,0.47,0.1737,0.2767
Complete Adaptive TLBO,20260858,24,17,94.034,23.5085,0.0,0,0,92.5,1.66,0.465,0.1657,0.2776
Complete Adaptive TLBO,20260858,24,18,94.034,23.5085,0.0,0,0,92.5,1.64,0.46,0.1579,0.273
Complete Adaptive TLBO,20260858,24,19,94.034,23.5085,0.0,0,0,92.5,1.62,0.455,0.1503,0.2776
Complete Adaptive TLBO,20260858,24,20,94.034,23.5085,0.0,0,0,92.5,1.6,0.45,0.143,0.2709
Complete Adaptive TLBO,20260858,24,21,94.034,23.5085,0.0,0,0,92.5,1.58,0.445,0.1359,0.2135
Complete Adaptive TLBO,20260858,24,22,94.034,23.5085,0.0,0,0,92.5,1.56,0.44,0.1291,0.2666
Complete Adaptive TLBO,20260858,24,23,94.034,23.5085,0.0,0,0,92.5,1.54,0.435,0.1225,0.2638
Complete Adaptive TLBO,20260858,24,24,94.034,23.5085,0.0,0,0,92.5,1.52,0.43,0.1161,0.2617
Complete Adaptive TLBO,20260858,24,25,94.034,23.5085,0.0,0,0,92.5,1.5,0.425,0.11,0.2626
Complete Adaptive TLBO,20260858,24,26,94.034,23.5085,0.0,0,0,92.5,1.48,0.42,0.1041,0.2738
Complete Adaptive TLBO,20260858,24,27,94.034,23.5085,0.0,0,0,92.5,1.46,0.415,0.0985,0.2562
Complete Adaptive TLBO,20260858,24,28,94.034,23.5085,0.0,0,0,92.5,1.44,0.41,0.0931,0.2555
Complete Adaptive TLBO,20260858,24,29,94.034,46.7649,0.0,0,0,92.5,1.42,0.405,0.0879,0.2491
Complete Adaptive TLBO,20260858,24,30,94.034,58.3926,0.0,0,0,92.5,1.4,0.4,0.083,0.2568
Complete Adaptive TLBO,20260858,24,31,94.034,23.5085,0.0,0,0,92.5,1.38,0.395,0.0783,0.2712
Complete Adaptive TLBO,20260858,24,32,94.034,23.5085,0.0,0,0,92.5,1.36,0.39,0.0739,0.2669
Complete Adaptive TLBO,20260858,24,33,94.034,35.0249,0.0,0,0,92.5,1.34,0.385,0.0697,0.2715
Complete Adaptive TLBO,20260858,24,34,94.034,23.5085,0.0,0,0,92.5,1.32,0.38,0.0657,0.264
Complete Adaptive TLBO,20260858,24,35,94.034,35.1246,0.0,0,0,92.5,1.3,0.375,0.062,0.2211
Complete Adaptive TLBO,20260858,24,36,94.034,46.9443,0.0,0,0,92.5,1.28,0.37,0.0585,0.2195
Complete Adaptive TLBO,20260858,24,37,94.034,70.3995,0.0,0,0,92.5,1.26,0.365,0.0553,0.2075
Complete Adaptive TLBO,20260858,24,38,94.034,82.1538,0.0,0,0,92.5,1.24,0.36,0.0523,0.1539
Complete Adaptive TLBO,20260858,24,39,94.034,93.908,93.452,0,0,92.5,1.22,0.355,0.0495,0.1627
Complete Adaptive TLBO,20260858,24,40,94.034,93.9808,93.608,0,0,92.5,1.2,0.35,0.047,0.1346
Complete Adaptive TLBO,20260858,24,41,94.034,94.034,94.034,0,0,92.5,1.18,0.345,0.0447,0.1178
Complete Adaptive TLBO,20260858,24,42,94.034,94.034,94.034,0,0,92.5,1.16,0.34,0.0427,0.1294
Complete Adaptive TLBO,20260858,24,43,94.034,94.034,94.034,0,0,92.5,1.14,0.335,0.0409,0.1083
Complete Adaptive TLBO,20260858,24,44,94.034,94.034,94.034,0,0,92.5,1.12,0.33,0.0393,0.1019
Complete Adaptive TLBO,20260858,24,45,94.034,94.034,94.034,0,0,92.5,1.1,0.325,0.038,0.101
Complete Adaptive TLBO,20260858,24,46,94.034,94.034,94.034,0,0,92.5,1.08,0.32,0.0369,0.1191
Complete Adaptive TLBO,20260858,24,47,94.034,94.034,94.034,0,0,92.5,1.06,0.315,0.0361,0.1189
Complete Adaptive TLBO,20260858,24,48,94.034,94.034,94.034,0,0,92.5,1.04,0.31,0.0355,0.1083
Complete Adaptive TLBO,20260858,24,49,94.034,94.034,94.034,0,0,92.5,1.02,0.305,0.0351,0.0952
Complete Adaptive TLBO,20260858,24,50,94.034,94.034,94.034,0,0,92.5,1.0,0.3,0.035,0.1
Complete Adaptive TLBO,20260859,25,1,93.304,23.3015,0.0,0,0,92.5,1.98,0.545,0.3231,0.3114
Complete Adaptive TLBO,20260859,25,2,93.304,23.326,0.0,0,0,92.5,1.96,0.54,0.3115,0.2911
Complete Adaptive TLBO,20260859,25,3,93.304,34.9365,0.0,0,0,92.5,1.94,0.535,0.3001,0.2501
Complete Adaptive TLBO,20260859,25,4,93.5164,34.8724,0.0,0,0,92.5,1.92,0.53,0.2889,0.267
Complete Adaptive TLBO,20260859,25,5,93.5944,23.3888,0.0,0,0,92.5,1.9,0.525,0.278,0.3359
Complete Adaptive TLBO,20260859,25,6,93.7216,23.4248,0.0,0,0,92.5,1.88,0.52,0.2673,0.5691
Complete Adaptive TLBO,20260859,25,7,93.7216,35.1401,0.0,0,0,92.5,1.86,0.515,0.2569,0.5591
Complete Adaptive TLBO,20260859,25,8,93.8712,35.1645,0.0,0,0,92.5,1.84,0.51,0.2467,0.4041
Complete Adaptive TLBO,20260859,25,9,93.986,23.4822,0.0,0,0,92.5,1.82,0.505,0.2367,0.3731
Complete Adaptive TLBO,20260859,25,10,93.986,23.4965,0.0,0,0,92.5,1.8,0.5,0.227,0.3076
Complete Adaptive TLBO,20260859,25,11,93.986,23.4965,0.0,0,0,92.5,1.78,0.495,0.2175,0.3025
Complete Adaptive TLBO,20260859,25,12,93.986,35.2448,0.0,0,0,92.5,1.76,0.49,0.2083,0.2322
Complete Adaptive TLBO,20260859,25,13,93.986,35.2448,0.0,0,0,92.5,1.74,0.485,0.1993,0.2153
Complete Adaptive TLBO,20260859,25,14,93.986,23.4965,0.0,0,0,92.5,1.72,0.48,0.1905,0.2284
Complete Adaptive TLBO,20260859,25,15,93.986,23.4965,0.0,0,0,92.5,1.7,0.475,0.182,0.261
Complete Adaptive TLBO,20260859,25,16,93.986,35.1014,0.0,0,0,92.5,1.68,0.47,0.1737,0.2519
Complete Adaptive TLBO,20260859,25,17,93.986,23.4965,0.0,0,0,92.5,1.66,0.465,0.1657,0.2788
Complete Adaptive TLBO,20260859,25,18,93.986,23.4965,0.0,0,0,92.5,1.64,0.46,0.1579,0.2681
Complete Adaptive TLBO,20260859,25,19,93.986,23.4965,0.0,0,0,92.5,1.62,0.455,0.1503,0.2494
Complete Adaptive TLBO,20260859,25,20,93.986,23.4965,0.0,0,0,92.5,1.6,0.45,0.143,0.2591
Complete Adaptive TLBO,20260859,25,21,93.986,23.4965,0.0,0,0,92.5,1.58,0.445,0.1359,0.2647
Complete Adaptive TLBO,20260859,25,22,93.986,23.4965,0.0,0,0,92.5,1.56,0.44,0.1291,0.2607
Complete Adaptive TLBO,20260859,25,23,93.986,23.4965,0.0,0,0,92.5,1.54,0.435,0.1225,0.2619
Complete Adaptive TLBO,20260859,25,24,93.986,23.4965,0.0,0,0,92.5,1.52,0.43,0.1161,0.2497
Complete Adaptive TLBO,20260859,25,25,93.986,35.1384,0.0,0,0,92.5,1.5,0.425,0.11,0.2335
Complete Adaptive TLBO,20260859,25,26,93.986,35.1534,0.0,0,0,92.5,1.48,0.42,0.1041,0.2571
Complete Adaptive TLBO,20260859,25,27,93.986,46.8419,0.0,0,0,92.5,1.46,0.415,0.0985,0.2418
Complete Adaptive TLBO,20260859,25,28,93.986,35.168,0.0,0,0,92.5,1.44,0.41,0.0931,0.2438
Complete Adaptive TLBO,20260859,25,29,93.986,23.4965,0.0,0,0,92.5,1.42,0.405,0.0879,0.2638
Complete Adaptive TLBO,20260859,25,30,93.986,23.4965,0.0,0,0,92.5,1.4,0.4,0.083,0.2822
Complete Adaptive TLBO,20260859,25,31,93.986,35.148,0.0,0,0,92.5,1.38,0.395,0.0783,0.2571
Complete Adaptive TLBO,20260859,25,32,93.986,23.4965,0.0,0,0,92.5,1.36,0.39,0.0739,0.2529
Complete Adaptive TLBO,20260859,25,33,93.986,23.4965,0.0,0,0,92.5,1.34,0.385,0.0697,0.2779
Complete Adaptive TLBO,20260859,25,34,93.986,23.4965,0.0,0,0,92.5,1.32,0.38,0.0657,0.2501
Complete Adaptive TLBO,20260859,25,35,93.986,23.4965,0.0,0,0,92.5,1.3,0.375,0.062,0.2157
Complete Adaptive TLBO,20260859,25,36,93.986,46.9207,0.0,0,0,92.5,1.28,0.37,0.0585,0.1997
Complete Adaptive TLBO,20260859,25,37,93.986,70.3136,0.0,0,0,92.5,1.26,0.365,0.0553,0.176
Complete Adaptive TLBO,20260859,25,38,93.986,93.7532,93.09,0,0,92.5,1.24,0.36,0.0523,0.191
Complete Adaptive TLBO,20260859,25,39,93.986,93.8848,93.4752,0,0,92.5,1.22,0.355,0.0495,0.1643
Complete Adaptive TLBO,20260859,25,40,93.986,93.9487,93.6872,0,0,92.5,1.2,0.35,0.047,0.1235
Complete Adaptive TLBO,20260859,25,41,93.986,93.986,93.986,0,0,92.5,1.18,0.345,0.0447,0.1066
Complete Adaptive TLBO,20260859,25,42,93.986,93.986,93.986,0,0,92.5,1.16,0.34,0.0427,0.0963
Complete Adaptive TLBO,20260859,25,43,93.986,93.986,93.986,0,0,92.5,1.14,0.335,0.0409,0.1082
Complete Adaptive TLBO,20260859,25,44,93.986,93.986,93.986,0,0,92.5,1.12,0.33,0.0393,0.1022
Complete Adaptive TLBO,20260859,25,45,93.986,93.986,93.986,0,0,92.5,1.1,0.325,0.038,0.128
Complete Adaptive TLBO,20260859,25,46,93.986,93.986,93.986,0,0,92.5,1.08,0.32,0.0369,0.1207
Complete Adaptive TLBO,20260859,25,47,94.0,93.9878,93.986,0,0,92.5,1.06,0.315,0.0361,0.1337
Complete Adaptive TLBO,20260859,25,48,94.0,93.9947,93.986,0,0,92.5,1.04,0.31,0.0355,0.1459
Complete Adaptive TLBO,20260859,25,49,94.0,93.9982,93.986,0,0,92.5,1.02,0.305,0.0351,0.1275
Complete Adaptive TLBO,20260859,25,50,94.0,94.0,94.0,0,0,92.5,1.0,0.3,0.035,0.1081
Complete Adaptive TLBO,20260860,26,1,93.42,23.3529,0.0,0,0,92.5,1.98,0.545,0.3231,0.2922
Complete Adaptive TLBO,20260860,26,2,93.448,23.3585,0.0,0,0,92.5,1.96,0.54,0.3115,0.2799
Complete Adaptive TLBO,20260860,26,3,93.5608,23.3761,0.0,0,0,92.5,1.94,0.535,0.3001,0.2867
Complete Adaptive TLBO,20260860,26,4,93.826,23.4386,0.0,0,0,92.5,1.92,0.53,0.2889,0.3239
Complete Adaptive TLBO,20260860,26,5,93.8532,35.1771,0.0,0,0,92.5,1.9,0.525,0.278,0.2916
Complete Adaptive TLBO,20260860,26,6,93.8532,46.9087,0.0,0,0,92.5,1.88,0.52,0.2673,0.254
Complete Adaptive TLBO,20260860,26,7,93.8532,35.1949,0.0,0,0,92.5,1.86,0.515,0.2569,0.2303
Complete Adaptive TLBO,20260860,26,8,93.8532,23.4633,0.0,0,0,92.5,1.84,0.51,0.2467,0.2468
Complete Adaptive TLBO,20260860,26,9,93.8532,35.1949,0.0,0,0,92.5,1.82,0.505,0.2367,0.2521
Complete Adaptive TLBO,20260860,26,10,93.8532,23.4633,0.0,0,0,92.5,1.8,0.5,0.227,0.2605
Complete Adaptive TLBO,20260860,26,11,93.8532,23.4633,0.0,0,0,92.5,1.78,0.495,0.2175,0.2662
Complete Adaptive TLBO,20260860,26,12,93.8532,23.4633,0.0,0,0,92.5,1.76,0.49,0.2083,0.2703
Complete Adaptive TLBO,20260860,26,13,93.8532,23.4633,0.0,0,0,92.5,1.74,0.485,0.1993,0.2755
Complete Adaptive TLBO,20260860,26,14,93.8532,23.4633,0.0,0,0,92.5,1.72,0.48,0.1905,0.2797
Complete Adaptive TLBO,20260860,26,15,93.8532,23.4633,0.0,0,0,92.5,1.7,0.475,0.182,0.2739
Complete Adaptive TLBO,20260860,26,16,93.8532,23.4633,0.0,0,0,92.5,1.68,0.47,0.1737,0.2703
Complete Adaptive TLBO,20260860,26,17,93.8532,23.4633,0.0,0,0,92.5,1.66,0.465,0.1657,0.2257
Complete Adaptive TLBO,20260860,26,18,93.8532,23.4633,0.0,0,0,92.5,1.64,0.46,0.1579,0.241
Complete Adaptive TLBO,20260860,26,19,93.8532,23.4633,0.0,0,0,92.5,1.62,0.455,0.1503,0.2599
Complete Adaptive TLBO,20260860,26,20,93.906,35.1154,0.0,0,0,92.5,1.6,0.45,0.143,0.2931
Complete Adaptive TLBO,20260860,26,21,93.906,35.122,0.0,0,0,92.5,1.58,0.445,0.1359,0.2611
Complete Adaptive TLBO,20260860,26,22,93.906,23.4765,0.0,0,0,92.5,1.56,0.44,0.1291,0.2348
Complete Adaptive TLBO,20260860,26,23,93.906,23.4765,0.0,0,0,92.5,1.54,0.435,0.1225,0.2527
Complete Adaptive TLBO,20260860,26,24,93.906,23.4765,0.0,0,0,92.5,1.52,0.43,0.1161,0.2606
Complete Adaptive TLBO,20260860,26,25,93.906,23.4765,0.0,0,0,92.5,1.5,0.425,0.11,0.2666
Complete Adaptive TLBO,20260860,26,26,93.906,23.4765,0.0,0,0,92.5,1.48,0.42,0.1041,0.2457
Complete Adaptive TLBO,20260860,26,27,93.906,23.4765,0.0,0,0,92.5,1.46,0.415,0.0985,0.2451
Complete Adaptive TLBO,20260860,26,28,93.906,23.4765,0.0,0,0,92.5,1.44,0.41,0.0931,0.2511
Complete Adaptive TLBO,20260860,26,29,93.906,23.4765,0.0,0,0,92.5,1.42,0.405,0.0879,0.2602
Complete Adaptive TLBO,20260860,26,30,93.906,23.4765,0.0,0,0,92.5,1.4,0.4,0.083,0.2526
Complete Adaptive TLBO,20260860,26,31,93.906,23.4765,0.0,0,0,92.5,1.38,0.395,0.0783,0.25
Complete Adaptive TLBO,20260860,26,32,93.906,23.4765,0.0,0,0,92.5,1.36,0.39,0.0739,0.2642
Complete Adaptive TLBO,20260860,26,33,93.906,23.4765,0.0,0,0,92.5,1.34,0.385,0.0697,0.2435
Complete Adaptive TLBO,20260860,26,34,93.906,35.1764,0.0,0,0,92.5,1.32,0.38,0.0657,0.2393
Complete Adaptive TLBO,20260860,26,35,93.906,46.8235,0.0,0,0,92.5,1.3,0.375,0.062,0.2055
Complete Adaptive TLBO,20260860,26,36,93.906,58.5848,0.0,0,0,92.5,1.28,0.37,0.0585,0.1881
Complete Adaptive TLBO,20260860,26,37,93.906,82.0048,0.0,0,0,92.5,1.26,0.365,0.0553,0.1666
Complete Adaptive TLBO,20260860,26,38,93.906,93.7841,93.454,0,0,92.5,1.24,0.36,0.0523,0.1333
Complete Adaptive TLBO,20260860,26,39,93.906,93.8406,93.5844,0,0,92.5,1.22,0.355,0.0495,0.1593
Complete Adaptive TLBO,20260860,26,40,93.906,93.8808,93.704,0,0,92.5,1.2,0.35,0.047,0.1282
Complete Adaptive TLBO,20260860,26,41,93.906,93.906,93.906,0,0,92.5,1.18,0.345,0.0447,0.0929
Complete Adaptive TLBO,20260860,26,42,93.906,93.906,93.906,0,0,92.5,1.16,0.34,0.0427,0.1056
Complete Adaptive TLBO,20260860,26,43,93.906,93.906,93.906,0,0,92.5,1.14,0.335,0.0409,0.0997
Complete Adaptive TLBO,20260860,26,44,93.906,93.906,93.906,0,0,92.5,1.12,0.33,0.0393,0.1011
Complete Adaptive TLBO,20260860,26,45,93.906,93.906,93.906,0,0,92.5,1.1,0.325,0.038,0.1016
Complete Adaptive TLBO,20260860,26,46,93.906,93.906,93.906,0,0,92.5,1.08,0.32,0.0369,0.1098
Complete Adaptive TLBO,20260860,26,47,93.906,93.906,93.906,0,0,92.5,1.06,0.315,0.0361,0.1046
Complete Adaptive TLBO,20260860,26,48,93.906,93.906,93.906,0,0,92.5,1.04,0.31,0.0355,0.1189
Complete Adaptive TLBO,20260860,26,49,93.906,93.906,93.906,0,0,92.5,1.02,0.305,0.0351,0.1055
Complete Adaptive TLBO,20260860,26,50,93.906,93.906,93.906,0,0,92.5,1.0,0.3,0.035,0.1176
Complete Adaptive TLBO,20260861,27,1,93.0384,23.1641,0.0,0,0,92.5,1.98,0.545,0.3231,0.3149
Complete Adaptive TLBO,20260861,27,2,93.42,23.3237,0.0,0,0,92.5,1.96,0.54,0.3115,0.3409
Complete Adaptive TLBO,20260861,27,3,93.6736,23.3867,0.0,0,0,92.5,1.94,0.535,0.3001,0.2996
Complete Adaptive TLBO,20260861,27,4,93.718,35.0942,0.0,0,0,92.5,1.92,0.53,0.2889,0.2795
Complete Adaptive TLBO,20260861,27,5,93.718,35.0998,0.0,0,0,92.5,1.9,0.525,0.278,0.2614
Complete Adaptive TLBO,20260861,27,6,93.766,23.4355,0.0,0,0,92.5,1.88,0.52,0.2673,0.3039
Complete Adaptive TLBO,20260861,27,7,93.766,23.4415,0.0,0,0,92.5,1.86,0.515,0.2569,0.2632
Complete Adaptive TLBO,20260861,27,8,93.766,23.4415,0.0,0,0,92.5,1.84,0.51,0.2467,0.2548
Complete Adaptive TLBO,20260861,27,9,93.8152,23.4477,0.0,0,0,92.5,1.82,0.505,0.2367,0.2759
Complete Adaptive TLBO,20260861,27,10,93.8152,23.4538,0.0,0,0,92.5,1.8,0.5,0.227,0.2408
Complete Adaptive TLBO,20260861,27,11,93.8152,35.1807,0.0,0,0,92.5,1.78,0.495,0.2175,0.2363
Complete Adaptive TLBO,20260861,27,12,93.8152,23.4538,0.0,0,0,92.5,1.76,0.49,0.2083,0.2305
Complete Adaptive TLBO,20260861,27,13,93.8152,23.4538,0.0,0,0,92.5,1.74,0.485,0.1993,0.2391
Complete Adaptive TLBO,20260861,27,14,93.8452,23.4576,0.0,0,0,92.5,1.72,0.48,0.1905,0.2936
Complete Adaptive TLBO,20260861,27,15,93.8452,35.1882,0.0,0,0,92.5,1.7,0.475,0.182,0.2625
Complete Adaptive TLBO,20260861,27,16,93.8452,23.4613,0.0,0,0,92.5,1.68,0.47,0.1737,0.2528
Complete Adaptive TLBO,20260861,27,17,93.8452,23.4613,0.0,0,0,92.5,1.66,0.465,0.1657,0.2429
Complete Adaptive TLBO,20260861,27,18,93.8452,23.4613,0.0,0,0,92.5,1.64,0.46,0.1579,0.2583
Complete Adaptive TLBO,20260861,27,19,93.8452,23.4613,0.0,0,0,92.5,1.62,0.455,0.1503,0.2998
Complete Adaptive TLBO,20260861,27,20,93.8692,23.4643,0.0,0,0,92.5,1.6,0.45,0.143,0.2952
Complete Adaptive TLBO,20260861,27,21,93.8692,23.4673,0.0,0,0,92.5,1.58,0.445,0.1359,0.2553
Complete Adaptive TLBO,20260861,27,22,93.8692,23.4673,0.0,0,0,92.5,1.56,0.44,0.1291,0.2508
Complete Adaptive TLBO,20260861,27,23,93.8692,23.4673,0.0,0,0,92.5,1.54,0.435,0.1225,0.25
Complete Adaptive TLBO,20260861,27,24,93.8692,46.8767,0.0,0,0,92.5,1.52,0.43,0.1161,0.2417
Complete Adaptive TLBO,20260861,27,25,93.8692,35.0613,0.0,0,0,92.5,1.5,0.425,0.11,0.2495
Complete Adaptive TLBO,20260861,27,26,93.8692,35.0613,0.0,0,0,92.5,1.48,0.42,0.1041,0.2527
Complete Adaptive TLBO,20260861,27,27,93.8692,35.0361,0.0,0,0,92.5,1.46,0.415,0.0985,0.2568
Complete Adaptive TLBO,20260861,27,28,93.8692,23.4673,0.0,0,0,92.5,1.44,0.41,0.0931,0.2706
Complete Adaptive TLBO,20260861,27,29,93.8692,23.4673,0.0,0,0,92.5,1.42,0.405,0.0879,0.2552
Complete Adaptive TLBO,20260861,27,30,93.8692,23.4673,0.0,0,0,92.5,1.4,0.4,0.083,0.2571
Complete Adaptive TLBO,20260861,27,31,93.8692,23.4673,0.0,0,0,92.5,1.38,0.395,0.0783,0.2391
Complete Adaptive TLBO,20260861,27,32,93.8692,35.1215,0.0,0,0,92.5,1.36,0.39,0.0739,0.2693
Complete Adaptive TLBO,20260861,27,33,93.8692,35.0504,0.0,0,0,92.5,1.34,0.385,0.0697,0.2826
Complete Adaptive TLBO,20260861,27,34,93.8692,23.4673,0.0,0,0,92.5,1.32,0.38,0.0657,0.2889
Complete Adaptive TLBO,20260861,27,35,93.8692,23.4673,0.0,0,0,92.5,1.3,0.375,0.062,0.2306
Complete Adaptive TLBO,20260861,27,36,93.8692,35.201,0.0,0,0,92.5,1.28,0.37,0.0585,0.2024
Complete Adaptive TLBO,20260861,27,37,93.8692,58.6239,0.0,0,0,92.5,1.26,0.365,0.0553,0.1907
Complete Adaptive TLBO,20260861,27,38,93.8692,70.3575,0.0,0,0,92.5,1.24,0.36,0.0523,0.1757
Complete Adaptive TLBO,20260861,27,39,93.8992,93.7845,93.514,0,0,92.5,1.22,0.355,0.0495,0.18
Complete Adaptive TLBO,20260861,27,40,93.934,93.8681,93.6572,0,0,92.5,1.2,0.35,0.047,0.1901
Complete Adaptive TLBO,20260861,27,41,93.968,93.9105,93.8692,0,0,92.5,1.18,0.345,0.0447,0.2083
Complete Adaptive TLBO,20260861,27,42,93.968,93.9228,93.8812,0,0,92.5,1.16,0.34,0.0427,0.1834
Complete Adaptive TLBO,20260861,27,43,93.968,93.955,93.8992,0,0,92.5,1.14,0.335,0.0409,0.1717
Complete Adaptive TLBO,20260861,27,44,93.968,93.9637,93.9332,0,0,92.5,1.12,0.33,0.0393,0.1527
Complete Adaptive TLBO,20260861,27,45,93.968,93.968,93.968,0,0,92.5,1.1,0.325,0.038,0.1473
Complete Adaptive TLBO,20260861,27,46,93.968,93.968,93.968,0,0,92.5,1.08,0.32,0.0369,0.1503
Complete Adaptive TLBO,20260861,27,47,93.968,93.968,93.968,0,0,92.5,1.06,0.315,0.0361,0.1428
Complete Adaptive TLBO,20260861,27,48,93.968,93.968,93.968,0,0,92.5,1.04,0.31,0.0355,0.1445
Complete Adaptive TLBO,20260861,27,49,93.968,93.968,93.968,0,0,92.5,1.02,0.305,0.0351,0.1426
Complete Adaptive TLBO,20260861,27,50,93.968,93.968,93.968,0,0,92.5,1.0,0.3,0.035,0.1587
Complete Adaptive TLBO,20260862,28,1,93.3612,23.3284,0.0,0,0,92.5,1.98,0.545,0.3231,0.3332
Complete Adaptive TLBO,20260862,28,2,93.6932,23.4092,0.0,0,0,92.5,1.96,0.54,0.3115,0.3467
Complete Adaptive TLBO,20260862,28,3,93.782,23.4344,0.0,0,0,92.5,1.94,0.535,0.3001,0.356
Complete Adaptive TLBO,20260862,28,4,93.782,23.4455,0.0,0,0,92.5,1.92,0.53,0.2889,0.3128
Complete Adaptive TLBO,20260862,28,5,93.83,23.4515,0.0,0,0,92.5,1.9,0.525,0.278,0.2882
Complete Adaptive TLBO,20260862,28,6,93.83,23.4575,0.0,0,0,92.5,1.88,0.52,0.2673,0.2665
Complete Adaptive TLBO,20260862,28,7,93.83,23.4575,0.0,0,0,92.5,1.86,0.515,0.2569,0.2563
Complete Adaptive TLBO,20260862,28,8,93.83,23.4575,0.0,0,0,92.5,1.84,0.51,0.2467,0.2545
Complete Adaptive TLBO,20260862,28,9,93.8792,23.4637,0.0,0,0,92.5,1.82,0.505,0.2367,0.276
Complete Adaptive TLBO,20260862,28,10,93.8792,35.1985,0.0,0,0,92.5,1.8,0.5,0.227,0.2781
Complete Adaptive TLBO,20260862,28,11,93.8792,35.2047,0.0,0,0,92.5,1.78,0.495,0.2175,0.2511
Complete Adaptive TLBO,20260862,28,12,93.8792,35.2047,0.0,0,0,92.5,1.76,0.49,0.2083,0.2279
Complete Adaptive TLBO,20260862,28,13,93.8792,23.4698,0.0,0,0,92.5,1.74,0.485,0.1993,0.2394
Complete Adaptive TLBO,20260862,28,14,93.8792,23.4698,0.0,0,0,92.5,1.72,0.48,0.1905,0.2727
Complete Adaptive TLBO,20260862,28,15,93.8792,23.4698,0.0,0,0,92.5,1.7,0.475,0.182,0.2355
Complete Adaptive TLBO,20260862,28,16,93.8792,23.4698,0.0,0,0,92.5,1.68,0.47,0.1737,0.2465
Complete Adaptive TLBO,20260862,28,17,93.8792,23.4698,0.0,0,0,92.5,1.66,0.465,0.1657,0.2422
Complete Adaptive TLBO,20260862,28,18,93.9132,23.474,0.0,0,0,92.5,1.64,0.46,0.1579,0.288
Complete Adaptive TLBO,20260862,28,19,93.9212,23.4793,0.0,0,0,92.5,1.62,0.455,0.1503,0.2825
Complete Adaptive TLBO,20260862,28,20,93.9212,23.4803,0.0,0,0,92.5,1.6,0.45,0.143,0.2319
Complete Adaptive TLBO,20260862,28,21,93.9212,35.0244,0.0,0,0,92.5,1.58,0.445,0.1359,0.2323
Complete Adaptive TLBO,20260862,28,22,93.9212,23.4803,0.0,0,0,92.5,1.56,0.44,0.1291,0.2832
Complete Adaptive TLBO,20260862,28,23,93.9212,35.2204,0.0,0,0,92.5,1.54,0.435,0.1225,0.2407
Complete Adaptive TLBO,20260862,28,24,93.9212,23.4803,0.0,0,0,92.5,1.52,0.43,0.1161,0.2068
Complete Adaptive TLBO,20260862,28,25,93.9212,35.1836,0.0,0,0,92.5,1.5,0.425,0.11,0.2595
Complete Adaptive TLBO,20260862,28,26,93.9212,23.4803,0.0,0,0,92.5,1.48,0.42,0.1041,0.2606
Complete Adaptive TLBO,20260862,28,27,93.9212,35.1251,0.0,0,0,92.5,1.46,0.415,0.0985,0.2557
Complete Adaptive TLBO,20260862,28,28,93.9212,23.4803,0.0,0,0,92.5,1.44,0.41,0.0931,0.2543
Complete Adaptive TLBO,20260862,28,29,93.9212,23.4803,0.0,0,0,92.5,1.42,0.405,0.0879,0.24
Complete Adaptive TLBO,20260862,28,30,93.9212,35.1296,0.0,0,0,92.5,1.4,0.4,0.083,0.24
Complete Adaptive TLBO,20260862,28,31,93.9212,35.1872,0.0,0,0,92.5,1.38,0.395,0.0783,0.2687
Complete Adaptive TLBO,20260862,28,32,93.9212,35.1872,0.0,0,0,92.5,1.36,0.39,0.0739,0.2389
Complete Adaptive TLBO,20260862,28,33,93.9212,35.0574,0.0,0,0,92.5,1.34,0.385,0.0697,0.2352
Complete Adaptive TLBO,20260862,28,34,93.974,23.4869,0.0,0,0,92.5,1.32,0.38,0.0657,0.3005
Complete Adaptive TLBO,20260862,28,35,94.0,35.2369,0.0,0,0,92.5,1.3,0.375,0.062,0.2335
Complete Adaptive TLBO,20260862,28,36,94.028,46.9904,0.0,0,0,92.5,1.28,0.37,0.0585,0.2296
Complete Adaptive TLBO,20260862,28,37,94.028,58.7538,0.0,0,0,92.5,1.26,0.365,0.0553,0.2055
Complete Adaptive TLBO,20260862,28,38,94.028,82.2234,0.0,0,0,92.5,1.24,0.36,0.0523,0.1819
Complete Adaptive TLBO,20260862,28,39,94.028,93.9769,93.7292,0,0,92.5,1.22,0.355,0.0495,0.1761
Complete Adaptive TLBO,20260862,28,40,94.028,94.0178,93.974,0,0,92.5,1.2,0.35,0.047,0.1678
Complete Adaptive TLBO,20260862,28,41,94.028,94.0245,94.0,0,0,92.5,1.18,0.345,0.0447,0.1123
Complete Adaptive TLBO,20260862,28,42,94.028,94.028,94.028,0,0,92.5,1.16,0.34,0.0427,0.0934
Complete Adaptive TLBO,20260862,28,43,94.036,94.029,94.028,0,0,92.5,1.14,0.335,0.0409,0.1542
Complete Adaptive TLBO,20260862,28,44,94.036,94.031,94.028,0,0,92.5,1.12,0.33,0.0393,0.1185
Complete Adaptive TLBO,20260862,28,45,94.036,94.036,94.036,0,0,92.5,1.1,0.325,0.038,0.1052
Complete Adaptive TLBO,20260862,28,46,94.036,94.036,94.036,0,0,92.5,1.08,0.32,0.0369,0.1129
Complete Adaptive TLBO,20260862,28,47,94.036,94.036,94.036,0,0,92.5,1.06,0.315,0.0361,0.109
Complete Adaptive TLBO,20260862,28,48,94.036,94.036,94.036,0,0,92.5,1.04,0.31,0.0355,0.107
Complete Adaptive TLBO,20260862,28,49,94.036,94.036,94.036,0,0,92.5,1.02,0.305,0.0351,0.1358
Complete Adaptive TLBO,20260862,28,50,94.036,94.036,94.036,0,0,92.5,1.0,0.3,0.035,0.1083
Complete Adaptive TLBO,20260863,29,1,93.3892,34.9265,0.0,0,0,92.5,1.98,0.545,0.3231,0.3196
Complete Adaptive TLBO,20260863,29,2,93.7676,35.0682,0.0,0,0,92.5,1.96,0.54,0.3115,0.2514
Complete Adaptive TLBO,20260863,29,3,93.7676,23.4419,0.0,0,0,92.5,1.94,0.535,0.3001,0.2535
Complete Adaptive TLBO,20260863,29,4,93.7676,23.4419,0.0,0,0,92.5,1.92,0.53,0.2889,0.2921
Complete Adaptive TLBO,20260863,29,5,93.84,23.4509,0.0,0,0,92.5,1.9,0.525,0.278,0.2692
Complete Adaptive TLBO,20260863,29,6,93.84,23.46,0.0,0,0,92.5,1.88,0.52,0.2673,0.2661
Complete Adaptive TLBO,20260863,29,7,93.9372,35.2082,0.0,0,0,92.5,1.86,0.515,0.2569,0.3065
Complete Adaptive TLBO,20260863,29,8,93.99,23.4909,0.0,0,0,92.5,1.84,0.51,0.2467,0.2756
Complete Adaptive TLBO,20260863,29,9,93.99,23.4975,0.0,0,0,92.5,1.82,0.505,0.2367,0.2447
Complete Adaptive TLBO,20260863,29,10,93.99,35.2462,0.0,0,0,92.5,1.8,0.5,0.227,0.2277
Complete Adaptive TLBO,20260863,29,11,93.99,35.2462,0.0,0,0,92.5,1.78,0.495,0.2175,0.2164
Complete Adaptive TLBO,20260863,29,12,93.99,23.4975,0.0,0,0,92.5,1.76,0.49,0.2083,0.2277
Complete Adaptive TLBO,20260863,29,13,93.99,23.4975,0.0,0,0,92.5,1.74,0.485,0.1993,0.2325
Complete Adaptive TLBO,20260863,29,14,93.99,23.4975,0.0,0,0,92.5,1.72,0.48,0.1905,0.2347
Complete Adaptive TLBO,20260863,29,15,93.99,23.4975,0.0,0,0,92.5,1.7,0.475,0.182,0.2514
Complete Adaptive TLBO,20260863,29,16,93.99,23.4975,0.0,0,0,92.5,1.68,0.47,0.1737,0.2564
Complete Adaptive TLBO,20260863,29,17,93.99,23.4975,0.0,0,0,92.5,1.66,0.465,0.1657,0.261
Complete Adaptive TLBO,20260863,29,18,93.99,35.1161,0.0,0,0,92.5,1.64,0.46,0.1579,0.2269
Complete Adaptive TLBO,20260863,29,19,93.99,35.1657,0.0,0,0,92.5,1.62,0.455,0.1503,0.2584
Complete Adaptive TLBO,20260863,29,20,93.99,23.4975,0.0,0,0,92.5,1.6,0.45,0.143,0.2466
Complete Adaptive TLBO,20260863,29,21,93.99,23.4975,0.0,0,0,92.5,1.58,0.445,0.1359,0.2544
Complete Adaptive TLBO,20260863,29,22,93.99,23.4975,0.0,0,0,92.5,1.56,0.44,0.1291,0.2694
Complete Adaptive TLBO,20260863,29,23,93.99,23.4975,0.0,0,0,92.5,1.54,0.435,0.1225,0.27
Complete Adaptive TLBO,20260863,29,24,93.99,23.4975,0.0,0,0,92.5,1.52,0.43,0.1161,0.2629
Complete Adaptive TLBO,20260863,29,25,93.99,23.4975,0.0,0,0,92.5,1.5,0.425,0.11,0.2371
Complete Adaptive TLBO,20260863,29,26,93.99,23.4975,0.0,0,0,92.5,1.48,0.42,0.1041,0.2464
Complete Adaptive TLBO,20260863,29,27,93.99,23.4975,0.0,0,0,92.5,1.46,0.415,0.0985,0.2479
Complete Adaptive TLBO,20260863,29,28,93.99,23.4975,0.0,0,0,92.5,1.44,0.41,0.0931,0.2429
Complete Adaptive TLBO,20260863,29,29,93.99,23.4975,0.0,0,0,92.5,1.42,0.405,0.0879,0.2487
Complete Adaptive TLBO,20260863,29,30,93.99,23.4975,0.0,0,0,92.5,1.4,0.4,0.083,0.2461
Complete Adaptive TLBO,20260863,29,31,93.99,35.1369,0.0,0,0,92.5,1.38,0.395,0.0783,0.2323
Complete Adaptive TLBO,20260863,29,32,93.99,46.7885,0.0,0,0,92.5,1.36,0.39,0.0739,0.2229
Complete Adaptive TLBO,20260863,29,33,93.99,46.8368,0.0,0,0,92.5,1.34,0.385,0.0697,0.2535
Complete Adaptive TLBO,20260863,29,34,93.99,46.7482,0.0,0,0,92.5,1.32,0.38,0.0657,0.2184
Complete Adaptive TLBO,20260863,29,35,93.99,58.5303,0.0,0,0,92.5,1.3,0.375,0.062,0.2066
Complete Adaptive TLBO,20260863,29,36,93.99,70.2995,0.0,0,0,92.5,1.28,0.37,0.0585,0.1871
Complete Adaptive TLBO,20260863,29,37,93.99,82.0648,0.0,0,0,92.5,1.26,0.365,0.0553,0.1744
Complete Adaptive TLBO,20260863,29,38,93.99,93.8439,93.514,0,0,92.5,1.24,0.36,0.0523,0.1551
Complete Adaptive TLBO,20260863,29,39,93.99,93.9034,93.6288,0,0,92.5,1.22,0.355,0.0495,0.1395
Complete Adaptive TLBO,20260863,29,40,93.99,93.9485,93.6584,0,0,92.5,1.2,0.35,0.047,0.1108
Complete Adaptive TLBO,20260863,29,41,93.99,93.99,93.99,0,0,92.5,1.18,0.345,0.0447,0.1022
Complete Adaptive TLBO,20260863,29,42,93.99,93.99,93.99,0,0,92.5,1.16,0.34,0.0427,0.1046
Complete Adaptive TLBO,20260863,29,43,93.99,93.99,93.99,0,0,92.5,1.14,0.335,0.0409,0.1012
Complete Adaptive TLBO,20260863,29,44,93.99,93.99,93.99,0,0,92.5,1.12,0.33,0.0393,0.1116
Complete Adaptive TLBO,20260863,29,45,93.99,93.99,93.99,0,0,92.5,1.1,0.325,0.038,0.1022
Complete Adaptive TLBO,20260863,29,46,93.99,93.99,93.99,0,0,92.5,1.08,0.32,0.0369,0.0933
Complete Adaptive TLBO,20260863,29,47,93.99,93.99,93.99,0,0,92.5,1.06,0.315,0.0361,0.0903
Complete Adaptive TLBO,20260863,29,48,93.99,93.99,93.99,0,0,92.5,1.04,0.31,0.0355,0.1048
Complete Adaptive TLBO,20260863,29,49,93.99,93.99,93.99,0,0,92.5,1.02,0.305,0.0351,0.1136
Complete Adaptive TLBO,20260863,29,50,93.99,93.99,93.99,0,0,92.5,1.0,0.3,0.035,0.1219
Complete Adaptive TLBO,20260864,30,1,93.308,23.2834,0.0,0,0,92.5,1.98,0.545,0.3231,0.3483
Complete Adaptive TLBO,20260864,30,2,93.488,23.3606,0.0,0,0,92.5,1.96,0.54,0.3115,0.3401
Complete Adaptive TLBO,20260864,30,3,93.488,35.0466,0.0,0,0,92.5,1.94,0.535,0.3001,0.2611
Complete Adaptive TLBO,20260864,30,4,93.6812,23.4173,0.0,0,0,92.5,1.92,0.53,0.2889,0.3148
Complete Adaptive TLBO,20260864,30,5,93.84,23.4402,0.0,0,0,92.5,1.9,0.525,0.278,0.2807
Complete Adaptive TLBO,20260864,30,6,93.84,23.46,0.0,0,0,92.5,1.88,0.52,0.2673,0.2518
Complete Adaptive TLBO,20260864,30,7,93.888,35.196,0.0,0,0,92.5,1.86,0.515,0.2569,0.2582
Complete Adaptive TLBO,20260864,30,8,93.888,23.472,0.0,0,0,92.5,1.84,0.51,0.2467,0.2454
Complete Adaptive TLBO,20260864,30,9,93.892,23.4725,0.0,0,0,92.5,1.82,0.505,0.2367,0.258
Complete Adaptive TLBO,20260864,30,10,93.9892,23.4851,0.0,0,0,92.5,1.8,0.5,0.227,0.2531
Complete Adaptive TLBO,20260864,30,11,93.9892,23.4973,0.0,0,0,92.5,1.78,0.495,0.2175,0.2567
Complete Adaptive TLBO,20260864,30,12,94.042,23.5039,0.0,0,0,92.5,1.76,0.49,0.2083,0.2662
Complete Adaptive TLBO,20260864,30,13,94.042,23.5105,0.0,0,0,92.5,1.74,0.485,0.1993,0.241
Complete Adaptive TLBO,20260864,30,14,94.042,35.2657,0.0,0,0,92.5,1.72,0.48,0.1905,0.2332
Complete Adaptive TLBO,20260864,30,15,94.042,23.5105,0.0,0,0,92.5,1.7,0.475,0.182,0.2466
Complete Adaptive TLBO,20260864,30,16,94.042,23.5105,0.0,0,0,92.5,1.68,0.47,0.1737,0.2521
Complete Adaptive TLBO,20260864,30,17,94.042,23.5105,0.0,0,0,92.5,1.66,0.465,0.1657,0.2605
Complete Adaptive TLBO,20260864,30,18,94.042,23.5105,0.0,0,0,92.5,1.64,0.46,0.1579,0.2581
Complete Adaptive TLBO,20260864,30,19,94.042,23.5105,0.0,0,0,92.5,1.62,0.455,0.1503,0.267
Complete Adaptive TLBO,20260864,30,20,94.042,23.5105,0.0,0,0,92.5,1.6,0.45,0.143,0.2605
Complete Adaptive TLBO,20260864,30,21,94.042,23.5105,0.0,0,0,92.5,1.58,0.445,0.1359,0.2534
Complete Adaptive TLBO,20260864,30,22,94.042,23.5105,0.0,0,0,92.5,1.56,0.44,0.1291,0.2364
Complete Adaptive TLBO,20260864,30,23,94.042,23.5105,0.0,0,0,92.5,1.54,0.435,0.1225,0.2471
Complete Adaptive TLBO,20260864,30,24,94.042,23.5105,0.0,0,0,92.5,1.52,0.43,0.1161,0.242
Complete Adaptive TLBO,20260864,30,25,94.042,23.5105,0.0,0,0,92.5,1.5,0.425,0.11,0.2464
Complete Adaptive TLBO,20260864,30,26,94.042,23.5105,0.0,0,0,92.5,1.48,0.42,0.1041,0.2523
Complete Adaptive TLBO,20260864,30,27,94.042,35.0564,0.0,0,0,92.5,1.46,0.415,0.0985,0.2603
Complete Adaptive TLBO,20260864,30,28,94.042,23.5105,0.0,0,0,92.5,1.44,0.41,0.0931,0.2521
Complete Adaptive TLBO,20260864,30,29,94.042,23.5105,0.0,0,0,92.5,1.42,0.405,0.0879,0.2578
Complete Adaptive TLBO,20260864,30,30,94.042,35.1439,0.0,0,0,92.5,1.4,0.4,0.083,0.251
Complete Adaptive TLBO,20260864,30,31,94.042,35.1493,0.0,0,0,92.5,1.38,0.395,0.0783,0.259
Complete Adaptive TLBO,20260864,30,32,94.042,23.5105,0.0,0,0,92.5,1.36,0.39,0.0739,0.2396
Complete Adaptive TLBO,20260864,30,33,94.042,35.1508,0.0,0,0,92.5,1.34,0.385,0.0697,0.2347
Complete Adaptive TLBO,20260864,30,34,94.042,23.5105,0.0,0,0,92.5,1.32,0.38,0.0657,0.2401
Complete Adaptive TLBO,20260864,30,35,94.042,46.7655,0.0,0,0,92.5,1.3,0.375,0.062,0.2243
Complete Adaptive TLBO,20260864,30,36,94.056,58.6828,0.0,0,0,92.5,1.28,0.37,0.0585,0.201
Complete Adaptive TLBO,20260864,30,37,94.056,70.4433,0.0,0,0,92.5,1.26,0.365,0.0553,0.195
Complete Adaptive TLBO,20260864,30,38,94.056,93.8237,92.987,0,0,92.5,1.24,0.36,0.0523,0.1558
Complete Adaptive TLBO,20260864,30,39,94.056,93.9573,93.5026,0,0,92.5,1.22,0.355,0.0495,0.1433
Complete Adaptive TLBO,20260864,30,40,94.056,94.0265,93.82,0,0,92.5,1.2,0.35,0.047,0.1168
Complete Adaptive TLBO,20260864,30,41,94.056,94.056,94.056,0,0,92.5,1.18,0.345,0.0447,0.0906
Complete Adaptive TLBO,20260864,30,42,94.056,94.056,94.056,0,0,92.5,1.16,0.34,0.0427,0.1107
Complete Adaptive TLBO,20260864,30,43,94.056,94.056,94.056,0,0,92.5,1.14,0.335,0.0409,0.1178
Complete Adaptive TLBO,20260864,30,44,94.056,94.056,94.056,0,0,92.5,1.12,0.33,0.0393,0.1068
Complete Adaptive TLBO,20260864,30,45,94.056,94.056,94.056,0,0,92.5,1.1,0.325,0.038,0.1055
Complete Adaptive TLBO,20260864,30,46,94.056,94.056,94.056,0,0,92.5,1.08,0.32,0.0369,0.1109
Complete Adaptive TLBO,20260864,30,47,94.056,94.056,94.056,0,0,92.5,1.06,0.315,0.0361,0.0954
Complete Adaptive TLBO,20260864,30,48,94.064,94.057,94.056,0,0,92.5,1.04,0.31,0.0355,0.1147
Complete Adaptive TLBO,20260864,30,49,94.064,94.058,94.056,0,0,92.5,1.02,0.305,0.0351,0.152
Complete Adaptive TLBO,20260864,30,50,94.072,94.06,94.056,0,0,92.5,1.0,0.3,0.035,0.1819
Complete Adaptive TLBO,20260865,31,1,93.6444,23.3638,0.0,0,0,92.5,1.98,0.545,0.3231,0.315
Complete Adaptive TLBO,20260865,31,2,93.7224,23.4209,0.0,0,0,92.5,1.96,0.54,0.3115,0.2894
Complete Adaptive TLBO,20260865,31,3,93.7224,35.1362,0.0,0,0,92.5,1.94,0.535,0.3001,0.2739
Complete Adaptive TLBO,20260865,31,4,93.7224,35.1459,0.0,0,0,92.5,1.92,0.53,0.2889,0.2437
Complete Adaptive TLBO,20260865,31,5,93.8496,23.4568,0.0,0,0,92.5,1.9,0.525,0.278,0.2462
Complete Adaptive TLBO,20260865,31,6,93.894,23.468,0.0,0,0,92.5,1.88,0.52,0.2673,0.2823
Complete Adaptive TLBO,20260865,31,7,93.9552,23.4811,0.0,0,0,92.5,1.86,0.515,0.2569,0.2492
Complete Adaptive TLBO,20260865,31,8,93.9552,23.4888,0.0,0,0,92.5,1.84,0.51,0.2467,0.257
Complete Adaptive TLBO,20260865,31,9,93.9552,23.4888,0.0,0,0,92.5,1.82,0.505,0.2367,0.2416
Complete Adaptive TLBO,20260865,31,10,94.008,23.4954,0.0,0,0,92.5,1.8,0.5,0.227,0.2811
Complete Adaptive TLBO,20260865,31,11,94.008,23.502,0.0,0,0,92.5,1.78,0.495,0.2175,0.25
Complete Adaptive TLBO,20260865,31,12,94.008,23.502,0.0,0,0,92.5,1.76,0.49,0.2083,0.2568
Complete Adaptive TLBO,20260865,31,13,94.008,23.502,0.0,0,0,92.5,1.74,0.485,0.1993,0.246
Complete Adaptive TLBO,20260865,31,14,94.008,23.502,0.0,0,0,92.5,1.72,0.48,0.1905,0.24
Complete Adaptive TLBO,20260865,31,15,94.008,23.502,0.0,0,0,92.5,1.7,0.475,0.182,0.248
Complete Adaptive TLBO,20260865,31,16,94.008,23.502,0.0,0,0,92.5,1.68,0.47,0.1737,0.2556
Complete Adaptive TLBO,20260865,31,17,94.008,23.502,0.0,0,0,92.5,1.66,0.465,0.1657,0.2431
Complete Adaptive TLBO,20260865,31,18,94.008,23.502,0.0,0,0,92.5,1.64,0.46,0.1579,0.2483
Complete Adaptive TLBO,20260865,31,19,94.008,23.502,0.0,0,0,92.5,1.62,0.455,0.1503,0.2251
Complete Adaptive TLBO,20260865,31,20,94.012,23.5025,0.0,0,0,92.5,1.6,0.45,0.143,0.2473
Complete Adaptive TLBO,20260865,31,21,94.012,23.503,0.0,0,0,92.5,1.58,0.445,0.1359,0.2282
Complete Adaptive TLBO,20260865,31,22,94.046,23.5072,0.0,0,0,92.5,1.56,0.44,0.1291,0.251
Complete Adaptive TLBO,20260865,31,23,94.046,35.263,0.0,0,0,92.5,1.54,0.435,0.1225,0.2495
Complete Adaptive TLBO,20260865,31,24,94.046,47.0188,0.0,0,0,92.5,1.52,0.43,0.1161,0.2181
Complete Adaptive TLBO,20260865,31,25,94.046,47.0188,0.0,0,0,92.5,1.5,0.425,0.11,0.2082
Complete Adaptive TLBO,20260865,31,26,94.0472,35.2674,0.0,0,0,92.5,1.48,0.42,0.1041,0.182
Complete Adaptive TLBO,20260865,31,27,94.0472,35.2675,0.0,0,0,92.5,1.46,0.415,0.0985,0.2296
Complete Adaptive TLBO,20260865,31,28,94.0472,23.5118,0.0,0,0,92.5,1.44,0.41,0.0931,0.2382
Complete Adaptive TLBO,20260865,31,29,94.0472,23.5118,0.0,0,0,92.5,1.42,0.405,0.0879,0.2233
Complete Adaptive TLBO,20260865,31,30,94.0472,23.5118,0.0,0,0,92.5,1.4,0.4,0.083,0.2005
Complete Adaptive TLBO,20260865,31,31,94.0472,23.5118,0.0,0,0,92.5,1.38,0.395,0.0783,0.2305
Complete Adaptive TLBO,20260865,31,32,94.0472,35.1891,0.0,0,0,92.5,1.36,0.39,0.0739,0.218
Complete Adaptive TLBO,20260865,31,33,94.0472,23.5118,0.0,0,0,92.5,1.34,0.385,0.0697,0.2287
Complete Adaptive TLBO,20260865,31,34,94.0472,23.5118,0.0,0,0,92.5,1.32,0.38,0.0657,0.219
Complete Adaptive TLBO,20260865,31,35,94.0632,23.5138,0.0,0,0,92.5,1.3,0.375,0.062,0.2214
Complete Adaptive TLBO,20260865,31,36,94.0632,58.5889,0.0,0,0,92.5,1.28,0.37,0.0585,0.1926
Complete Adaptive TLBO,20260865,31,37,94.0632,70.3749,0.0,0,0,92.5,1.26,0.365,0.0553,0.1956
Complete Adaptive TLBO,20260865,31,38,94.0632,82.1328,0.0,0,0,92.5,1.24,0.36,0.0523,0.1772
Complete Adaptive TLBO,20260865,31,39,94.0632,93.8907,93.3744,0,0,92.5,1.22,0.355,0.0495,0.1472
Complete Adaptive TLBO,20260865,31,40,94.0632,94.0211,93.7424,0,0,92.5,1.2,0.35,0.047,0.1441
Complete Adaptive TLBO,20260865,31,41,94.0632,94.0612,94.0472,0,0,92.5,1.18,0.345,0.0447,0.1118
Complete Adaptive TLBO,20260865,31,42,94.0632,94.0632,94.0632,0,0,92.5,1.16,0.34,0.0427,0.1041
Complete Adaptive TLBO,20260865,31,43,94.0632,94.0632,94.0632,0,0,92.5,1.14,0.335,0.0409,0.0979
Complete Adaptive TLBO,20260865,31,44,94.0632,94.0632,94.0632,0,0,92.5,1.12,0.33,0.0393,0.1014
Complete Adaptive TLBO,20260865,31,45,94.0632,94.0632,94.0632,0,0,92.5,1.1,0.325,0.038,0.0969
Complete Adaptive TLBO,20260865,31,46,94.0632,94.0632,94.0632,0,0,92.5,1.08,0.32,0.0369,0.0955
Complete Adaptive TLBO,20260865,31,47,94.0632,94.0632,94.0632,0,0,92.5,1.06,0.315,0.0361,0.0996
Complete Adaptive TLBO,20260865,31,48,94.0632,94.0632,94.0632,0,0,92.5,1.04,0.31,0.0355,0.0894
Complete Adaptive TLBO,20260865,31,49,94.0632,94.0632,94.0632,0,0,92.5,1.02,0.305,0.0351,0.1049
Complete Adaptive TLBO,20260865,31,50,94.0632,94.0632,94.0632,0,0,92.5,1.0,0.3,0.035,0.1012
Complete Adaptive TLBO,20260866,32,1,93.8056,23.4196,0.0,0,0,92.5,1.98,0.545,0.3231,0.3273
Complete Adaptive TLBO,20260866,32,2,93.834,23.455,0.0,0,0,92.5,1.96,0.54,0.3115,0.28
Complete Adaptive TLBO,20260866,32,3,93.834,23.4585,0.0,0,0,92.5,1.94,0.535,0.3001,0.2985
Complete Adaptive TLBO,20260866,32,4,93.882,23.4645,0.0,0,0,92.5,1.92,0.53,0.2889,0.2685
Complete Adaptive TLBO,20260866,32,5,93.882,35.1135,0.0,0,0,92.5,1.9,0.525,0.278,0.2495
Complete Adaptive TLBO,20260866,32,6,93.882,23.4705,0.0,0,0,92.5,1.88,0.52,0.2673,0.2411
Complete Adaptive TLBO,20260866,32,7,93.882,23.4705,0.0,0,0,92.5,1.86,0.515,0.2569,0.2512
Complete Adaptive TLBO,20260866,32,8,93.882,23.4705,0.0,0,0,92.5,1.84,0.51,0.2467,0.2348
Complete Adaptive TLBO,20260866,32,9,93.882,23.4705,0.0,0,0,92.5,1.82,0.505,0.2367,0.2568
Complete Adaptive TLBO,20260866,32,10,93.882,23.4705,0.0,0,0,92.5,1.8,0.5,0.227,0.2452
Complete Adaptive TLBO,20260866,32,11,93.882,23.4705,0.0,0,0,92.5,1.78,0.495,0.2175,0.2475
Complete Adaptive TLBO,20260866,32,12,93.882,23.4705,0.0,0,0,92.5,1.76,0.49,0.2083,0.2178
Complete Adaptive TLBO,20260866,32,13,93.882,23.4705,0.0,0,0,92.5,1.74,0.485,0.1993,0.2467
Complete Adaptive TLBO,20260866,32,14,93.882,23.4705,0.0,0,0,92.5,1.72,0.48,0.1905,0.2592
Complete Adaptive TLBO,20260866,32,15,93.882,23.4705,0.0,0,0,92.5,1.7,0.475,0.182,0.2445
Complete Adaptive TLBO,20260866,32,16,93.882,23.4705,0.0,0,0,92.5,1.68,0.47,0.1737,0.2331
Complete Adaptive TLBO,20260866,32,17,93.882,23.4705,0.0,0,0,92.5,1.66,0.465,0.1657,0.2334
Complete Adaptive TLBO,20260866,32,18,93.882,23.4705,0.0,0,0,92.5,1.64,0.46,0.1579,0.2445
Complete Adaptive TLBO,20260866,32,19,93.882,23.4705,0.0,0,0,92.5,1.62,0.455,0.1503,0.2512
Complete Adaptive TLBO,20260866,32,20,93.882,23.4705,0.0,0,0,92.5,1.6,0.45,0.143,0.2515
Complete Adaptive TLBO,20260866,32,21,93.882,23.4705,0.0,0,0,92.5,1.58,0.445,0.1359,0.2427
Complete Adaptive TLBO,20260866,32,22,93.882,35.0034,0.0,0,0,92.5,1.56,0.44,0.1291,0.2484
Complete Adaptive TLBO,20260866,32,23,93.9312,23.4766,0.0,0,0,92.5,1.54,0.435,0.1225,0.2586
Complete Adaptive TLBO,20260866,32,24,93.9312,35.2181,0.0,0,0,92.5,1.52,0.43,0.1161,0.2294
Complete Adaptive TLBO,20260866,32,25,93.9312,46.8896,0.0,0,0,92.5,1.5,0.425,0.11,0.2353
Complete Adaptive TLBO,20260866,32,26,93.9312,35.2242,0.0,0,0,92.5,1.48,0.42,0.1041,0.2322
Complete Adaptive TLBO,20260866,32,27,93.9372,23.4836,0.0,0,0,92.5,1.46,0.415,0.0985,0.2579
Complete Adaptive TLBO,20260866,32,28,93.94,23.4847,0.0,0,0,92.5,1.44,0.41,0.0931,0.2614
Complete Adaptive TLBO,20260866,32,29,93.94,23.485,0.0,0,0,92.5,1.42,0.405,0.0879,0.2336
Complete Adaptive TLBO,20260866,32,30,93.94,23.485,0.0,0,0,92.5,1.4,0.4,0.083,0.2286
Complete Adaptive TLBO,20260866,32,31,93.94,35.0501,0.0,0,0,92.5,1.38,0.395,0.0783,0.2339
Complete Adaptive TLBO,20260866,32,32,93.9892,23.4911,0.0,0,0,92.5,1.36,0.39,0.0739,0.2408
Complete Adaptive TLBO,20260866,32,33,93.9892,35.1058,0.0,0,0,92.5,1.34,0.385,0.0697,0.2368
Complete Adaptive TLBO,20260866,32,34,93.9892,35.1425,0.0,0,0,92.5,1.32,0.38,0.0657,0.2214
Complete Adaptive TLBO,20260866,32,35,93.9892,46.8912,0.0,0,0,92.5,1.3,0.375,0.062,0.1941
Complete Adaptive TLBO,20260866,32,36,93.9892,58.6398,0.0,0,0,92.5,1.28,0.37,0.0585,0.185
Complete Adaptive TLBO,20260866,32,37,93.9892,82.0871,0.0,0,0,92.5,1.26,0.365,0.0553,0.2206
Complete Adaptive TLBO,20260866,32,38,93.9892,93.8358,93.2572,0,0,92.5,1.24,0.36,0.0523,0.1726
Complete Adaptive TLBO,20260866,32,39,93.9892,93.9542,93.7092,0,0,92.5,1.22,0.355,0.0495,0.1513
Complete Adaptive TLBO,20260866,32,40,93.9892,93.9892,93.9892,0,0,92.5,1.2,0.35,0.047,0.1493
Complete Adaptive TLBO,20260866,32,41,93.9892,93.9892,93.9892,0,0,92.5,1.18,0.345,0.0447,0.1203
Complete Adaptive TLBO,20260866,32,42,93.9892,93.9892,93.9892,0,0,92.5,1.16,0.34,0.0427,0.1277
Complete Adaptive TLBO,20260866,32,43,93.9892,93.9892,93.9892,0,0,92.5,1.14,0.335,0.0409,0.1436
Complete Adaptive TLBO,20260866,32,44,93.9892,93.9892,93.9892,0,0,92.5,1.12,0.33,0.0393,0.1222
Complete Adaptive TLBO,20260866,32,45,93.9892,93.9892,93.9892,0,0,92.5,1.1,0.325,0.038,0.1023
Complete Adaptive TLBO,20260866,32,46,93.9892,93.9892,93.9892,0,0,92.5,1.08,0.32,0.0369,0.105
Complete Adaptive TLBO,20260866,32,47,93.9892,93.9892,93.9892,0,0,92.5,1.06,0.315,0.0361,0.1252
Complete Adaptive TLBO,20260866,32,48,93.9892,93.9892,93.9892,0,0,92.5,1.04,0.31,0.0355,0.1403
Complete Adaptive TLBO,20260866,32,49,93.9892,93.9892,93.9892,0,0,92.5,1.02,0.305,0.0351,0.1207
Complete Adaptive TLBO,20260866,32,50,93.9892,93.9892,93.9892,0,0,92.5,1.0,0.3,0.035,0.1325
Complete Adaptive TLBO,20260867,33,1,93.5384,23.3622,0.0,0,0,92.5,1.98,0.545,0.3231,0.3333
Complete Adaptive TLBO,20260867,33,2,93.5384,23.3846,0.0,0,0,92.5,1.96,0.54,0.3115,0.2722
Complete Adaptive TLBO,20260867,33,3,93.5384,34.8647,0.0,0,0,92.5,1.94,0.535,0.3001,0.2691
Complete Adaptive TLBO,20260867,33,4,93.7436,23.4102,0.0,0,0,92.5,1.92,0.53,0.2889,0.2807
Complete Adaptive TLBO,20260867,33,5,93.7436,35.1282,0.0,0,0,92.5,1.9,0.525,0.278,0.2616
Complete Adaptive TLBO,20260867,33,6,93.7436,23.4359,0.0,0,0,92.5,1.88,0.52,0.2673,0.2549
Complete Adaptive TLBO,20260867,33,7,93.788,35.1594,0.0,0,0,92.5,1.86,0.515,0.2569,0.2627
Complete Adaptive TLBO,20260867,33,8,93.836,23.453,0.0,0,0,92.5,1.84,0.51,0.2467,0.2795
Complete Adaptive TLBO,20260867,33,9,93.836,23.459,0.0,0,0,92.5,1.82,0.505,0.2367,0.2502
Complete Adaptive TLBO,20260867,33,10,93.836,23.459,0.0,0,0,92.5,1.8,0.5,0.227,0.2699
Complete Adaptive TLBO,20260867,33,11,93.864,23.4625,0.0,0,0,92.5,1.78,0.495,0.2175,0.2698
Complete Adaptive TLBO,20260867,33,12,93.864,35.0802,0.0,0,0,92.5,1.76,0.49,0.2083,0.2383
Complete Adaptive TLBO,20260867,33,13,93.864,23.466,0.0,0,0,92.5,1.74,0.485,0.1993,0.2297
Complete Adaptive TLBO,20260867,33,14,93.864,23.466,0.0,0,0,92.5,1.72,0.48,0.1905,0.2504
Complete Adaptive TLBO,20260867,33,15,93.864,23.466,0.0,0,0,92.5,1.7,0.475,0.182,0.238
Complete Adaptive TLBO,20260867,33,16,93.864,23.466,0.0,0,0,92.5,1.68,0.47,0.1737,0.2708
Complete Adaptive TLBO,20260867,33,17,93.864,23.466,0.0,0,0,92.5,1.66,0.465,0.1657,0.2805
Complete Adaptive TLBO,20260867,33,18,93.864,35.0948,0.0,0,0,92.5,1.64,0.46,0.1579,0.2602
Complete Adaptive TLBO,20260867,33,19,93.864,23.466,0.0,0,0,92.5,1.62,0.455,0.1503,0.2862
Complete Adaptive TLBO,20260867,33,20,93.864,23.466,0.0,0,0,92.5,1.6,0.45,0.143,0.2848
Complete Adaptive TLBO,20260867,33,21,93.864,23.466,0.0,0,0,92.5,1.58,0.445,0.1359,0.2662
Complete Adaptive TLBO,20260867,33,22,93.864,23.466,0.0,0,0,92.5,1.56,0.44,0.1291,0.2742
Complete Adaptive TLBO,20260867,33,23,93.87,23.4668,0.0,0,0,92.5,1.54,0.435,0.1225,0.3101
Complete Adaptive TLBO,20260867,33,24,93.87,23.4675,0.0,0,0,92.5,1.52,0.43,0.1161,0.2782
Complete Adaptive TLBO,20260867,33,25,93.87,35.1446,0.0,0,0,92.5,1.5,0.425,0.11,0.2652
Complete Adaptive TLBO,20260867,33,26,93.87,23.4675,0.0,0,0,92.5,1.48,0.42,0.1041,0.2542
Complete Adaptive TLBO,20260867,33,27,93.87,23.4675,0.0,0,0,92.5,1.46,0.415,0.0985,0.2408
Complete Adaptive TLBO,20260867,33,28,93.87,23.4675,0.0,0,0,92.5,1.44,0.41,0.0931,0.2734
Complete Adaptive TLBO,20260867,33,29,93.87,35.0929,0.0,0,0,92.5,1.42,0.405,0.0879,0.2896
Complete Adaptive TLBO,20260867,33,30,93.87,23.4675,0.0,0,0,92.5,1.4,0.4,0.083,0.2423
Complete Adaptive TLBO,20260867,33,31,93.87,23.4675,0.0,0,0,92.5,1.38,0.395,0.0783,0.2397
Complete Adaptive TLBO,20260867,33,32,93.87,35.0892,0.0,0,0,92.5,1.36,0.39,0.0739,0.2492
Complete Adaptive TLBO,20260867,33,33,93.87,35.0461,0.0,0,0,92.5,1.34,0.385,0.0697,0.2837
Complete Adaptive TLBO,20260867,33,34,93.87,23.4675,0.0,0,0,92.5,1.32,0.38,0.0657,0.258
Complete Adaptive TLBO,20260867,33,35,93.87,23.4675,0.0,0,0,92.5,1.3,0.375,0.062,0.2257
Complete Adaptive TLBO,20260867,33,36,93.87,35.2013,0.0,0,0,92.5,1.28,0.37,0.0585,0.1937
Complete Adaptive TLBO,20260867,33,37,93.87,46.935,0.0,0,0,92.5,1.26,0.365,0.0553,0.1581
Complete Adaptive TLBO,20260867,33,38,93.87,81.9615,0.0,0,0,92.5,1.24,0.36,0.0523,0.1459
Complete Adaptive TLBO,20260867,33,39,93.87,93.779,93.496,0,0,92.5,1.22,0.355,0.0495,0.1677
Complete Adaptive TLBO,20260867,33,40,93.9192,93.8319,93.516,0,0,92.5,1.2,0.35,0.047,0.1554
Complete Adaptive TLBO,20260867,33,41,93.9192,93.8823,93.87,0,0,92.5,1.18,0.345,0.0447,0.1631
Complete Adaptive TLBO,20260867,33,42,93.9192,93.9008,93.87,0,0,92.5,1.16,0.34,0.0427,0.152
Complete Adaptive TLBO,20260867,33,43,93.9192,93.913,93.87,0,0,92.5,1.14,0.335,0.0409,0.154
Complete Adaptive TLBO,20260867,33,44,93.9192,93.9192,93.9192,0,0,92.5,1.12,0.33,0.0393,0.1195
Complete Adaptive TLBO,20260867,33,45,93.9192,93.9192,93.9192,0,0,92.5,1.1,0.325,0.038,0.1203
Complete Adaptive TLBO,20260867,33,46,93.9192,93.9192,93.9192,0,0,92.5,1.08,0.32,0.0369,0.1078
Complete Adaptive TLBO,20260867,33,47,93.9192,93.9192,93.9192,0,0,92.5,1.06,0.315,0.0361,0.1118
Complete Adaptive TLBO,20260867,33,48,93.9192,93.9192,93.9192,0,0,92.5,1.04,0.31,0.0355,0.1327
Complete Adaptive TLBO,20260867,33,49,93.9192,93.9192,93.9192,0,0,92.5,1.02,0.305,0.0351,0.1202
Complete Adaptive TLBO,20260867,33,50,93.9192,93.9192,93.9192,0,0,92.5,1.0,0.3,0.035,0.1062
Complete Adaptive TLBO,20260868,34,1,93.5228,46.672,0.0,0,0,92.5,1.98,0.545,0.3231,0.3104
Complete Adaptive TLBO,20260868,34,2,93.5364,23.3824,0.0,0,0,92.5,1.96,0.54,0.3115,0.3362
Complete Adaptive TLBO,20260868,34,3,93.6452,35.0881,0.0,0,0,92.5,1.94,0.535,0.3001,0.2805
Complete Adaptive TLBO,20260868,34,4,93.6452,46.7937,0.0,0,0,92.5,1.92,0.53,0.2889,0.2765
Complete Adaptive TLBO,20260868,34,5,93.6452,23.4113,0.0,0,0,92.5,1.9,0.525,0.278,0.266
Complete Adaptive TLBO,20260868,34,6,93.6896,35.1225,0.0,0,0,92.5,1.88,0.52,0.2673,0.2662
Complete Adaptive TLBO,20260868,34,7,93.6896,35.1281,0.0,0,0,92.5,1.86,0.515,0.2569,0.2316
Complete Adaptive TLBO,20260868,34,8,93.6896,23.4224,0.0,0,0,92.5,1.84,0.51,0.2467,0.2477
Complete Adaptive TLBO,20260868,34,9,93.6896,35.1336,0.0,0,0,92.5,1.82,0.505,0.2367,0.2675
Complete Adaptive TLBO,20260868,34,10,93.6896,35.1336,0.0,0,0,92.5,1.8,0.5,0.227,0.2491
Complete Adaptive TLBO,20260868,34,11,93.782,23.4374,0.0,0,0,92.5,1.78,0.495,0.2175,0.3423
Complete Adaptive TLBO,20260868,34,12,93.8312,23.4517,0.0,0,0,92.5,1.76,0.49,0.2083,0.2635
Complete Adaptive TLBO,20260868,34,13,93.8312,35.0443,0.0,0,0,92.5,1.74,0.485,0.1993,0.2472
Complete Adaptive TLBO,20260868,34,14,93.884,23.4644,0.0,0,0,92.5,1.72,0.48,0.1905,0.2808
Complete Adaptive TLBO,20260868,34,15,93.884,23.471,0.0,0,0,92.5,1.7,0.475,0.182,0.2588
Complete Adaptive TLBO,20260868,34,16,93.884,23.471,0.0,0,0,92.5,1.68,0.47,0.1737,0.2559
Complete Adaptive TLBO,20260868,34,17,93.884,23.471,0.0,0,0,92.5,1.66,0.465,0.1657,0.252
Complete Adaptive TLBO,20260868,34,18,93.884,23.471,0.0,0,0,92.5,1.64,0.46,0.1579,0.2283
Complete Adaptive TLBO,20260868,34,19,93.884,23.471,0.0,0,0,92.5,1.62,0.455,0.1503,0.2492
Complete Adaptive TLBO,20260868,34,20,93.884,23.471,0.0,0,0,92.5,1.6,0.45,0.143,0.2765
Complete Adaptive TLBO,20260868,34,21,93.884,23.471,0.0,0,0,92.5,1.58,0.445,0.1359,0.2673
Complete Adaptive TLBO,20260868,34,22,93.884,23.471,0.0,0,0,92.5,1.56,0.44,0.1291,0.2674
Complete Adaptive TLBO,20260868,34,23,93.884,23.471,0.0,0,0,92.5,1.54,0.435,0.1225,0.2715
Complete Adaptive TLBO,20260868,34,24,93.884,23.471,0.0,0,0,92.5,1.52,0.43,0.1161,0.2618
Complete Adaptive TLBO,20260868,34,25,93.884,23.471,0.0,0,0,92.5,1.5,0.425,0.11,0.2685
Complete Adaptive TLBO,20260868,34,26,93.884,23.471,0.0,0,0,92.5,1.48,0.42,0.1041,0.2707
Complete Adaptive TLBO,20260868,34,27,93.884,23.471,0.0,0,0,92.5,1.46,0.415,0.0985,0.2599
Complete Adaptive TLBO,20260868,34,28,93.884,23.471,0.0,0,0,92.5,1.44,0.41,0.0931,0.261
Complete Adaptive TLBO,20260868,34,29,93.884,23.471,0.0,0,0,92.5,1.42,0.405,0.0879,0.2584
Complete Adaptive TLBO,20260868,34,30,93.884,23.471,0.0,0,0,92.5,1.4,0.4,0.083,0.28
Complete Adaptive TLBO,20260868,34,31,93.884,23.471,0.0,0,0,92.5,1.38,0.395,0.0783,0.2773
Complete Adaptive TLBO,20260868,34,32,93.89,23.4718,0.0,0,0,92.5,1.36,0.39,0.0739,0.3046
Complete Adaptive TLBO,20260868,34,33,93.89,23.4725,0.0,0,0,92.5,1.34,0.385,0.0697,0.2425
Complete Adaptive TLBO,20260868,34,34,93.89,23.4725,0.0,0,0,92.5,1.32,0.38,0.0657,0.2394
Complete Adaptive TLBO,20260868,34,35,93.89,35.2088,0.0,0,0,92.5,1.3,0.375,0.062,0.1918
Complete Adaptive TLBO,20260868,34,36,93.89,58.619,0.0,0,0,92.5,1.28,0.37,0.0585,0.1945
Complete Adaptive TLBO,20260868,34,37,93.89,70.3552,0.0,0,0,92.5,1.26,0.365,0.0553,0.1387
Complete Adaptive TLBO,20260868,34,38,93.89,82.0915,0.0,0,0,92.5,1.24,0.36,0.0523,0.1676
Complete Adaptive TLBO,20260868,34,39,93.89,93.8277,93.392,0,0,92.5,1.22,0.355,0.0495,0.1203
Complete Adaptive TLBO,20260868,34,40,93.92,93.8937,93.89,0,0,92.5,1.2,0.35,0.047,0.1228
Complete Adaptive TLBO,20260868,34,41,93.92,93.905,93.89,0,0,92.5,1.18,0.345,0.0447,0.1324
Complete Adaptive TLBO,20260868,34,42,93.92,93.9125,93.89,0,0,92.5,1.16,0.34,0.0427,0.1302
Complete Adaptive TLBO,20260868,34,43,93.95,93.92,93.89,0,0,92.5,1.14,0.335,0.0409,0.1422
Complete Adaptive TLBO,20260868,34,44,93.95,93.9275,93.92,0,0,92.5,1.12,0.33,0.0393,0.1522
Complete Adaptive TLBO,20260868,34,45,93.95,93.935,93.92,0,0,92.5,1.1,0.325,0.038,0.1379
Complete Adaptive TLBO,20260868,34,46,93.95,93.9387,93.92,0,0,92.5,1.08,0.32,0.0369,0.1683
Complete Adaptive TLBO,20260868,34,47,93.95,93.9425,93.92,0,0,92.5,1.06,0.315,0.0361,0.1329
Complete Adaptive TLBO,20260868,34,48,93.95,93.9463,93.92,0,0,92.5,1.04,0.31,0.0355,0.1231
Complete Adaptive TLBO,20260868,34,49,93.95,93.95,93.95,0,0,92.5,1.02,0.305,0.0351,0.109
Complete Adaptive TLBO,20260868,34,50,93.95,93.95,93.95,0,0,92.5,1.0,0.3,0.035,0.1005
Complete Adaptive TLBO,20260869,35,1,93.4552,34.8364,0.0,0,0,92.5,1.98,0.545,0.3231,0.3182
Complete Adaptive TLBO,20260869,35,2,93.5644,23.3863,0.0,0,0,92.5,1.96,0.54,0.3115,0.3721
Complete Adaptive TLBO,20260869,35,3,93.5644,23.3911,0.0,0,0,92.5,1.94,0.535,0.3001,0.2944
Complete Adaptive TLBO,20260869,35,4,93.5644,23.3911,0.0,0,0,92.5,1.92,0.53,0.2889,0.2583
Complete Adaptive TLBO,20260869,35,5,93.7252,35.1165,0.0,0,0,92.5,1.9,0.525,0.278,0.3107
Complete Adaptive TLBO,20260869,35,6,93.7696,23.4368,0.0,0,0,92.5,1.88,0.52,0.2673,0.291
Complete Adaptive TLBO,20260869,35,7,93.792,23.4452,0.0,0,0,92.5,1.86,0.515,0.2569,0.302
Complete Adaptive TLBO,20260869,35,8,93.822,23.4518,0.0,0,0,92.5,1.84,0.51,0.2467,0.2955
Complete Adaptive TLBO,20260869,35,9,93.822,23.4555,0.0,0,0,92.5,1.82,0.505,0.2367,0.2404
Complete Adaptive TLBO,20260869,35,10,93.822,23.4555,0.0,0,0,92.5,1.8,0.5,0.227,0.2756
Complete Adaptive TLBO,20260869,35,11,93.822,23.4555,0.0,0,0,92.5,1.78,0.495,0.2175,0.2554
Complete Adaptive TLBO,20260869,35,12,93.8892,23.4639,0.0,0,0,92.5,1.76,0.49,0.2083,0.2788
Complete Adaptive TLBO,20260869,35,13,93.8892,23.4723,0.0,0,0,92.5,1.74,0.485,0.1993,0.263
Complete Adaptive TLBO,20260869,35,14,93.8892,23.4723,0.0,0,0,92.5,1.72,0.48,0.1905,0.2353
Complete Adaptive TLBO,20260869,35,15,93.8892,23.4723,0.0,0,0,92.5,1.7,0.475,0.182,0.2392
Complete Adaptive TLBO,20260869,35,16,93.8892,35.2084,0.0,0,0,92.5,1.68,0.47,0.1737,0.2424
Complete Adaptive TLBO,20260869,35,17,93.942,23.4789,0.0,0,0,92.5,1.66,0.465,0.1657,0.2867
Complete Adaptive TLBO,20260869,35,18,93.942,23.4855,0.0,0,0,92.5,1.64,0.46,0.1579,0.2532
Complete Adaptive TLBO,20260869,35,19,93.942,23.4855,0.0,0,0,92.5,1.62,0.455,0.1503,0.2351
Complete Adaptive TLBO,20260869,35,20,93.942,23.4855,0.0,0,0,92.5,1.6,0.45,0.143,0.24
Complete Adaptive TLBO,20260869,35,21,93.942,23.4855,0.0,0,0,92.5,1.58,0.445,0.1359,0.2607
Complete Adaptive TLBO,20260869,35,22,93.942,23.4855,0.0,0,0,92.5,1.56,0.44,0.1291,0.2602
Complete Adaptive TLBO,20260869,35,23,93.942,23.4855,0.0,0,0,92.5,1.54,0.435,0.1225,0.2588
Complete Adaptive TLBO,20260869,35,24,93.942,35.1118,0.0,0,0,92.5,1.52,0.43,0.1161,0.2409
Complete Adaptive TLBO,20260869,35,25,93.942,23.4855,0.0,0,0,92.5,1.5,0.425,0.11,0.2638
Complete Adaptive TLBO,20260869,35,26,93.942,23.4855,0.0,0,0,92.5,1.48,0.42,0.1041,0.2722
Complete Adaptive TLBO,20260869,35,27,93.942,23.4855,0.0,0,0,92.5,1.46,0.415,0.0985,0.2776
Complete Adaptive TLBO,20260869,35,28,93.942,23.4855,0.0,0,0,92.5,1.44,0.41,0.0931,0.2464
Complete Adaptive TLBO,20260869,35,29,93.942,23.4855,0.0,0,0,92.5,1.42,0.405,0.0879,0.2594
Complete Adaptive TLBO,20260869,35,30,93.942,23.4855,0.0,0,0,92.5,1.4,0.4,0.083,0.2391
Complete Adaptive TLBO,20260869,35,31,93.942,23.4855,0.0,0,0,92.5,1.38,0.395,0.0783,0.2559
Complete Adaptive TLBO,20260869,35,32,93.942,23.4855,0.0,0,0,92.5,1.36,0.39,0.0739,0.2844
Complete Adaptive TLBO,20260869,35,33,93.942,23.4855,0.0,0,0,92.5,1.34,0.385,0.0697,0.2483
Complete Adaptive TLBO,20260869,35,34,93.942,23.4855,0.0,0,0,92.5,1.32,0.38,0.0657,0.25
Complete Adaptive TLBO,20260869,35,35,93.942,23.4855,0.0,0,0,92.5,1.3,0.375,0.062,0.2181
Complete Adaptive TLBO,20260869,35,36,93.942,46.8421,0.0,0,0,92.5,1.28,0.37,0.0585,0.1934
Complete Adaptive TLBO,20260869,35,37,93.942,70.3163,0.0,0,0,92.5,1.26,0.365,0.0553,0.181
Complete Adaptive TLBO,20260869,35,38,93.942,82.059,0.0,0,0,92.5,1.24,0.36,0.0523,0.1789
Complete Adaptive TLBO,20260869,35,39,93.942,93.8438,93.3432,0,0,92.5,1.22,0.355,0.0495,0.16
Complete Adaptive TLBO,20260869,35,40,93.942,93.9186,93.7552,0,0,92.5,1.2,0.35,0.047,0.1222
Complete Adaptive TLBO,20260869,35,41,93.942,93.942,93.942,0,0,92.5,1.18,0.345,0.0447,0.1009
Complete Adaptive TLBO,20260869,35,42,93.942,93.942,93.942,0,0,92.5,1.16,0.34,0.0427,0.1041
Complete Adaptive TLBO,20260869,35,43,93.942,93.942,93.942,0,0,92.5,1.14,0.335,0.0409,0.1127
Complete Adaptive TLBO,20260869,35,44,93.942,93.942,93.942,0,0,92.5,1.12,0.33,0.0393,0.1015
Complete Adaptive TLBO,20260869,35,45,93.942,93.942,93.942,0,0,92.5,1.1,0.325,0.038,0.1119
Complete Adaptive TLBO,20260869,35,46,93.942,93.942,93.942,0,0,92.5,1.08,0.32,0.0369,0.1107
Complete Adaptive TLBO,20260869,35,47,93.942,93.942,93.942,0,0,92.5,1.06,0.315,0.0361,0.107
Complete Adaptive TLBO,20260869,35,48,93.942,93.942,93.942,0,0,92.5,1.04,0.31,0.0355,0.0959
Complete Adaptive TLBO,20260869,35,49,93.942,93.942,93.942,0,0,92.5,1.02,0.305,0.0351,0.1019
Complete Adaptive TLBO,20260869,35,50,93.942,93.942,93.942,0,0,92.5,1.0,0.3,0.035,0.0989
Complete Adaptive TLBO,20260870,36,1,93.2776,23.254,0.0,0,0,92.5,1.98,0.545,0.3231,0.2978
Complete Adaptive TLBO,20260870,36,2,93.5608,23.3631,0.0,0,0,92.5,1.96,0.54,0.3115,0.3492
Complete Adaptive TLBO,20260870,36,3,93.6004,23.3952,0.0,0,0,92.5,1.94,0.535,0.3001,0.2935
Complete Adaptive TLBO,20260870,36,4,93.6832,23.4104,0.0,0,0,92.5,1.92,0.53,0.2889,0.2671
Complete Adaptive TLBO,20260870,36,5,93.82,23.449,0.0,0,0,92.5,1.9,0.525,0.278,0.3215
Complete Adaptive TLBO,20260870,36,6,93.82,23.455,0.0,0,0,92.5,1.88,0.52,0.2673,0.2551
Complete Adaptive TLBO,20260870,36,7,93.82,23.455,0.0,0,0,92.5,1.86,0.515,0.2569,0.2748
Complete Adaptive TLBO,20260870,36,8,93.82,23.455,0.0,0,0,92.5,1.84,0.51,0.2467,0.2504
Complete Adaptive TLBO,20260870,36,9,93.82,23.455,0.0,0,0,92.5,1.82,0.505,0.2367,0.2683
Complete Adaptive TLBO,20260870,36,10,93.82,23.455,0.0,0,0,92.5,1.8,0.5,0.227,0.2862
Complete Adaptive TLBO,20260870,36,11,93.82,23.455,0.0,0,0,92.5,1.78,0.495,0.2175,0.2305
Complete Adaptive TLBO,20260870,36,12,93.82,23.455,0.0,0,0,92.5,1.76,0.49,0.2083,0.2612
Complete Adaptive TLBO,20260870,36,13,93.8692,23.4611,0.0,0,0,92.5,1.74,0.485,0.1993,0.3116
Complete Adaptive TLBO,20260870,36,14,93.95,35.2111,0.0,0,0,92.5,1.72,0.48,0.1905,0.2769
Complete Adaptive TLBO,20260870,36,15,93.95,23.4875,0.0,0,0,92.5,1.7,0.475,0.182,0.2733
Complete Adaptive TLBO,20260870,36,16,93.95,23.4875,0.0,0,0,92.5,1.68,0.47,0.1737,0.2724
Complete Adaptive TLBO,20260870,36,17,93.95,35.2313,0.0,0,0,92.5,1.66,0.465,0.1657,0.259
Complete Adaptive TLBO,20260870,36,18,93.95,23.4875,0.0,0,0,92.5,1.64,0.46,0.1579,0.235
Complete Adaptive TLBO,20260870,36,19,93.95,23.4875,0.0,0,0,92.5,1.62,0.455,0.1503,0.2593
Complete Adaptive TLBO,20260870,36,20,93.95,35.0919,0.0,0,0,92.5,1.6,0.45,0.143,0.2651
Complete Adaptive TLBO,20260870,36,21,93.95,23.4875,0.0,0,0,92.5,1.58,0.445,0.1359,0.2669
Complete Adaptive TLBO,20260870,36,22,93.95,46.7758,0.0,0,0,92.5,1.56,0.44,0.1291,0.2419
Complete Adaptive TLBO,20260870,36,23,93.95,23.4875,0.0,0,0,92.5,1.54,0.435,0.1225,0.2804
Complete Adaptive TLBO,20260870,36,24,93.95,23.4875,0.0,0,0,92.5,1.52,0.43,0.1161,0.2546
Complete Adaptive TLBO,20260870,36,25,93.95,23.4875,0.0,0,0,92.5,1.5,0.425,0.11,0.2747
Complete Adaptive TLBO,20260870,36,26,93.95,23.4875,0.0,0,0,92.5,1.48,0.42,0.1041,0.2511
Complete Adaptive TLBO,20260870,36,27,93.95,23.4875,0.0,0,0,92.5,1.46,0.415,0.0985,0.2511
Complete Adaptive TLBO,20260870,36,28,93.958,23.4885,0.0,0,0,92.5,1.44,0.41,0.0931,0.292
Complete Adaptive TLBO,20260870,36,29,93.958,23.4895,0.0,0,0,92.5,1.42,0.405,0.0879,0.2567
Complete Adaptive TLBO,20260870,36,30,93.958,23.4895,0.0,0,0,92.5,1.4,0.4,0.083,0.253
Complete Adaptive TLBO,20260870,36,31,93.958,23.4895,0.0,0,0,92.5,1.38,0.395,0.0783,0.2504
Complete Adaptive TLBO,20260870,36,32,93.958,23.4895,0.0,0,0,92.5,1.36,0.39,0.0739,0.2548
Complete Adaptive TLBO,20260870,36,33,93.958,23.4895,0.0,0,0,92.5,1.34,0.385,0.0697,0.2498
Complete Adaptive TLBO,20260870,36,34,93.958,23.4895,0.0,0,0,92.5,1.32,0.38,0.0657,0.2587
Complete Adaptive TLBO,20260870,36,35,93.958,35.165,0.0,0,0,92.5,1.3,0.375,0.062,0.21
Complete Adaptive TLBO,20260870,36,36,93.958,46.9098,0.0,0,0,92.5,1.28,0.37,0.0585,0.2049
Complete Adaptive TLBO,20260870,36,37,93.958,58.6545,0.0,0,0,92.5,1.26,0.365,0.0553,0.191
Complete Adaptive TLBO,20260870,36,38,93.958,82.0962,0.0,0,0,92.5,1.24,0.36,0.0523,0.176
Complete Adaptive TLBO,20260870,36,39,93.958,93.841,93.468,0,0,92.5,1.22,0.355,0.0495,0.1255
Complete Adaptive TLBO,20260870,36,40,93.958,93.9128,93.5968,0,0,92.5,1.2,0.35,0.047,0.1427
Complete Adaptive TLBO,20260870,36,41,93.958,93.958,93.958,0,0,92.5,1.18,0.345,0.0447,0.1076
Complete Adaptive TLBO,20260870,36,42,93.958,93.958,93.958,0,0,92.5,1.16,0.34,0.0427,0.1112
Complete Adaptive TLBO,20260870,36,43,93.958,93.958,93.958,0,0,92.5,1.14,0.335,0.0409,0.0837
Complete Adaptive TLBO,20260870,36,44,93.958,93.958,93.958,0,0,92.5,1.12,0.33,0.0393,0.0932
Complete Adaptive TLBO,20260870,36,45,93.958,93.958,93.958,0,0,92.5,1.1,0.325,0.038,0.1185
Complete Adaptive TLBO,20260870,36,46,93.958,93.958,93.958,0,0,92.5,1.08,0.32,0.0369,0.1242
Complete Adaptive TLBO,20260870,36,47,93.958,93.958,93.958,0,0,92.5,1.06,0.315,0.0361,0.1109
Complete Adaptive TLBO,20260870,36,48,93.958,93.958,93.958,0,0,92.5,1.04,0.31,0.0355,0.1006
Complete Adaptive TLBO,20260870,36,49,93.958,93.958,93.958,0,0,92.5,1.02,0.305,0.0351,0.1137
Complete Adaptive TLBO,20260870,36,50,93.958,93.958,93.958,0,0,92.5,1.0,0.3,0.035,0.0949
Complete Adaptive TLBO,20260871,37,1,93.174,34.8925,0.0,0,0,92.5,1.98,0.545,0.3231,0.3447
Complete Adaptive TLBO,20260871,37,2,93.2692,34.9137,0.0,0,0,92.5,1.96,0.54,0.3115,0.3103
Complete Adaptive TLBO,20260871,37,3,93.48,34.9937,0.0,0,0,92.5,1.94,0.535,0.3001,0.3009
Complete Adaptive TLBO,20260871,37,4,93.51,23.3738,0.0,0,0,92.5,1.92,0.53,0.2889,0.3023
Complete Adaptive TLBO,20260871,37,5,93.51,35.0663,0.0,0,0,92.5,1.9,0.525,0.278,0.2416
Complete Adaptive TLBO,20260871,37,6,93.6288,23.3924,0.0,0,0,92.5,1.88,0.52,0.2673,0.2837
Complete Adaptive TLBO,20260871,37,7,93.6288,35.096,0.0,0,0,92.5,1.86,0.515,0.2569,0.2557
Complete Adaptive TLBO,20260871,37,8,93.7956,46.8116,0.0,0,0,92.5,1.84,0.51,0.2467,0.2878
Complete Adaptive TLBO,20260871,37,9,93.7956,23.4489,0.0,0,0,92.5,1.82,0.505,0.2367,0.2876
Complete Adaptive TLBO,20260871,37,10,93.84,23.4545,0.0,0,0,92.5,1.8,0.5,0.227,0.2622
Complete Adaptive TLBO,20260871,37,11,93.888,35.1904,0.0,0,0,92.5,1.78,0.495,0.2175,0.2775
Complete Adaptive TLBO,20260871,37,12,93.9372,23.4781,0.0,0,0,92.5,1.76,0.49,0.2083,0.2897
Complete Adaptive TLBO,20260871,37,13,93.9372,23.4843,0.0,0,0,92.5,1.74,0.485,0.1993,0.2627
Complete Adaptive TLBO,20260871,37,14,93.9372,23.4843,0.0,0,0,92.5,1.72,0.48,0.1905,0.2553
Complete Adaptive TLBO,20260871,37,15,93.9372,23.4843,0.0,0,0,92.5,1.7,0.475,0.182,0.2678
Complete Adaptive TLBO,20260871,37,16,93.9372,23.4843,0.0,0,0,92.5,1.68,0.47,0.1737,0.2402
Complete Adaptive TLBO,20260871,37,17,93.9372,23.4843,0.0,0,0,92.5,1.66,0.465,0.1657,0.2568
Complete Adaptive TLBO,20260871,37,18,93.9372,23.4843,0.0,0,0,92.5,1.64,0.46,0.1579,0.2702
Complete Adaptive TLBO,20260871,37,19,93.9372,23.4843,0.0,0,0,92.5,1.62,0.455,0.1503,0.2667
Complete Adaptive TLBO,20260871,37,20,93.9372,23.4843,0.0,0,0,92.5,1.6,0.45,0.143,0.2517
Complete Adaptive TLBO,20260871,37,21,93.9372,35.1376,0.0,0,0,92.5,1.58,0.445,0.1359,0.2669
Complete Adaptive TLBO,20260871,37,22,93.9372,23.4843,0.0,0,0,92.5,1.56,0.44,0.1291,0.262
Complete Adaptive TLBO,20260871,37,23,93.9372,23.4843,0.0,0,0,92.5,1.54,0.435,0.1225,0.2712
Complete Adaptive TLBO,20260871,37,24,93.9372,23.4843,0.0,0,0,92.5,1.52,0.43,0.1161,0.2477
Complete Adaptive TLBO,20260871,37,25,93.9412,23.4848,0.0,0,0,92.5,1.5,0.425,0.11,0.2837
Complete Adaptive TLBO,20260871,37,26,93.9412,23.4853,0.0,0,0,92.5,1.48,0.42,0.1041,0.272
Complete Adaptive TLBO,20260871,37,27,93.9412,23.4853,0.0,0,0,92.5,1.46,0.415,0.0985,0.2702
Complete Adaptive TLBO,20260871,37,28,93.9412,23.4853,0.0,0,0,92.5,1.44,0.41,0.0931,0.2371
Complete Adaptive TLBO,20260871,37,29,93.9412,23.4853,0.0,0,0,92.5,1.42,0.405,0.0879,0.2353
Complete Adaptive TLBO,20260871,37,30,93.9412,23.4853,0.0,0,0,92.5,1.4,0.4,0.083,0.2451
Complete Adaptive TLBO,20260871,37,31,93.9412,23.4853,0.0,0,0,92.5,1.38,0.395,0.0783,0.2569
Complete Adaptive TLBO,20260871,37,32,93.9412,23.4853,0.0,0,0,92.5,1.36,0.39,0.0739,0.2533
Complete Adaptive TLBO,20260871,37,33,93.9412,23.4853,0.0,0,0,92.5,1.34,0.385,0.0697,0.2567
Complete Adaptive TLBO,20260871,37,34,93.994,23.4919,0.0,0,0,92.5,1.32,0.38,0.0657,0.2775
Complete Adaptive TLBO,20260871,37,35,93.994,35.2411,0.0,0,0,92.5,1.3,0.375,0.062,0.1985
Complete Adaptive TLBO,20260871,37,36,93.994,46.997,0.0,0,0,92.5,1.28,0.37,0.0585,0.1786
Complete Adaptive TLBO,20260871,37,37,93.994,58.7463,0.0,0,0,92.5,1.26,0.365,0.0553,0.182
Complete Adaptive TLBO,20260871,37,38,93.994,82.1847,0.0,0,0,92.5,1.24,0.36,0.0523,0.1567
Complete Adaptive TLBO,20260871,37,39,93.994,93.934,93.514,0,0,92.5,1.22,0.355,0.0495,0.1409
Complete Adaptive TLBO,20260871,37,40,93.994,93.994,93.994,0,0,92.5,1.2,0.35,0.047,0.1102
Complete Adaptive TLBO,20260871,37,41,93.994,93.994,93.994,0,0,92.5,1.18,0.345,0.0447,0.1242
Complete Adaptive TLBO,20260871,37,42,93.994,93.994,93.994,0,0,92.5,1.16,0.34,0.0427,0.1162
Complete Adaptive TLBO,20260871,37,43,93.994,93.994,93.994,0,0,92.5,1.14,0.335,0.0409,0.0863
Complete Adaptive TLBO,20260871,37,44,93.994,93.994,93.994,0,0,92.5,1.12,0.33,0.0393,0.096
Complete Adaptive TLBO,20260871,37,45,93.994,93.994,93.994,0,0,92.5,1.1,0.325,0.038,0.0871
Complete Adaptive TLBO,20260871,37,46,93.994,93.994,93.994,0,0,92.5,1.08,0.32,0.0369,0.1274
Complete Adaptive TLBO,20260871,37,47,93.994,93.994,93.994,0,0,92.5,1.06,0.315,0.0361,0.1171
Complete Adaptive TLBO,20260871,37,48,93.994,93.994,93.994,0,0,92.5,1.04,0.31,0.0355,0.1097
Complete Adaptive TLBO,20260871,37,49,93.994,93.994,93.994,0,0,92.5,1.02,0.305,0.0351,0.1385
Complete Adaptive TLBO,20260871,37,50,93.994,93.994,93.994,0,0,92.5,1.0,0.3,0.035,0.129
Complete Adaptive TLBO,20260872,38,1,93.4652,23.3113,0.0,0,0,92.5,1.98,0.545,0.3231,0.338
Complete Adaptive TLBO,20260872,38,2,93.536,23.3751,0.0,0,0,92.5,1.96,0.54,0.3115,0.2884
Complete Adaptive TLBO,20260872,38,3,93.6884,23.4031,0.0,0,0,92.5,1.94,0.535,0.3001,0.3194
Complete Adaptive TLBO,20260872,38,4,93.8156,35.0464,0.0,0,0,92.5,1.92,0.53,0.2889,0.3125
Complete Adaptive TLBO,20260872,38,5,93.89,35.0612,0.0,0,0,92.5,1.9,0.525,0.278,0.3146
Complete Adaptive TLBO,20260872,38,6,93.946,23.4795,0.0,0,0,92.5,1.88,0.52,0.2673,0.298
Complete Adaptive TLBO,20260872,38,7,93.9952,23.4926,0.0,0,0,92.5,1.86,0.515,0.2569,0.2872
Complete Adaptive TLBO,20260872,38,8,93.9952,23.4988,0.0,0,0,92.5,1.84,0.51,0.2467,0.2618
Complete Adaptive TLBO,20260872,38,9,93.9952,23.4988,0.0,0,0,92.5,1.82,0.505,0.2367,0.2712
Complete Adaptive TLBO,20260872,38,10,93.9952,35.096,0.0,0,0,92.5,1.8,0.5,0.227,0.2665
Complete Adaptive TLBO,20260872,38,11,93.9952,23.4988,0.0,0,0,92.5,1.78,0.495,0.2175,0.26
Complete Adaptive TLBO,20260872,38,12,93.9952,23.4988,0.0,0,0,92.5,1.76,0.49,0.2083,0.2833
Complete Adaptive TLBO,20260872,38,13,93.9952,23.4988,0.0,0,0,92.5,1.74,0.485,0.1993,0.2724
Complete Adaptive TLBO,20260872,38,14,93.9952,23.4988,0.0,0,0,92.5,1.72,0.48,0.1905,0.2426
Complete Adaptive TLBO,20260872,38,15,93.9952,23.4988,0.0,0,0,92.5,1.7,0.475,0.182,0.2747
Complete Adaptive TLBO,20260872,38,16,93.9952,23.4988,0.0,0,0,92.5,1.68,0.47,0.1737,0.2955
Complete Adaptive TLBO,20260872,38,17,93.9952,23.4988,0.0,0,0,92.5,1.66,0.465,0.1657,0.2598
Complete Adaptive TLBO,20260872,38,18,93.9952,23.4988,0.0,0,0,92.5,1.64,0.46,0.1579,0.2655
Complete Adaptive TLBO,20260872,38,19,93.9952,23.4988,0.0,0,0,92.5,1.62,0.455,0.1503,0.2456
Complete Adaptive TLBO,20260872,38,20,93.9952,23.4988,0.0,0,0,92.5,1.6,0.45,0.143,0.2439
Complete Adaptive TLBO,20260872,38,21,93.9952,23.4988,0.0,0,0,92.5,1.58,0.445,0.1359,0.2444
Complete Adaptive TLBO,20260872,38,22,93.9952,23.4988,0.0,0,0,92.5,1.56,0.44,0.1291,0.2396
Complete Adaptive TLBO,20260872,38,23,93.9952,23.4988,0.0,0,0,92.5,1.54,0.435,0.1225,0.2444
Complete Adaptive TLBO,20260872,38,24,93.9952,23.4988,0.0,0,0,92.5,1.52,0.43,0.1161,0.2516
Complete Adaptive TLBO,20260872,38,25,93.9952,23.4988,0.0,0,0,92.5,1.5,0.425,0.11,0.2677
Complete Adaptive TLBO,20260872,38,26,93.9952,23.4988,0.0,0,0,92.5,1.48,0.42,0.1041,0.2555
Complete Adaptive TLBO,20260872,38,27,93.9952,35.1023,0.0,0,0,92.5,1.46,0.415,0.0985,0.2725
Complete Adaptive TLBO,20260872,38,28,93.9952,23.4988,0.0,0,0,92.5,1.44,0.41,0.0931,0.2701
Complete Adaptive TLBO,20260872,38,29,93.9952,23.4988,0.0,0,0,92.5,1.42,0.405,0.0879,0.2634
Complete Adaptive TLBO,20260872,38,30,93.9952,23.4988,0.0,0,0,92.5,1.4,0.4,0.083,0.2394
Complete Adaptive TLBO,20260872,38,31,93.9952,23.4988,0.0,0,0,92.5,1.38,0.395,0.0783,0.2291
Complete Adaptive TLBO,20260872,38,32,94.0292,23.5031,0.0,0,0,92.5,1.36,0.39,0.0739,0.2684
Complete Adaptive TLBO,20260872,38,33,94.082,23.5139,0.0,0,0,92.5,1.34,0.385,0.0697,0.2733
Complete Adaptive TLBO,20260872,38,34,94.082,23.5205,0.0,0,0,92.5,1.32,0.38,0.0657,0.2374
Complete Adaptive TLBO,20260872,38,35,94.082,35.2807,0.0,0,0,92.5,1.3,0.375,0.062,0.1941
Complete Adaptive TLBO,20260872,38,36,94.082,58.7365,0.0,0,0,92.5,1.28,0.37,0.0585,0.1934
Complete Adaptive TLBO,20260872,38,37,94.082,70.4967,0.0,0,0,92.5,1.26,0.365,0.0553,0.1553
Complete Adaptive TLBO,20260872,38,38,94.082,82.257,0.0,0,0,92.5,1.24,0.36,0.0523,0.1536
Complete Adaptive TLBO,20260872,38,39,94.082,94.0459,93.7932,0,0,92.5,1.22,0.355,0.0495,0.1045
Complete Adaptive TLBO,20260872,38,40,94.082,94.082,94.082,0,0,92.5,1.2,0.35,0.047,0.1057
Complete Adaptive TLBO,20260872,38,41,94.082,94.082,94.082,0,0,92.5,1.18,0.345,0.0447,0.1038
Complete Adaptive TLBO,20260872,38,42,94.082,94.082,94.082,0,0,92.5,1.16,0.34,0.0427,0.0883
Complete Adaptive TLBO,20260872,38,43,94.082,94.082,94.082,0,0,92.5,1.14,0.335,0.0409,0.1076
Complete Adaptive TLBO,20260872,38,44,94.082,94.082,94.082,0,0,92.5,1.12,0.33,0.0393,0.1072
Complete Adaptive TLBO,20260872,38,45,94.082,94.082,94.082,0,0,92.5,1.1,0.325,0.038,0.0932
Complete Adaptive TLBO,20260872,38,46,94.104,94.0847,94.082,0,0,92.5,1.08,0.32,0.0369,0.1149
Complete Adaptive TLBO,20260872,38,47,94.104,94.093,94.082,0,0,92.5,1.06,0.315,0.0361,0.1254
Complete Adaptive TLBO,20260872,38,48,94.104,94.0985,94.082,0,0,92.5,1.04,0.31,0.0355,0.1477
Complete Adaptive TLBO,20260872,38,49,94.104,94.1012,94.082,0,0,92.5,1.02,0.305,0.0351,0.1315
Complete Adaptive TLBO,20260872,38,50,94.104,94.104,94.104,0,0,92.5,1.0,0.3,0.035,0.1201
Complete Adaptive TLBO,20260873,39,1,93.11,23.1625,0.0,0,0,92.5,1.98,0.545,0.3231,0.3361
Complete Adaptive TLBO,20260873,39,2,93.368,23.3098,0.0,0,0,92.5,1.96,0.54,0.3115,0.2922
Complete Adaptive TLBO,20260873,39,3,93.368,23.342,0.0,0,0,92.5,1.94,0.535,0.3001,0.2585
Complete Adaptive TLBO,20260873,39,4,93.5168,23.3606,0.0,0,0,92.5,1.92,0.53,0.2889,0.2821
Complete Adaptive TLBO,20260873,39,5,93.5168,23.3792,0.0,0,0,92.5,1.9,0.525,0.278,0.2679
Complete Adaptive TLBO,20260873,39,6,93.5168,23.3792,0.0,0,0,92.5,1.88,0.52,0.2673,0.2503
Complete Adaptive TLBO,20260873,39,7,93.5564,23.3841,0.0,0,0,92.5,1.86,0.515,0.2569,0.2734
Complete Adaptive TLBO,20260873,39,8,93.5564,46.7562,0.0,0,0,92.5,1.84,0.51,0.2467,0.257
Complete Adaptive TLBO,20260873,39,9,93.5972,23.3942,0.0,0,0,92.5,1.82,0.505,0.2367,0.2942
Complete Adaptive TLBO,20260873,39,10,93.6452,23.4053,0.0,0,0,92.5,1.8,0.5,0.227,0.272
Complete Adaptive TLBO,20260873,39,11,93.6772,23.4153,0.0,0,0,92.5,1.78,0.495,0.2175,0.2601
Complete Adaptive TLBO,20260873,39,12,93.7476,23.4281,0.0,0,0,92.5,1.76,0.49,0.2083,0.2822
Complete Adaptive TLBO,20260873,39,13,93.7476,23.4369,0.0,0,0,92.5,1.74,0.485,0.1993,0.2562
Complete Adaptive TLBO,20260873,39,14,93.7476,35.1553,0.0,0,0,92.5,1.72,0.48,0.1905,0.2466
Complete Adaptive TLBO,20260873,39,15,93.84,23.4485,0.0,0,0,92.5,1.7,0.475,0.182,0.2717
Complete Adaptive TLBO,20260873,39,16,93.8552,46.8443,0.0,0,0,92.5,1.68,0.47,0.1737,0.2711
Complete Adaptive TLBO,20260873,39,17,93.8552,23.4638,0.0,0,0,92.5,1.66,0.465,0.1657,0.2456
Complete Adaptive TLBO,20260873,39,18,93.8552,23.4638,0.0,0,0,92.5,1.64,0.46,0.1579,0.2405
Complete Adaptive TLBO,20260873,39,19,93.8552,35.1957,0.0,0,0,92.5,1.62,0.455,0.1503,0.2105
Complete Adaptive TLBO,20260873,39,20,93.8552,23.4638,0.0,0,0,92.5,1.6,0.45,0.143,0.2365
Complete Adaptive TLBO,20260873,39,21,93.8552,23.4638,0.0,0,0,92.5,1.58,0.445,0.1359,0.2471
Complete Adaptive TLBO,20260873,39,22,93.8552,23.4638,0.0,0,0,92.5,1.56,0.44,0.1291,0.2381
Complete Adaptive TLBO,20260873,39,23,93.8552,23.4638,0.0,0,0,92.5,1.54,0.435,0.1225,0.2303
Complete Adaptive TLBO,20260873,39,24,93.8552,23.4638,0.0,0,0,92.5,1.52,0.43,0.1161,0.2369
Complete Adaptive TLBO,20260873,39,25,93.8552,23.4638,0.0,0,0,92.5,1.5,0.425,0.11,0.2267
Complete Adaptive TLBO,20260873,39,26,93.8552,23.4638,0.0,0,0,92.5,1.48,0.42,0.1041,0.2328
Complete Adaptive TLBO,20260873,39,27,93.8852,23.4675,0.0,0,0,92.5,1.46,0.415,0.0985,0.2636
Complete Adaptive TLBO,20260873,39,28,93.8852,35.0648,0.0,0,0,92.5,1.44,0.41,0.0931,0.2593
Complete Adaptive TLBO,20260873,39,29,93.8852,23.4713,0.0,0,0,92.5,1.42,0.405,0.0879,0.2609
Complete Adaptive TLBO,20260873,39,30,93.8852,35.0659,0.0,0,0,92.5,1.4,0.4,0.083,0.2401
Complete Adaptive TLBO,20260873,39,31,93.8852,46.7023,0.0,0,0,92.5,1.38,0.395,0.0783,0.2623
Complete Adaptive TLBO,20260873,39,32,93.8852,23.4713,0.0,0,0,92.5,1.36,0.39,0.0739,0.2529
Complete Adaptive TLBO,20260873,39,33,93.8852,23.4713,0.0,0,0,92.5,1.34,0.385,0.0697,0.2471
Complete Adaptive TLBO,20260873,39,34,93.8852,35.1609,0.0,0,0,92.5,1.32,0.38,0.0657,0.2584
Complete Adaptive TLBO,20260873,39,35,93.8852,46.8401,0.0,0,0,92.5,1.3,0.375,0.062,0.1985
Complete Adaptive TLBO,20260873,39,36,93.8852,70.2102,0.0,0,0,92.5,1.28,0.37,0.0585,0.1898
Complete Adaptive TLBO,20260873,39,37,93.8852,81.9458,0.0,0,0,92.5,1.26,0.365,0.0553,0.1793
Complete Adaptive TLBO,20260873,39,38,93.8852,93.7107,93.0084,0,0,92.5,1.24,0.36,0.0523,0.1698
Complete Adaptive TLBO,20260873,39,39,93.8852,93.8225,93.4332,0,0,92.5,1.22,0.355,0.0495,0.1253
Complete Adaptive TLBO,20260873,39,40,93.8852,93.8852,93.8852,0,0,92.5,1.2,0.35,0.047,0.1138
Complete Adaptive TLBO,20260873,39,41,93.8852,93.8852,93.8852,0,0,92.5,1.18,0.345,0.0447,0.1046
Complete Adaptive TLBO,20260873,39,42,93.8852,93.8852,93.8852,0,0,92.5,1.16,0.34,0.0427,0.0932
Complete Adaptive TLBO,20260873,39,43,93.8852,93.8852,93.8852,0,0,92.5,1.14,0.335,0.0409,0.1072
Complete Adaptive TLBO,20260873,39,44,93.8852,93.8852,93.8852,0,0,92.5,1.12,0.33,0.0393,0.1067
Complete Adaptive TLBO,20260873,39,45,93.8852,93.8852,93.8852,0,0,92.5,1.1,0.325,0.038,0.1031
Complete Adaptive TLBO,20260873,39,46,93.8852,93.8852,93.8852,0,0,92.5,1.08,0.32,0.0369,0.1044
Complete Adaptive TLBO,20260873,39,47,93.8852,93.8852,93.8852,0,0,92.5,1.06,0.315,0.0361,0.0895
Complete Adaptive TLBO,20260873,39,48,93.8852,93.8852,93.8852,0,0,92.5,1.04,0.31,0.0355,0.104
Complete Adaptive TLBO,20260873,39,49,93.8852,93.8852,93.8852,0,0,92.5,1.02,0.305,0.0351,0.0964
Complete Adaptive TLBO,20260873,39,50,93.8852,93.8852,93.8852,0,0,92.5,1.0,0.3,0.035,0.0885
Complete Adaptive TLBO,20260874,40,1,93.262,34.8941,0.0,0,0,92.5,1.98,0.545,0.3231,0.3197
Complete Adaptive TLBO,20260874,40,2,93.262,34.9438,0.0,0,0,92.5,1.96,0.54,0.3115,0.236
Complete Adaptive TLBO,20260874,40,3,93.5288,23.3488,0.0,0,0,92.5,1.94,0.535,0.3001,0.263
Complete Adaptive TLBO,20260874,40,4,93.718,23.4059,0.0,0,0,92.5,1.92,0.53,0.2889,0.3149
Complete Adaptive TLBO,20260874,40,5,93.718,23.4295,0.0,0,0,92.5,1.9,0.525,0.278,0.2633
Complete Adaptive TLBO,20260874,40,6,93.718,23.4295,0.0,0,0,92.5,1.88,0.52,0.2673,0.2132
Complete Adaptive TLBO,20260874,40,7,93.718,35.1442,0.0,0,0,92.5,1.86,0.515,0.2569,0.221
Complete Adaptive TLBO,20260874,40,8,93.718,35.1442,0.0,0,0,92.5,1.84,0.51,0.2467,0.2248
Complete Adaptive TLBO,20260874,40,9,93.718,23.4295,0.0,0,0,92.5,1.82,0.505,0.2367,0.236
Complete Adaptive TLBO,20260874,40,10,93.718,23.4295,0.0,0,0,92.5,1.8,0.5,0.227,0.2162
Complete Adaptive TLBO,20260874,40,11,93.766,23.4415,0.0,0,0,92.5,1.78,0.495,0.2175,0.3019
Complete Adaptive TLBO,20260874,40,12,93.766,23.4415,0.0,0,0,92.5,1.76,0.49,0.2083,0.2527
Complete Adaptive TLBO,20260874,40,13,93.766,35.1623,0.0,0,0,92.5,1.74,0.485,0.1993,0.2361
Complete Adaptive TLBO,20260874,40,14,93.766,35.1623,0.0,0,0,92.5,1.72,0.48,0.1905,0.2056
Complete Adaptive TLBO,20260874,40,15,93.766,23.4415,0.0,0,0,92.5,1.7,0.475,0.182,0.2216
Complete Adaptive TLBO,20260874,40,16,93.766,23.4415,0.0,0,0,92.5,1.68,0.47,0.1737,0.2492
Complete Adaptive TLBO,20260874,40,17,93.8152,23.4477,0.0,0,0,92.5,1.66,0.465,0.1657,0.2703
Complete Adaptive TLBO,20260874,40,18,93.8152,23.4538,0.0,0,0,92.5,1.64,0.46,0.1579,0.2168
Complete Adaptive TLBO,20260874,40,19,93.8152,23.4538,0.0,0,0,92.5,1.62,0.455,0.1503,0.2208
Complete Adaptive TLBO,20260874,40,20,93.8152,23.4538,0.0,0,0,92.5,1.6,0.45,0.143,0.2148
Complete Adaptive TLBO,20260874,40,21,93.8152,23.4538,0.0,0,0,92.5,1.58,0.445,0.1359,0.2335
Complete Adaptive TLBO,20260874,40,22,93.8152,23.4538,0.0,0,0,92.5,1.56,0.44,0.1291,0.2457
Complete Adaptive TLBO,20260874,40,23,93.8152,23.4538,0.0,0,0,92.5,1.54,0.435,0.1225,0.2968
Complete Adaptive TLBO,20260874,40,24,93.8152,23.4538,0.0,0,0,92.5,1.52,0.43,0.1161,0.2432
Complete Adaptive TLBO,20260874,40,25,93.8152,23.4538,0.0,0,0,92.5,1.5,0.425,0.11,0.4752
Complete Adaptive TLBO,20260874,40,26,93.8152,23.4538,0.0,0,0,92.5,1.48,0.42,0.1041,0.8068
Complete Adaptive TLBO,20260874,40,27,93.8152,23.4538,0.0,0,0,92.5,1.46,0.415,0.0985,0.4661
Complete Adaptive TLBO,20260874,40,28,93.8152,23.4538,0.0,0,0,92.5,1.44,0.41,0.0931,0.2633
Complete Adaptive TLBO,20260874,40,29,93.8152,23.4538,0.0,0,0,92.5,1.42,0.405,0.0879,0.2903
Complete Adaptive TLBO,20260874,40,30,93.8152,23.4538,0.0,0,0,92.5,1.4,0.4,0.083,0.3021
Complete Adaptive TLBO,20260874,40,31,93.8152,23.4538,0.0,0,0,92.5,1.38,0.395,0.0783,0.3715
Complete Adaptive TLBO,20260874,40,32,93.8272,35.0863,0.0,0,0,92.5,1.36,0.39,0.0739,0.2923
Complete Adaptive TLBO,20260874,40,33,93.8272,35.1409,0.0,0,0,92.5,1.34,0.385,0.0697,0.2414
Complete Adaptive TLBO,20260874,40,34,93.884,35.148,0.0,0,0,92.5,1.32,0.38,0.0657,0.2365
Complete Adaptive TLBO,20260874,40,35,93.884,58.5104,0.0,0,0,92.5,1.3,0.375,0.062,0.1838
Complete Adaptive TLBO,20260874,40,36,93.884,70.2865,0.0,0,0,92.5,1.28,0.37,0.0585,0.185
Complete Adaptive TLBO,20260874,40,37,93.884,82.022,0.0,0,0,92.5,1.26,0.365,0.0553,0.1786
Complete Adaptive TLBO,20260874,40,38,93.914,93.7906,93.4724,0,0,92.5,1.24,0.36,0.0523,0.154
Complete Adaptive TLBO,20260874,40,39,93.9312,93.848,93.5188,0,0,92.5,1.22,0.355,0.0495,0.1773
Complete Adaptive TLBO,20260874,40,40,93.9312,93.8996,93.884,0,0,92.5,1.2,0.35,0.047,0.1666
Complete Adaptive TLBO,20260874,40,41,93.95,93.91,93.884,0,0,92.5,1.18,0.345,0.0447,0.1681
Complete Adaptive TLBO,20260874,40,42,93.95,93.9183,93.884,0,0,92.5,1.16,0.34,0.0427,0.1809
Complete Adaptive TLBO,20260874,40,43,93.95,93.9266,93.884,0,0,92.5,1.14,0.335,0.0409,0.1575
Complete Adaptive TLBO,20260874,40,44,93.95,93.9348,93.884,0,0,92.5,1.12,0.33,0.0393,0.1533
Complete Adaptive TLBO,20260874,40,45,93.95,93.943,93.9312,0,0,92.5,1.1,0.325,0.038,0.1355
Complete Adaptive TLBO,20260874,40,46,93.95,93.9477,93.932,0,0,92.5,1.08,0.32,0.0369,0.1453
Complete Adaptive TLBO,20260874,40,47,93.95,93.95,93.95,0,0,92.5,1.06,0.315,0.0361,0.1267
Complete Adaptive TLBO,20260874,40,48,93.95,93.95,93.95,0,0,92.5,1.04,0.31,0.0355,0.1143
Complete Adaptive TLBO,20260874,40,49,93.95,93.95,93.95,0,0,92.5,1.02,0.305,0.0351,0.1074
Complete Adaptive TLBO,20260874,40,50,93.95,93.95,93.95,0,0,92.5,1.0,0.3,0.035,0.1002
