Experiment,Mean Fitness,Median Fitness,Std Dev,Variance,Best Fitness,Worst Fitness,Average Time,Average Faculty Satisfaction,Average Conflicts,Average Constraint Violation Score,Improvement over Base TLBO (%)
Base TLBO,56.33944,56.3272,0.18706473745738547,0.034993216000000556,56.7124,56.068,5.588006589999713,63.625,0.0,0.0,0.0
TLBO + Dynamic Priority,73.23096000000001,73.2368,0.10094508077828024,0.010189909333333523,73.374,73.0616,4300.901062269999,62.625,0.0,0.0,29.981696658681734
TLBO + Dynamic Priority + Faculty Satisfaction,93.83632,93.86500000000001,0.11030927028636611,0.012168135111110574,93.978,93.6508,128.66008397000115,92.5,0.0,0.0,66.55529412432924
Complete Adaptive TLBO,93.90299999999999,93.8886,0.059386867235101545,0.0035267999999995772,93.994,93.8052,65.2075829399968,92.5,0.0,0.0,66.67364815837713
